product_id,product_name,category,brand,unit_price,weight_kg,supplier,reorder_level,is_active
PROD000001,Storage Box,Home & Kitchen,Urban,47937.61,12.23,SUP0112,83,True
PROD000002,T-Shirt,Fashion,Max,60833.7,2.31,SUP0001,35,True
PROD000003,Running Shoes,Sports,Urban,29939.11,23.03,SUP0132,8,True
PROD000004,Kurta,Fashion,Max,18400.36,20.84,SUP0011,58,False
PROD000005,Dry Fruits,Grocery,Value,36043.51,25.72,SUP0175,11,True
PROD000006,Sneakers,Fashion,Elite,12214.31,27.79,SUP0137,82,True
PROD000007,Backpack,Accessories,Elite,16641.24,17.41,SUP0399,86,True
PROD000008,Cricket Bat,Sports,Pro,5186.33,19.79,SUP0154,24,True
PROD000009,T-Shirt,Fashion,Value,38953.66,0.24,SUP0009,88,True
PROD000010,Mixer Grinder,Home & Kitchen,Max,30506.15,26.89,SUP0200,38,True
PROD000011,Business Book,Books,Urban,80949.28,8.32,SUP0218,52,True
PROD000012,Coffee,Grocery,Prime,7525.9,25.09,SUP0402,14,True
PROD000013,Cricket Bat,Sports,Elite,20060.4,19.26,SUP0321,32,False
PROD000014,T-Shirt,Fashion,Prime,7971.29,17.28,SUP0474,49,True
PROD000015,T-Shirt,Fashion,Elite,54784.07,2.27,SUP0287,88,True
PROD000016,Air Fryer,Home & Kitchen,Prime,48642.45,29.96,SUP0054,91,True
PROD000017,Backpack,Accessories,Elite,41285.6,24.35,SUP0178,63,True
PROD000018,Fiction Novel,Books,Max,29942.02,14.83,SUP0076,44,True
PROD000019,Wireless Earbuds,Electronics,Value,22382.59,1.52,SUP0387,24,False
PROD000020,Exam Preparation Book,Books,Pro,95402.94,24.63,SUP0245,56,True
PROD000021,Smartphone,Electronics,Nova,37427.98,1.96,SUP0457,17,True
PROD000022,Jeans,Fashion,Prime,6955.55,5.52,SUP0301,68,True
PROD000023,Shampoo,Beauty,Prime,31195.72,15.1,SUP0266,45,True
PROD000024,Storage Box,Home & Kitchen,Value,51241.97,27.83,SUP0235,52,True
PROD000025,Phone Case,Accessories,Prime,36896.98,27.46,SUP0202,7,True
PROD000026,Bluetooth Speaker,Electronics,Prime,37440.97,28.23,SUP0070,92,True
PROD000027,Cooking Oil,Grocery,Max,50926.7,5.89,SUP0430,85,True
PROD000028,Cricket Bat,Sports,Urban,2611.45,0.91,SUP0067,73,True
PROD000029,Sunscreen,Beauty,Max,68776.8,0.79,SUP0160,25,True
PROD000030,Belt,Accessories,Urban,60676.68,9.84,SUP0235,67,True
PROD000031,Kurta,Fashion,Prime,88610.59,10.82,SUP0491,53,True
PROD000032,Belt,Accessories,Elite,70326.41,11.58,SUP0270,10,True
PROD000033,Water Bottle,Home & Kitchen,Max,26384.54,17.36,SUP0170,80,True
PROD000034,Laptop,Electronics,Max,8035.84,0.54,SUP0211,86,True
PROD000035,Tea,Grocery,Value,61155.9,21.71,SUP0348,8,True
PROD000036,Sunscreen,Beauty,Prime,7859.18,12.59,SUP0097,32,True
PROD000037,Jacket,Fashion,Max,18946.39,16.32,SUP0200,66,True
PROD000038,Sunscreen,Beauty,Prime,70617.48,20.12,SUP0080,72,False
PROD000039,Face Wash,Beauty,Value,31282.91,18.27,SUP0184,52,True
PROD000040,Sunglasses,Accessories,Max,48179.45,13.14,SUP0028,80,True
PROD000041,Data Science Book,Books,Prime,65576.17,2.28,SUP0500,90,True
PROD000042,Exam Preparation Book,Books,Prime,31245.98,15.81,SUP0159,87,True
PROD000043,Wallet,Accessories,Elite,93552.96,26.73,SUP0440,10,True
PROD000044,Mixer Grinder,Home & Kitchen,Urban,10134.14,6.08,SUP0099,49,True
PROD000045,Business Book,Books,Prime,60215.7,10.39,SUP0083,92,True
PROD000046,Jacket,Fashion,Max,64258.19,15.52,SUP0323,34,False
PROD000047,Shampoo,Beauty,Prime,91360.11,15.15,SUP0207,50,True
PROD000048,Kurta,Fashion,Nova,72433.11,28.41,SUP0426,15,True
PROD000049,Wireless Earbuds,Electronics,Elite,41501.14,16.39,SUP0198,80,True
PROD000050,Phone Case,Accessories,Nova,19678.34,1.44,SUP0500,68,True
PROD000051,Air Fryer,Home & Kitchen,Elite,17308.2,23.32,SUP0392,9,True
PROD000052,Smart Watch,Electronics,Urban,5642.96,29.76,SUP0449,70,True
PROD000053,Backpack,Accessories,Elite,67863.54,20.89,SUP0002,17,True
PROD000054,Wheat Flour,Grocery,Elite,92246.21,7.91,SUP0152,100,True
PROD000055,Shampoo,Beauty,Max,28842.17,26.7,SUP0331,14,True
PROD000056,Storage Box,Home & Kitchen,Max,2248.82,24.81,SUP0448,45,True
PROD000057,Dry Fruits,Grocery,Nova,1192.8,11.11,SUP0413,90,True
PROD000058,Storage Box,Home & Kitchen,Pro,51927.25,27.35,SUP0082,38,True
PROD000059,Coffee,Grocery,Pro,50713.15,1.29,SUP0306,92,True
PROD000060,Football,Sports,Pro,39234.36,5.13,SUP0302,91,True
PROD000061,Dry Fruits,Grocery,Pro,43102.06,1.44,SUP0268,9,True
PROD000062,Cooking Oil,Grocery,Urban,14380.99,3.68,SUP0415,40,True
PROD000063,Backpack,Accessories,Urban,27685.45,7.35,SUP0007,44,True
PROD000064,Sunscreen,Beauty,Elite,84314.76,12.18,SUP0417,88,True
PROD000065,Tablet,Electronics,Value,94692.1,6.67,SUP0305,35,True
PROD000066,Yoga Mat,Sports,Max,64077.4,4.52,SUP0120,15,True
PROD000067,Dry Fruits,Grocery,Pro,4675.94,26.12,SUP0463,51,True
PROD000068,Bedsheet,Home & Kitchen,Pro,64095.9,13.38,SUP0257,18,True
PROD000069,T-Shirt,Fashion,Max,66085.1,17.83,SUP0321,89,True
PROD000070,Formal Shirt,Fashion,Urban,95349.11,29.47,SUP0251,6,True
PROD000071,Phone Case,Accessories,Pro,47072.06,22.2,SUP0152,23,False
PROD000072,Bluetooth Speaker,Electronics,Nova,40095.81,15.75,SUP0478,93,True
PROD000073,Jeans,Fashion,Max,71117.31,28.58,SUP0324,28,True
PROD000074,Sunglasses,Accessories,Nova,65621.02,11.43,SUP0282,66,True
PROD000075,Data Science Book,Books,Urban,39829.09,15.38,SUP0148,56,False
PROD000076,Smartphone,Electronics,Nova,14597.58,28.78,SUP0317,42,True
PROD000077,Smartphone,Electronics,Urban,29130.46,20.32,SUP0075,12,True
PROD000078,Wheat Flour,Grocery,Urban,93402.01,7.41,SUP0146,43,True
PROD000079,Fiction Novel,Books,Max,14119.39,6.52,SUP0033,80,True
PROD000080,Smartphone,Electronics,Nova,82031.4,4.12,SUP0203,45,True
PROD000081,Water Bottle,Home & Kitchen,Pro,83092.48,9.4,SUP0226,10,True
PROD000082,Fiction Novel,Books,Urban,56509.6,14.9,SUP0366,72,True
PROD000083,Moisturizer,Beauty,Value,29861.84,22.3,SUP0187,57,True
PROD000084,Football,Sports,Value,31720.65,25.19,SUP0178,22,True
PROD000085,T-Shirt,Fashion,Pro,10590.69,18.8,SUP0221,35,True
PROD000086,Perfume,Beauty,Pro,92142.19,22.02,SUP0103,94,True
PROD000087,Wireless Earbuds,Electronics,Pro,3396.34,0.17,SUP0376,28,True
PROD000088,Dry Fruits,Grocery,Max,36789.73,29.17,SUP0081,10,True
PROD000089,Tea,Grocery,Nova,45732.68,23.34,SUP0135,53,True
PROD000090,Belt,Accessories,Nova,47948.65,6.35,SUP0484,5,True
PROD000091,Sneakers,Fashion,Pro,51607.06,7.5,SUP0030,93,True
PROD000092,Jacket,Fashion,Prime,70048.22,18.85,SUP0075,50,True
PROD000093,Jeans,Fashion,Prime,34009.64,1.59,SUP0210,58,True
PROD000094,Wheat Flour,Grocery,Value,68543.05,11.68,SUP0098,55,True
PROD000095,Wireless Earbuds,Electronics,Prime,12618.41,23.73,SUP0357,55,True
PROD000096,Wheat Flour,Grocery,Urban,57266.49,19.59,SUP0355,83,True
PROD000097,Data Science Book,Books,Prime,62572.33,8.11,SUP0053,60,True
PROD000098,Kurta,Fashion,Max,25761.62,4.92,SUP0476,60,True
PROD000099,T-Shirt,Fashion,Prime,82204.1,4.28,SUP0251,73,True
PROD000100,Business Book,Books,Urban,29875.33,12.91,SUP0110,24,True
PROD000101,Perfume,Beauty,Prime,48916.74,17.64,SUP0169,78,True
PROD000102,Formal Shirt,Fashion,Max,67016.47,22.07,SUP0353,47,True
PROD000103,Smart Watch,Electronics,Urban,10374.96,6.38,SUP0270,97,True
PROD000104,Kurta,Fashion,Urban,15251.06,21.58,SUP0343,8,True
PROD000105,Cooking Oil,Grocery,Pro,8271.25,9.58,SUP0426,92,True
PROD000106,Moisturizer,Beauty,Prime,78450.46,17.42,SUP0354,22,True
PROD000107,Moisturizer,Beauty,Value,65317.91,13.71,SUP0390,81,True
PROD000108,Exam Preparation Book,Books,Max,99658.17,7.12,SUP0439,42,True
PROD000109,Tea,Grocery,Elite,544.73,18.78,SUP0445,34,True
PROD000110,Coffee,Grocery,Value,30882.87,9.79,SUP0169,45,True
PROD000111,Smart Watch,Electronics,Urban,39015.88,12.2,SUP0425,5,True
PROD000112,Bluetooth Speaker,Electronics,Max,52178.59,12.27,SUP0464,49,True
PROD000113,Shampoo,Beauty,Prime,10651.75,16.53,SUP0315,56,True
PROD000114,Phone Case,Accessories,Prime,55694.57,18.83,SUP0225,28,True
PROD000115,Fiction Novel,Books,Max,40909.03,4.59,SUP0458,12,True
PROD000116,Tablet,Electronics,Max,70917.26,14.74,SUP0480,75,True
PROD000117,Cooking Oil,Grocery,Pro,970.83,21.96,SUP0230,82,True
PROD000118,Air Fryer,Home & Kitchen,Prime,88350.07,10.29,SUP0358,27,True
PROD000119,Rice,Grocery,Elite,10406.99,4.1,SUP0023,17,True
PROD000120,T-Shirt,Fashion,Max,2432.94,24.24,SUP0455,5,True
PROD000121,Dry Fruits,Grocery,Value,65872.7,26.89,SUP0084,93,True
PROD000122,Smart Watch,Electronics,Value,45359.07,14.87,SUP0093,90,True
PROD000123,Wireless Earbuds,Electronics,Urban,19817.64,23.12,SUP0315,23,True
PROD000124,Shampoo,Beauty,Urban,27940.14,25.38,SUP0130,45,True
PROD000125,Cookware Set,Home & Kitchen,Pro,30013.71,8.96,SUP0266,70,True
PROD000126,Kurta,Fashion,Prime,30409.89,24.93,SUP0332,88,True
PROD000127,Wheat Flour,Grocery,Pro,97852.62,7.94,SUP0352,90,True
PROD000128,Backpack,Accessories,Elite,62817.75,20.55,SUP0384,98,True
PROD000129,Smartphone,Electronics,Max,10760.51,17.86,SUP0494,93,True
PROD000130,Formal Shirt,Fashion,Elite,20308.07,1.42,SUP0491,23,True
PROD000131,Rice,Grocery,Nova,32342.55,25.17,SUP0145,71,True
PROD000132,Dumbbells,Sports,Max,99511.38,29.39,SUP0017,91,True
PROD000133,Kurta,Fashion,Prime,14261.83,2.39,SUP0232,41,True
PROD000134,Bluetooth Speaker,Electronics,Elite,30402.01,8.6,SUP0227,26,True
PROD000135,Dry Fruits,Grocery,Value,80966.23,1.4,SUP0001,28,True
PROD000136,Jacket,Fashion,Urban,73361.88,15.6,SUP0091,30,True
PROD000137,Exam Preparation Book,Books,Value,8534.14,1.75,SUP0456,17,True
PROD000138,Wireless Earbuds,Electronics,Urban,20881.34,5.8,SUP0035,72,True
PROD000139,Mixer Grinder,Home & Kitchen,Max,39317.1,2.88,SUP0055,41,True
PROD000140,Sunglasses,Accessories,Nova,14162.55,28.67,SUP0055,44,True
PROD000141,T-Shirt,Fashion,Max,47979.72,0.42,SUP0099,87,True
PROD000142,Sunglasses,Accessories,Nova,96891.79,27.15,SUP0339,6,True
PROD000143,Air Fryer,Home & Kitchen,Prime,76476.66,28.15,SUP0011,95,True
PROD000144,Rice,Grocery,Pro,92951.65,2.01,SUP0228,58,True
PROD000145,T-Shirt,Fashion,Pro,91084.08,12.54,SUP0320,59,True
PROD000146,Wireless Earbuds,Electronics,Urban,11068.5,18.2,SUP0097,36,True
PROD000147,Wireless Earbuds,Electronics,Max,61173.12,25.19,SUP0246,64,True
PROD000148,Dry Fruits,Grocery,Max,24101.54,23.38,SUP0288,74,True
PROD000149,Water Bottle,Home & Kitchen,Prime,2830.1,27.88,SUP0299,90,True
PROD000150,Coffee,Grocery,Max,3215.07,17.53,SUP0318,95,True
PROD000151,Laptop,Electronics,Elite,51968.46,18.64,SUP0011,21,True
PROD000152,Fiction Novel,Books,Value,25019.82,25.47,SUP0302,41,True
PROD000153,Tea,Grocery,Urban,68741.61,9.08,SUP0452,52,True
PROD000154,Programming Book,Books,Nova,29957.61,21.18,SUP0488,59,True
PROD000155,Jacket,Fashion,Max,76524.07,22.78,SUP0287,51,True
PROD000156,T-Shirt,Fashion,Pro,36000.7,26.95,SUP0111,34,True
PROD000157,Football,Sports,Elite,81092.64,21.53,SUP0229,68,True
PROD000158,T-Shirt,Fashion,Urban,56174.39,28.56,SUP0236,21,True
PROD000159,Laptop,Electronics,Max,13353.48,15.57,SUP0222,72,True
PROD000160,Wallet,Accessories,Nova,51914.02,20.28,SUP0045,39,True
PROD000161,Dry Fruits,Grocery,Pro,16704.36,28.24,SUP0450,70,True
PROD000162,T-Shirt,Fashion,Elite,10236.09,0.46,SUP0338,12,True
PROD000163,Bluetooth Speaker,Electronics,Value,87422.82,5.36,SUP0317,90,True
PROD000164,Backpack,Accessories,Value,60277.19,2.35,SUP0112,54,True
PROD000165,Jacket,Fashion,Prime,25523.78,11.4,SUP0497,87,True
PROD000166,Air Fryer,Home & Kitchen,Max,76501.4,8.97,SUP0334,50,True
PROD000167,Yoga Mat,Sports,Pro,692.11,8.13,SUP0229,98,True
PROD000168,Belt,Accessories,Value,89764.45,17.92,SUP0449,51,True
PROD000169,Jeans,Fashion,Value,50130.99,0.99,SUP0325,83,True
PROD000170,Sneakers,Fashion,Urban,15905.14,2.31,SUP0036,54,True
PROD000171,Mixer Grinder,Home & Kitchen,Urban,21522.81,23.11,SUP0371,35,True
PROD000172,Exam Preparation Book,Books,Nova,46710.56,1.13,SUP0014,20,True
PROD000173,Water Bottle,Home & Kitchen,Pro,10892.81,15.15,SUP0193,74,True
PROD000174,Wireless Earbuds,Electronics,Elite,14615.98,29.62,SUP0427,93,True
PROD000175,T-Shirt,Fashion,Elite,68916.88,25.14,SUP0218,24,True
PROD000176,Formal Shirt,Fashion,Pro,33340.94,27.1,SUP0184,35,False
PROD000177,Phone Case,Accessories,Pro,1877.63,13.98,SUP0338,86,True
PROD000178,Water Bottle,Home & Kitchen,Value,77161.54,0.25,SUP0197,51,True
PROD000179,Business Book,Books,Elite,10256.21,6.03,SUP0186,42,False
PROD000180,Formal Shirt,Fashion,Pro,66716.98,13.59,SUP0483,44,True
PROD000181,Data Science Book,Books,Elite,34214.32,17.49,SUP0403,20,True
PROD000182,Dumbbells,Sports,Value,19721.67,11.52,SUP0121,8,True
PROD000183,Football,Sports,Urban,85290.26,12.93,SUP0091,70,True
PROD000184,Moisturizer,Beauty,Urban,46489.16,21.48,SUP0001,53,True
PROD000185,Storage Box,Home & Kitchen,Max,61975.53,6.35,SUP0296,100,True
PROD000186,Data Science Book,Books,Max,99491.84,21.43,SUP0426,75,True
PROD000187,Smartphone,Electronics,Elite,83883.78,28.68,SUP0392,68,True
PROD000188,Storage Box,Home & Kitchen,Prime,21348.58,28.98,SUP0447,7,True
PROD000189,Bedsheet,Home & Kitchen,Nova,75873.63,1.2,SUP0160,12,True
PROD000190,Kurta,Fashion,Urban,92406.67,16.76,SUP0134,43,True
PROD000191,Jacket,Fashion,Urban,55294.2,7.37,SUP0351,39,True
PROD000192,Tea,Grocery,Pro,42624.35,10.35,SUP0149,41,True
PROD000193,Phone Case,Accessories,Urban,89239.98,0.6,SUP0306,7,True
PROD000194,Cricket Bat,Sports,Value,59913.49,22.39,SUP0229,96,True
PROD000195,Wireless Earbuds,Electronics,Prime,68947.8,25.66,SUP0326,26,True
PROD000196,Face Wash,Beauty,Pro,99378.46,11.36,SUP0253,58,True
PROD000197,Exam Preparation Book,Books,Urban,6961.21,2.13,SUP0246,28,True
PROD000198,Moisturizer,Beauty,Nova,46742.4,28.21,SUP0406,11,True
PROD000199,Football,Sports,Prime,17118.5,23.54,SUP0357,43,True
PROD000200,Shampoo,Beauty,Prime,51321.48,18.26,SUP0493,92,False
PROD000201,Fiction Novel,Books,Urban,67515.86,3.39,SUP0132,65,True
PROD000202,Cooking Oil,Grocery,Urban,85751.1,27.54,SUP0382,23,True
PROD000203,Backpack,Accessories,Pro,80534.71,9.65,SUP0004,98,True
PROD000204,Phone Case,Accessories,Nova,2665.67,23.33,SUP0053,87,True
PROD000205,Jeans,Fashion,Elite,27771.13,22.38,SUP0375,61,True
PROD000206,Mixer Grinder,Home & Kitchen,Value,92000.93,3.97,SUP0131,89,True
PROD000207,Face Wash,Beauty,Value,54817.45,7.38,SUP0046,40,True
PROD000208,Data Science Book,Books,Elite,46866.39,24.28,SUP0044,87,True
PROD000209,Sunscreen,Beauty,Nova,75562.88,8.97,SUP0366,44,True
PROD000210,Laptop,Electronics,Prime,23355.41,19.07,SUP0166,94,True
PROD000211,Water Bottle,Home & Kitchen,Pro,86918.46,24.1,SUP0272,68,True
PROD000212,Bluetooth Speaker,Electronics,Prime,23740.92,27.03,SUP0025,90,True
PROD000213,Coffee,Grocery,Elite,39769.38,0.71,SUP0043,7,True
PROD000214,Moisturizer,Beauty,Urban,85502.11,0.27,SUP0424,14,True
PROD000215,Wheat Flour,Grocery,Pro,41234.31,18.42,SUP0158,26,True
PROD000216,Coffee,Grocery,Elite,11688.43,12.08,SUP0329,64,False
PROD000217,Fiction Novel,Books,Elite,40476.37,2.53,SUP0078,61,True
PROD000218,Tablet,Electronics,Elite,4387.53,4.03,SUP0052,76,True
PROD000219,Smartphone,Electronics,Elite,99551.3,27.9,SUP0462,32,True
PROD000220,Tea,Grocery,Pro,31446.32,14.35,SUP0105,58,True
PROD000221,Cooking Oil,Grocery,Max,41193.68,7.44,SUP0151,39,True
PROD000222,Smart Watch,Electronics,Prime,66499.87,16.4,SUP0380,93,True
PROD000223,Tea,Grocery,Value,86836.53,26.09,SUP0197,71,True
PROD000224,Air Fryer,Home & Kitchen,Prime,68847.72,4.09,SUP0014,71,True
PROD000225,Cooking Oil,Grocery,Nova,2627.52,29.4,SUP0004,48,True
PROD000226,Tablet,Electronics,Pro,32952.41,20.94,SUP0296,25,True
PROD000227,Smartphone,Electronics,Urban,94442.19,17.59,SUP0374,37,True
PROD000228,Air Fryer,Home & Kitchen,Pro,61824.47,10.17,SUP0201,95,True
PROD000229,Bluetooth Speaker,Electronics,Pro,81472.17,3.88,SUP0421,36,True
PROD000230,Formal Shirt,Fashion,Pro,8619.88,2.13,SUP0404,26,True
PROD000231,Air Fryer,Home & Kitchen,Value,75341.57,1.52,SUP0121,17,True
PROD000232,Bedsheet,Home & Kitchen,Urban,98100.22,19.77,SUP0328,26,True
PROD000233,Jeans,Fashion,Prime,95835.48,2.92,SUP0422,81,True
PROD000234,Wireless Earbuds,Electronics,Urban,31343.74,12.76,SUP0101,82,True
PROD000235,Jeans,Fashion,Urban,56004.81,29.19,SUP0111,10,False
PROD000236,Sunglasses,Accessories,Max,38881.61,6.85,SUP0166,75,True
PROD000237,Kurta,Fashion,Prime,64950.9,18.22,SUP0348,93,True
PROD000238,Smartphone,Electronics,Value,23322.64,2.13,SUP0376,42,True
PROD000239,Sneakers,Fashion,Elite,49282.16,28.48,SUP0094,73,True
PROD000240,Belt,Accessories,Value,86071.98,6.94,SUP0088,90,True
PROD000241,Sneakers,Fashion,Elite,26325.0,17.66,SUP0252,54,True
PROD000242,Rice,Grocery,Value,58261.61,13.47,SUP0445,8,True
PROD000243,Moisturizer,Beauty,Elite,89217.25,3.61,SUP0412,58,True
PROD000244,Yoga Mat,Sports,Elite,35366.33,1.45,SUP0314,8,True
PROD000245,Tablet,Electronics,Max,34619.61,14.15,SUP0096,72,True
PROD000246,Yoga Mat,Sports,Nova,51066.75,21.25,SUP0135,75,True
PROD000247,Sneakers,Fashion,Nova,6758.06,25.54,SUP0304,65,True
PROD000248,Coffee,Grocery,Urban,14818.49,9.23,SUP0325,87,True
PROD000249,Smart Watch,Electronics,Pro,78974.06,11.0,SUP0175,28,True
PROD000250,Smart Watch,Electronics,Prime,10015.72,6.06,SUP0085,61,True
PROD000251,Cooking Oil,Grocery,Pro,36375.67,29.82,SUP0461,78,True
PROD000252,Formal Shirt,Fashion,Prime,35501.79,15.45,SUP0385,58,True
PROD000253,Dry Fruits,Grocery,Prime,53388.02,20.72,SUP0234,14,True
PROD000254,Sunscreen,Beauty,Prime,45685.52,17.74,SUP0094,12,True
PROD000255,Moisturizer,Beauty,Value,53715.81,24.3,SUP0082,11,True
PROD000256,Business Book,Books,Urban,63555.05,18.42,SUP0115,36,True
PROD000257,Rice,Grocery,Prime,87624.68,14.04,SUP0392,31,True
PROD000258,Wireless Earbuds,Electronics,Prime,91960.01,26.49,SUP0416,43,True
PROD000259,Dry Fruits,Grocery,Pro,1245.79,2.85,SUP0268,18,True
PROD000260,Tea,Grocery,Value,27305.99,6.34,SUP0493,6,True
PROD000261,Tea,Grocery,Pro,67973.27,20.53,SUP0238,30,True
PROD000262,Sunglasses,Accessories,Value,59582.7,13.93,SUP0179,67,True
PROD000263,Sneakers,Fashion,Value,55560.24,7.84,SUP0042,38,True
PROD000264,Tea,Grocery,Prime,48053.62,29.27,SUP0132,52,True
PROD000265,Exam Preparation Book,Books,Urban,64105.82,13.59,SUP0454,38,True
PROD000266,Jeans,Fashion,Prime,5452.06,20.99,SUP0409,83,True
PROD000267,Yoga Mat,Sports,Nova,19876.49,14.9,SUP0285,85,True
PROD000268,Kurta,Fashion,Value,38708.29,9.4,SUP0014,28,True
PROD000269,Jacket,Fashion,Prime,6117.45,3.25,SUP0396,82,True
PROD000270,Running Shoes,Sports,Max,78863.39,8.18,SUP0426,74,True
PROD000271,Air Fryer,Home & Kitchen,Urban,29272.01,4.1,SUP0333,35,True
PROD000272,Business Book,Books,Elite,35661.08,5.44,SUP0408,62,True
PROD000273,Football,Sports,Elite,43919.75,3.93,SUP0437,48,True
PROD000274,Dumbbells,Sports,Pro,33135.4,13.73,SUP0377,29,True
PROD000275,Dumbbells,Sports,Pro,69728.09,27.74,SUP0189,24,True
PROD000276,Kurta,Fashion,Max,84515.52,25.31,SUP0330,85,True
PROD000277,Football,Sports,Max,65411.21,22.59,SUP0257,27,True
PROD000278,Coffee,Grocery,Prime,10900.66,22.69,SUP0072,72,True
PROD000279,Perfume,Beauty,Prime,82088.15,7.39,SUP0323,50,True
PROD000280,Backpack,Accessories,Max,66373.47,16.35,SUP0090,23,True
PROD000281,Fiction Novel,Books,Prime,84642.62,26.84,SUP0053,73,True
PROD000282,Moisturizer,Beauty,Max,51884.08,21.11,SUP0387,91,True
PROD000283,Wallet,Accessories,Prime,8438.85,24.99,SUP0449,13,True
PROD000284,Smart Watch,Electronics,Urban,936.92,25.63,SUP0057,45,True
PROD000285,Rice,Grocery,Max,97180.92,29.27,SUP0428,92,True
PROD000286,Shampoo,Beauty,Pro,79860.99,1.34,SUP0311,21,True
PROD000287,Fiction Novel,Books,Prime,74145.66,16.69,SUP0396,78,True
PROD000288,Running Shoes,Sports,Max,1037.18,14.16,SUP0276,46,True
PROD000289,Dumbbells,Sports,Urban,6343.96,13.47,SUP0126,59,True
PROD000290,Exam Preparation Book,Books,Nova,3240.96,5.83,SUP0433,32,True
PROD000291,Tablet,Electronics,Urban,28682.24,11.11,SUP0218,16,True
PROD000292,Smart Watch,Electronics,Pro,70239.82,6.24,SUP0143,36,True
PROD000293,Formal Shirt,Fashion,Prime,36468.25,11.33,SUP0432,27,True
PROD000294,Belt,Accessories,Elite,70567.33,1.09,SUP0237,88,True
PROD000295,Mixer Grinder,Home & Kitchen,Prime,35356.4,19.82,SUP0335,50,True
PROD000296,Smartphone,Electronics,Nova,23691.5,21.88,SUP0456,29,True
PROD000297,Perfume,Beauty,Prime,84035.95,2.91,SUP0115,89,True
PROD000298,Football,Sports,Pro,64726.27,5.74,SUP0492,45,True
PROD000299,Jeans,Fashion,Prime,94620.06,25.08,SUP0389,62,True
PROD000300,Sunscreen,Beauty,Value,10946.07,24.38,SUP0088,68,True
PROD000301,Smart Watch,Electronics,Elite,39699.46,14.17,SUP0185,83,True
PROD000302,Sunscreen,Beauty,Pro,62628.91,9.72,SUP0051,20,True
PROD000303,Air Fryer,Home & Kitchen,Value,57184.67,21.53,SUP0102,17,True
PROD000304,Tea,Grocery,Pro,32561.72,14.99,SUP0308,90,True
PROD000305,Belt,Accessories,Nova,46457.36,17.59,SUP0178,76,True
PROD000306,Cooking Oil,Grocery,Urban,34423.83,8.89,SUP0112,88,True
PROD000307,Formal Shirt,Fashion,Elite,4232.79,7.07,SUP0061,43,True
PROD000308,Exam Preparation Book,Books,Max,85282.65,12.83,SUP0480,15,True
PROD000309,Kurta,Fashion,Nova,63490.98,13.27,SUP0408,20,True
PROD000310,Storage Box,Home & Kitchen,Nova,8267.02,7.3,SUP0352,8,True
PROD000311,Cookware Set,Home & Kitchen,Urban,82324.72,3.71,SUP0143,29,True
PROD000312,Moisturizer,Beauty,Max,1734.99,27.29,SUP0153,63,True
PROD000313,Cookware Set,Home & Kitchen,Max,84754.3,17.29,SUP0316,24,True
PROD000314,Water Bottle,Home & Kitchen,Max,26862.69,9.8,SUP0362,65,True
PROD000315,Mixer Grinder,Home & Kitchen,Max,67391.44,22.69,SUP0162,95,True
PROD000316,Mixer Grinder,Home & Kitchen,Max,26685.59,28.47,SUP0345,75,True
PROD000317,Dry Fruits,Grocery,Urban,6124.78,2.7,SUP0175,35,True
PROD000318,Cooking Oil,Grocery,Pro,74625.39,2.03,SUP0311,37,True
PROD000319,Wireless Earbuds,Electronics,Prime,92275.68,8.85,SUP0097,98,False
PROD000320,Yoga Mat,Sports,Value,15463.66,14.28,SUP0350,74,True
PROD000321,Tea,Grocery,Value,33356.54,2.14,SUP0068,23,True
PROD000322,Bedsheet,Home & Kitchen,Nova,5593.67,29.11,SUP0028,8,True
PROD000323,Jacket,Fashion,Elite,37148.64,27.54,SUP0241,79,True
PROD000324,Cooking Oil,Grocery,Pro,61541.46,7.02,SUP0184,84,True
PROD000325,Data Science Book,Books,Value,31032.43,10.26,SUP0144,58,True
PROD000326,Football,Sports,Pro,42211.09,15.41,SUP0270,53,True
PROD000327,Water Bottle,Home & Kitchen,Max,57985.8,29.51,SUP0436,6,True
PROD000328,Kurta,Fashion,Nova,96860.33,3.93,SUP0035,94,True
PROD000329,Jacket,Fashion,Nova,54019.23,0.21,SUP0239,90,True
PROD000330,Sneakers,Fashion,Pro,60920.03,6.63,SUP0482,8,True
PROD000331,Tablet,Electronics,Max,51158.64,3.71,SUP0276,46,False
PROD000332,Tea,Grocery,Prime,59807.02,19.82,SUP0096,75,True
PROD000333,Water Bottle,Home & Kitchen,Value,92955.07,28.11,SUP0191,72,True
PROD000334,Formal Shirt,Fashion,Elite,3895.61,6.54,SUP0315,14,True
PROD000335,Bluetooth Speaker,Electronics,Elite,85697.2,7.61,SUP0500,94,True
PROD000336,Yoga Mat,Sports,Pro,38891.48,14.19,SUP0494,69,True
PROD000337,Moisturizer,Beauty,Urban,27573.93,0.12,SUP0118,75,True
PROD000338,Cooking Oil,Grocery,Nova,8042.7,10.19,SUP0297,64,True
PROD000339,Face Wash,Beauty,Max,60207.69,19.94,SUP0422,47,True
PROD000340,Rice,Grocery,Max,97061.46,20.24,SUP0384,92,True
PROD000341,Perfume,Beauty,Pro,11426.91,2.72,SUP0239,20,True
PROD000342,Bluetooth Speaker,Electronics,Elite,55780.36,28.54,SUP0370,77,True
PROD000343,Water Bottle,Home & Kitchen,Nova,62929.34,12.74,SUP0193,92,True
PROD000344,Smart Watch,Electronics,Prime,27384.72,6.4,SUP0392,10,True
PROD000345,Yoga Mat,Sports,Elite,18997.43,18.0,SUP0155,51,True
PROD000346,Moisturizer,Beauty,Urban,67526.58,17.34,SUP0020,51,True
PROD000347,Business Book,Books,Urban,71164.71,4.66,SUP0289,86,True
PROD000348,Wheat Flour,Grocery,Prime,89735.13,27.67,SUP0053,79,True
PROD000349,Mixer Grinder,Home & Kitchen,Elite,66769.07,14.23,SUP0326,66,True
PROD000350,Backpack,Accessories,Pro,67531.39,2.54,SUP0119,9,True
PROD000351,Sneakers,Fashion,Nova,84485.51,27.58,SUP0203,49,True
PROD000352,Formal Shirt,Fashion,Max,62806.18,2.39,SUP0280,43,True
PROD000353,Face Wash,Beauty,Pro,40100.32,29.46,SUP0166,43,True
PROD000354,Jacket,Fashion,Urban,46490.4,8.66,SUP0171,55,True
PROD000355,Backpack,Accessories,Max,1490.84,23.95,SUP0354,36,False
PROD000356,Tablet,Electronics,Max,41737.55,11.97,SUP0167,28,True
PROD000357,Cricket Bat,Sports,Value,87612.03,17.94,SUP0162,30,True
PROD000358,Jacket,Fashion,Elite,36451.4,27.23,SUP0260,11,True
PROD000359,Belt,Accessories,Pro,16808.55,1.47,SUP0060,12,True
PROD000360,Phone Case,Accessories,Pro,40052.19,11.3,SUP0288,87,True
PROD000361,Dumbbells,Sports,Nova,16776.64,0.6,SUP0031,26,True
PROD000362,Jeans,Fashion,Pro,55914.04,25.04,SUP0072,38,True
PROD000363,Bedsheet,Home & Kitchen,Nova,76930.84,11.03,SUP0166,60,True
PROD000364,Coffee,Grocery,Value,23247.6,9.77,SUP0290,6,True
PROD000365,Exam Preparation Book,Books,Prime,30480.92,12.56,SUP0360,17,True
PROD000366,Dry Fruits,Grocery,Nova,97324.33,28.72,SUP0002,75,True
PROD000367,Programming Book,Books,Max,33611.18,10.54,SUP0128,69,True
PROD000368,Dumbbells,Sports,Max,29015.39,20.07,SUP0235,26,True
PROD000369,Cookware Set,Home & Kitchen,Nova,86014.88,11.79,SUP0035,73,True
PROD000370,Bedsheet,Home & Kitchen,Nova,9819.76,16.45,SUP0023,95,True
PROD000371,Formal Shirt,Fashion,Value,10302.76,22.87,SUP0411,36,True
PROD000372,Shampoo,Beauty,Nova,17289.45,22.63,SUP0094,23,True
PROD000373,Perfume,Beauty,Prime,51495.86,28.94,SUP0249,25,True
PROD000374,Sunglasses,Accessories,Max,31708.09,15.92,SUP0172,7,True
PROD000375,Laptop,Electronics,Value,27029.3,29.04,SUP0346,27,True
PROD000376,Cooking Oil,Grocery,Nova,51792.81,2.1,SUP0183,98,True
PROD000377,Coffee,Grocery,Prime,15019.27,25.32,SUP0339,65,True
PROD000378,Smart Watch,Electronics,Max,64816.57,29.99,SUP0289,56,False
PROD000379,Perfume,Beauty,Urban,74193.65,20.35,SUP0265,57,True
PROD000380,T-Shirt,Fashion,Prime,38455.92,12.73,SUP0338,55,True
PROD000381,Wheat Flour,Grocery,Nova,96571.04,8.21,SUP0248,21,True
PROD000382,Moisturizer,Beauty,Value,26225.44,6.63,SUP0478,39,True
PROD000383,Rice,Grocery,Pro,78383.03,28.52,SUP0015,91,True
PROD000384,Jeans,Fashion,Urban,611.97,24.62,SUP0169,14,True
PROD000385,Rice,Grocery,Value,68419.7,23.93,SUP0332,100,True
PROD000386,Mixer Grinder,Home & Kitchen,Urban,87092.6,10.71,SUP0209,29,True
PROD000387,Phone Case,Accessories,Pro,99694.33,11.04,SUP0415,99,True
PROD000388,Dry Fruits,Grocery,Pro,43948.93,7.68,SUP0335,78,True
PROD000389,Storage Box,Home & Kitchen,Nova,52154.86,1.23,SUP0351,96,False
PROD000390,Mixer Grinder,Home & Kitchen,Pro,55121.03,20.56,SUP0170,71,True
PROD000391,Rice,Grocery,Pro,54853.06,11.99,SUP0220,76,True
PROD000392,Formal Shirt,Fashion,Prime,44040.71,14.19,SUP0186,38,True
PROD000393,Laptop,Electronics,Urban,85795.46,17.31,SUP0189,85,True
PROD000394,Football,Sports,Prime,59283.66,25.18,SUP0111,55,True
PROD000395,Wheat Flour,Grocery,Max,28569.58,13.48,SUP0301,99,True
PROD000396,Running Shoes,Sports,Max,73607.45,10.48,SUP0179,20,True
PROD000397,Backpack,Accessories,Elite,16965.94,0.15,SUP0305,45,True
PROD000398,Cricket Bat,Sports,Pro,71696.77,23.49,SUP0165,30,True
PROD000399,T-Shirt,Fashion,Pro,72286.01,21.77,SUP0076,23,True
PROD000400,Coffee,Grocery,Prime,4825.02,19.39,SUP0430,51,True
PROD000401,Kurta,Fashion,Prime,39217.58,24.62,SUP0472,99,True
PROD000402,Exam Preparation Book,Books,Nova,32399.23,18.25,SUP0138,60,True
PROD000403,Kurta,Fashion,Pro,80733.21,23.51,SUP0332,25,True
PROD000404,Jeans,Fashion,Nova,65841.73,2.63,SUP0163,43,True
PROD000405,Belt,Accessories,Urban,49111.66,21.88,SUP0223,47,True
PROD000406,Smart Watch,Electronics,Max,59689.95,17.45,SUP0188,50,True
PROD000407,Coffee,Grocery,Nova,23946.48,27.15,SUP0157,12,False
PROD000408,Sunscreen,Beauty,Prime,48469.74,6.73,SUP0142,83,True
PROD000409,Wireless Earbuds,Electronics,Max,61007.24,6.98,SUP0129,65,True
PROD000410,Tablet,Electronics,Pro,23664.05,3.81,SUP0087,20,True
PROD000411,Jacket,Fashion,Prime,73011.6,0.33,SUP0379,98,True
PROD000412,Sneakers,Fashion,Pro,35451.29,0.4,SUP0177,34,True
PROD000413,Perfume,Beauty,Max,21884.0,2.37,SUP0455,79,True
PROD000414,Jacket,Fashion,Pro,7015.46,17.28,SUP0267,26,True
PROD000415,Business Book,Books,Elite,48595.3,14.74,SUP0240,22,True
PROD000416,Air Fryer,Home & Kitchen,Max,66364.58,4.37,SUP0172,8,True
PROD000417,Yoga Mat,Sports,Value,60647.74,26.21,SUP0095,63,True
PROD000418,Wireless Earbuds,Electronics,Urban,22648.56,8.74,SUP0468,77,True
PROD000419,Business Book,Books,Max,57583.75,9.18,SUP0345,61,True
PROD000420,Tea,Grocery,Pro,70869.13,7.53,SUP0438,22,True
PROD000421,Cricket Bat,Sports,Prime,1726.63,5.85,SUP0183,38,True
PROD000422,Wheat Flour,Grocery,Max,38300.51,20.23,SUP0475,59,True
PROD000423,Rice,Grocery,Max,99707.4,3.52,SUP0328,6,True
PROD000424,Jacket,Fashion,Pro,58831.09,17.97,SUP0118,28,True
PROD000425,Smart Watch,Electronics,Urban,40632.71,22.73,SUP0192,49,True
PROD000426,Face Wash,Beauty,Urban,78805.71,29.94,SUP0159,15,True
PROD000427,Storage Box,Home & Kitchen,Max,36848.14,0.83,SUP0131,76,True
PROD000428,Mixer Grinder,Home & Kitchen,Elite,50270.99,0.53,SUP0085,37,True
PROD000429,Moisturizer,Beauty,Nova,8014.44,26.18,SUP0269,5,True
PROD000430,Laptop,Electronics,Max,95801.24,25.23,SUP0417,6,True
PROD000431,Cricket Bat,Sports,Pro,37093.39,21.18,SUP0426,81,True
PROD000432,Sneakers,Fashion,Urban,51023.27,24.69,SUP0074,18,True
PROD000433,Moisturizer,Beauty,Max,18618.0,9.95,SUP0206,59,True
PROD000434,Data Science Book,Books,Pro,37256.35,21.99,SUP0205,81,True
PROD000435,Air Fryer,Home & Kitchen,Elite,93531.82,13.48,SUP0070,83,True
PROD000436,Jacket,Fashion,Pro,80684.3,26.83,SUP0444,91,True
PROD000437,Tea,Grocery,Prime,37910.46,2.74,SUP0350,58,True
PROD000438,Formal Shirt,Fashion,Elite,17582.93,10.57,SUP0147,91,True
PROD000439,Coffee,Grocery,Urban,62141.91,1.72,SUP0225,86,True
PROD000440,Coffee,Grocery,Pro,23884.57,18.96,SUP0411,49,True
PROD000441,Football,Sports,Urban,23065.15,26.69,SUP0288,92,True
PROD000442,Exam Preparation Book,Books,Pro,47610.2,24.14,SUP0030,56,True
PROD000443,Data Science Book,Books,Elite,80471.58,19.61,SUP0267,21,True
PROD000444,Jacket,Fashion,Value,28032.82,21.9,SUP0314,8,True
PROD000445,Smartphone,Electronics,Nova,90945.98,22.04,SUP0144,71,True
PROD000446,Running Shoes,Sports,Pro,46609.54,26.71,SUP0449,83,True
PROD000447,Running Shoes,Sports,Elite,55304.65,8.71,SUP0404,45,True
PROD000448,Face Wash,Beauty,Pro,96665.96,27.27,SUP0288,32,True
PROD000449,Yoga Mat,Sports,Urban,32237.58,25.56,SUP0255,23,True
PROD000450,Mixer Grinder,Home & Kitchen,Max,18920.66,2.85,SUP0067,84,True
PROD000451,Air Fryer,Home & Kitchen,Max,51512.58,29.68,SUP0443,59,True
PROD000452,Smartphone,Electronics,Urban,74976.01,4.03,SUP0361,90,True
PROD000453,Business Book,Books,Elite,72678.0,1.82,SUP0352,68,True
PROD000454,Rice,Grocery,Elite,66298.52,5.86,SUP0363,27,True
PROD000455,Wheat Flour,Grocery,Elite,21739.6,12.44,SUP0160,59,True
PROD000456,Cooking Oil,Grocery,Prime,20412.33,5.89,SUP0209,74,True
PROD000457,Smartphone,Electronics,Max,39980.51,20.29,SUP0449,96,True
PROD000458,Wallet,Accessories,Prime,81746.26,12.03,SUP0015,30,True
PROD000459,Smart Watch,Electronics,Elite,26094.97,26.1,SUP0391,55,True
PROD000460,Perfume,Beauty,Prime,1270.25,19.5,SUP0271,59,True
PROD000461,Wheat Flour,Grocery,Nova,56419.93,2.6,SUP0368,17,True
PROD000462,Jacket,Fashion,Value,95440.6,5.27,SUP0249,30,True
PROD000463,Face Wash,Beauty,Elite,95325.86,6.72,SUP0458,13,True
PROD000464,Running Shoes,Sports,Value,39304.17,1.87,SUP0485,18,True
PROD000465,Kurta,Fashion,Max,62739.27,11.83,SUP0450,83,True
PROD000466,Wheat Flour,Grocery,Prime,12672.98,7.64,SUP0495,44,True
PROD000467,Data Science Book,Books,Prime,93384.56,17.49,SUP0158,61,True
PROD000468,Coffee,Grocery,Urban,67816.22,1.14,SUP0217,39,True
PROD000469,Kurta,Fashion,Pro,93681.27,13.67,SUP0161,98,True
PROD000470,Coffee,Grocery,Nova,74441.49,24.86,SUP0361,94,True
PROD000471,Kurta,Fashion,Max,42291.45,18.52,SUP0362,34,True
PROD000472,Sunscreen,Beauty,Nova,66613.05,9.62,SUP0222,46,True
PROD000473,Shampoo,Beauty,Urban,73600.02,5.22,SUP0141,63,True
PROD000474,Business Book,Books,Max,49933.16,0.59,SUP0447,79,True
PROD000475,Dumbbells,Sports,Urban,34911.12,6.11,SUP0197,96,True
PROD000476,Business Book,Books,Urban,13140.39,21.63,SUP0023,88,True
PROD000477,Phone Case,Accessories,Prime,84249.18,16.51,SUP0428,22,True
PROD000478,Data Science Book,Books,Max,91977.83,6.66,SUP0214,95,True
PROD000479,Bluetooth Speaker,Electronics,Max,3161.33,22.62,SUP0479,18,True
PROD000480,Dry Fruits,Grocery,Max,90122.95,5.2,SUP0296,52,True
PROD000481,Moisturizer,Beauty,Prime,90258.11,12.91,SUP0432,97,True
PROD000482,Phone Case,Accessories,Elite,17692.24,5.8,SUP0371,65,True
PROD000483,Water Bottle,Home & Kitchen,Pro,85103.22,23.22,SUP0117,99,True
PROD000484,Mixer Grinder,Home & Kitchen,Pro,75135.58,9.05,SUP0435,15,True
PROD000485,Face Wash,Beauty,Nova,42034.64,22.91,SUP0186,64,True
PROD000486,Laptop,Electronics,Nova,4730.03,12.77,SUP0364,53,True
PROD000487,Data Science Book,Books,Pro,35010.15,6.07,SUP0247,69,True
PROD000488,Coffee,Grocery,Elite,27845.19,9.88,SUP0158,54,True
PROD000489,Jeans,Fashion,Prime,92164.08,20.63,SUP0381,96,True
PROD000490,Sneakers,Fashion,Pro,21877.86,21.54,SUP0079,6,True
PROD000491,Smart Watch,Electronics,Urban,11004.6,26.18,SUP0227,49,True
PROD000492,Cricket Bat,Sports,Elite,6875.23,22.36,SUP0491,10,True
PROD000493,Smart Watch,Electronics,Pro,55244.9,22.46,SUP0269,11,True
PROD000494,Water Bottle,Home & Kitchen,Nova,27187.53,15.46,SUP0256,12,True
PROD000495,Phone Case,Accessories,Max,52837.39,28.02,SUP0106,17,True
PROD000496,Bluetooth Speaker,Electronics,Prime,76757.04,4.65,SUP0489,68,True
PROD000497,Storage Box,Home & Kitchen,Urban,30634.25,29.21,SUP0220,84,True
PROD000498,Shampoo,Beauty,Value,89136.74,10.59,SUP0188,29,True
PROD000499,Wheat Flour,Grocery,Value,10967.21,5.7,SUP0091,60,True
PROD000500,Cricket Bat,Sports,Urban,2047.24,0.85,SUP0182,98,True
PROD000501,Perfume,Beauty,Nova,46322.07,9.63,SUP0488,41,True
PROD000502,T-Shirt,Fashion,Pro,64508.66,0.22,SUP0084,54,True
PROD000503,Data Science Book,Books,Prime,5240.25,20.06,SUP0157,15,True
PROD000504,Storage Box,Home & Kitchen,Nova,93273.25,21.48,SUP0033,59,True
PROD000505,Phone Case,Accessories,Pro,87122.27,20.59,SUP0230,18,True
PROD000506,Fiction Novel,Books,Nova,26342.07,9.79,SUP0243,82,True
PROD000507,Coffee,Grocery,Pro,59703.75,11.63,SUP0239,44,True
PROD000508,Business Book,Books,Nova,74061.11,10.43,SUP0428,54,True
PROD000509,Wireless Earbuds,Electronics,Urban,18081.17,16.16,SUP0378,74,True
PROD000510,Belt,Accessories,Value,5206.42,27.79,SUP0220,30,True
PROD000511,Shampoo,Beauty,Elite,39723.53,17.37,SUP0431,32,True
PROD000512,Dry Fruits,Grocery,Prime,54353.13,22.14,SUP0146,55,True
PROD000513,Storage Box,Home & Kitchen,Max,55326.37,21.32,SUP0107,72,True
PROD000514,Wireless Earbuds,Electronics,Pro,49765.86,15.45,SUP0246,17,True
PROD000515,Rice,Grocery,Value,84217.79,10.49,SUP0226,41,True
PROD000516,Wireless Earbuds,Electronics,Value,71355.99,26.28,SUP0188,23,True
PROD000517,T-Shirt,Fashion,Max,88012.46,20.69,SUP0412,7,True
PROD000518,Exam Preparation Book,Books,Prime,10434.02,23.96,SUP0361,49,True
PROD000519,Kurta,Fashion,Nova,10842.57,8.67,SUP0354,73,True
PROD000520,Wheat Flour,Grocery,Value,16182.87,6.53,SUP0176,48,True
PROD000521,Exam Preparation Book,Books,Pro,96365.36,18.68,SUP0449,65,True
PROD000522,Bluetooth Speaker,Electronics,Pro,47078.22,11.93,SUP0449,87,True
PROD000523,Coffee,Grocery,Value,81415.03,21.19,SUP0053,91,True
PROD000524,Mixer Grinder,Home & Kitchen,Prime,76334.99,16.59,SUP0201,93,True
PROD000525,Smart Watch,Electronics,Max,24056.48,23.08,SUP0037,60,True
PROD000526,Air Fryer,Home & Kitchen,Nova,39059.09,21.32,SUP0369,76,True
PROD000527,Running Shoes,Sports,Max,40501.63,23.19,SUP0500,91,True
PROD000528,Sunscreen,Beauty,Urban,89225.55,26.25,SUP0461,24,True
PROD000529,Wireless Earbuds,Electronics,Pro,80912.32,24.47,SUP0310,20,True
PROD000530,Shampoo,Beauty,Urban,91622.48,14.69,SUP0049,48,True
PROD000531,Laptop,Electronics,Urban,51959.96,13.04,SUP0353,5,True
PROD000532,Tablet,Electronics,Elite,64247.88,21.2,SUP0035,88,True
PROD000533,Tablet,Electronics,Pro,35921.12,3.41,SUP0491,17,True
PROD000534,Kurta,Fashion,Max,63602.85,12.83,SUP0080,94,True
PROD000535,Tea,Grocery,Prime,42643.7,16.1,SUP0192,26,True
PROD000536,Shampoo,Beauty,Nova,67881.08,5.87,SUP0354,8,True
PROD000537,Jeans,Fashion,Nova,21701.53,16.28,SUP0093,56,True
PROD000538,Phone Case,Accessories,Prime,31277.52,29.08,SUP0107,89,True
PROD000539,Storage Box,Home & Kitchen,Nova,29350.16,9.92,SUP0069,31,True
PROD000540,Laptop,Electronics,Pro,12480.82,20.56,SUP0412,83,True
PROD000541,Cookware Set,Home & Kitchen,Pro,93896.81,16.24,SUP0160,100,True
PROD000542,Kurta,Fashion,Pro,94498.44,6.78,SUP0270,20,True
PROD000543,Bluetooth Speaker,Electronics,Max,73870.9,1.44,SUP0415,15,True
PROD000544,Backpack,Accessories,Nova,1745.45,5.34,SUP0320,7,True
PROD000545,Tablet,Electronics,Max,6412.46,4.06,SUP0297,71,True
PROD000546,Air Fryer,Home & Kitchen,Max,31069.69,27.22,SUP0117,51,True
PROD000547,Formal Shirt,Fashion,Prime,40740.57,4.31,SUP0204,84,True
PROD000548,Sunscreen,Beauty,Urban,40740.14,26.45,SUP0278,89,True
PROD000549,Storage Box,Home & Kitchen,Value,61010.27,10.15,SUP0326,9,True
PROD000550,Mixer Grinder,Home & Kitchen,Nova,42211.26,16.05,SUP0342,50,True
PROD000551,Cooking Oil,Grocery,Max,4580.05,21.31,SUP0056,89,True
PROD000552,Cookware Set,Home & Kitchen,Elite,91505.11,29.05,SUP0448,46,True
PROD000553,Dry Fruits,Grocery,Prime,78036.32,26.64,SUP0170,69,True
PROD000554,Cooking Oil,Grocery,Prime,70617.36,28.03,SUP0138,55,True
PROD000555,Bluetooth Speaker,Electronics,Value,64988.3,10.41,SUP0351,38,True
PROD000556,Backpack,Accessories,Pro,46857.2,7.65,SUP0485,16,True
PROD000557,Jeans,Fashion,Urban,80649.81,19.96,SUP0468,99,True
PROD000558,Bluetooth Speaker,Electronics,Max,22983.84,29.85,SUP0124,30,True
PROD000559,Shampoo,Beauty,Prime,85018.34,8.09,SUP0423,56,True
PROD000560,Perfume,Beauty,Value,5927.36,9.05,SUP0435,8,True
PROD000561,Bedsheet,Home & Kitchen,Value,46693.68,26.6,SUP0113,92,False
PROD000562,Sneakers,Fashion,Elite,67355.37,7.33,SUP0155,91,True
PROD000563,Running Shoes,Sports,Urban,22027.59,17.48,SUP0468,19,True
PROD000564,Wheat Flour,Grocery,Prime,29634.43,21.95,SUP0029,100,True
PROD000565,Rice,Grocery,Nova,72091.77,14.04,SUP0260,18,True
PROD000566,Dumbbells,Sports,Nova,58774.64,5.51,SUP0297,60,True
PROD000567,Bluetooth Speaker,Electronics,Pro,94003.82,9.53,SUP0136,28,True
PROD000568,Phone Case,Accessories,Prime,24794.0,29.33,SUP0379,47,True
PROD000569,Yoga Mat,Sports,Nova,42920.75,15.14,SUP0258,100,True
PROD000570,Wheat Flour,Grocery,Elite,48134.51,17.88,SUP0266,54,True
PROD000571,Data Science Book,Books,Elite,57190.55,16.13,SUP0064,97,True
PROD000572,Football,Sports,Prime,95770.19,8.57,SUP0490,78,True
PROD000573,Bedsheet,Home & Kitchen,Elite,23494.1,13.21,SUP0458,60,True
PROD000574,Sunglasses,Accessories,Max,7862.5,28.6,SUP0168,66,True
PROD000575,Storage Box,Home & Kitchen,Prime,93384.12,19.46,SUP0234,20,True
PROD000576,Dumbbells,Sports,Value,36148.09,24.16,SUP0460,42,True
PROD000577,Smartphone,Electronics,Max,49549.02,6.31,SUP0180,85,True
PROD000578,Kurta,Fashion,Pro,1314.01,15.25,SUP0217,59,True
PROD000579,Smartphone,Electronics,Pro,4392.05,15.56,SUP0324,53,True
PROD000580,Formal Shirt,Fashion,Pro,46883.51,1.14,SUP0351,30,True
PROD000581,Tea,Grocery,Elite,66918.79,23.64,SUP0155,100,True
PROD000582,Belt,Accessories,Elite,74705.96,28.5,SUP0390,38,True
PROD000583,Tea,Grocery,Max,32914.9,25.79,SUP0040,67,True
PROD000584,Phone Case,Accessories,Value,6674.67,29.81,SUP0005,59,True
PROD000585,Sunscreen,Beauty,Urban,18752.15,2.97,SUP0194,19,True
PROD000586,Sunscreen,Beauty,Nova,3877.74,13.57,SUP0139,38,True
PROD000587,Wallet,Accessories,Urban,20123.71,22.15,SUP0292,66,True
PROD000588,Phone Case,Accessories,Nova,79512.17,1.85,SUP0269,63,True
PROD000589,Sneakers,Fashion,Value,5825.16,14.04,SUP0274,6,True
PROD000590,Smart Watch,Electronics,Elite,1837.98,28.64,SUP0214,55,True
PROD000591,Bluetooth Speaker,Electronics,Urban,60955.58,0.51,SUP0472,59,True
PROD000592,Formal Shirt,Fashion,Max,97065.1,5.05,SUP0072,42,True
PROD000593,Tablet,Electronics,Max,71828.56,29.44,SUP0020,12,True
PROD000594,Kurta,Fashion,Max,93715.12,3.2,SUP0468,7,True
PROD000595,Laptop,Electronics,Pro,52109.86,15.62,SUP0444,6,True
PROD000596,Bluetooth Speaker,Electronics,Value,31251.28,28.83,SUP0177,71,True
PROD000597,Wheat Flour,Grocery,Elite,3615.98,11.54,SUP0079,84,True
PROD000598,Cricket Bat,Sports,Pro,25827.54,16.81,SUP0245,7,True
PROD000599,T-Shirt,Fashion,Value,27228.47,1.29,SUP0188,57,True
PROD000600,Data Science Book,Books,Urban,13989.11,24.56,SUP0165,5,True
PROD000601,Smartphone,Electronics,Urban,6419.14,3.37,SUP0460,78,True
PROD000602,Tea,Grocery,Elite,67137.98,23.36,SUP0171,81,True
PROD000603,Phone Case,Accessories,Nova,35689.19,13.49,SUP0376,99,True
PROD000604,Data Science Book,Books,Elite,84270.33,6.25,SUP0054,68,True
PROD000605,Laptop,Electronics,Pro,68877.08,25.62,SUP0151,96,True
PROD000606,Face Wash,Beauty,Max,29076.81,15.74,SUP0452,42,True
PROD000607,Water Bottle,Home & Kitchen,Pro,63808.96,18.62,SUP0129,49,True
PROD000608,Yoga Mat,Sports,Urban,20087.56,2.85,SUP0425,6,True
PROD000609,Wallet,Accessories,Prime,29834.06,25.87,SUP0389,55,True
PROD000610,Programming Book,Books,Elite,96163.15,22.5,SUP0372,65,False
PROD000611,Yoga Mat,Sports,Nova,75741.51,3.0,SUP0314,74,True
PROD000612,Jacket,Fashion,Prime,439.82,18.09,SUP0232,17,True
PROD000613,Rice,Grocery,Max,71763.92,29.94,SUP0291,67,False
PROD000614,Smartphone,Electronics,Nova,78112.05,7.79,SUP0157,98,True
PROD000615,Kurta,Fashion,Pro,32517.93,8.28,SUP0260,61,True
PROD000616,Wireless Earbuds,Electronics,Elite,80052.24,5.99,SUP0148,44,True
PROD000617,Smart Watch,Electronics,Urban,38410.48,23.94,SUP0392,37,True
PROD000618,Smartphone,Electronics,Nova,61383.2,14.45,SUP0004,93,True
PROD000619,Rice,Grocery,Prime,5810.08,1.73,SUP0378,36,True
PROD000620,Data Science Book,Books,Elite,35168.73,24.95,SUP0080,13,True
PROD000621,Smart Watch,Electronics,Pro,45932.56,15.09,SUP0391,30,True
PROD000622,Storage Box,Home & Kitchen,Value,2165.37,15.25,SUP0050,83,True
PROD000623,Tea,Grocery,Urban,82190.5,8.51,SUP0297,18,True
PROD000624,Tablet,Electronics,Pro,4279.63,1.15,SUP0427,45,True
PROD000625,Backpack,Accessories,Urban,16357.44,16.25,SUP0228,8,True
PROD000626,Cookware Set,Home & Kitchen,Prime,94052.32,4.88,SUP0380,13,True
PROD000627,Moisturizer,Beauty,Prime,95395.79,14.77,SUP0351,62,True
PROD000628,Belt,Accessories,Elite,2345.24,5.06,SUP0267,66,True
PROD000629,Shampoo,Beauty,Prime,20508.88,7.3,SUP0009,81,True
PROD000630,Programming Book,Books,Pro,15853.4,26.24,SUP0140,98,True
PROD000631,Cookware Set,Home & Kitchen,Nova,14213.96,23.57,SUP0208,45,True
PROD000632,Backpack,Accessories,Value,2061.12,21.98,SUP0404,6,True
PROD000633,T-Shirt,Fashion,Prime,24921.8,28.24,SUP0265,38,True
PROD000634,Cricket Bat,Sports,Nova,8640.51,21.98,SUP0252,46,True
PROD000635,Programming Book,Books,Prime,66940.45,3.23,SUP0355,89,True
PROD000636,Cooking Oil,Grocery,Nova,43389.58,10.9,SUP0090,48,True
PROD000637,Yoga Mat,Sports,Pro,9191.1,10.23,SUP0137,64,True
PROD000638,Sneakers,Fashion,Pro,91330.32,9.92,SUP0372,14,True
PROD000639,Mixer Grinder,Home & Kitchen,Elite,45789.82,20.46,SUP0428,54,True
PROD000640,Perfume,Beauty,Elite,42390.96,24.12,SUP0172,88,True
PROD000641,Dry Fruits,Grocery,Urban,85415.04,19.52,SUP0052,8,True
PROD000642,Sunscreen,Beauty,Elite,78151.98,16.15,SUP0289,25,True
PROD000643,Shampoo,Beauty,Urban,56534.45,16.98,SUP0348,15,False
PROD000644,Bedsheet,Home & Kitchen,Elite,95338.17,1.37,SUP0223,15,False
PROD000645,Running Shoes,Sports,Max,9071.54,7.26,SUP0046,40,True
PROD000646,Tablet,Electronics,Elite,7975.98,9.29,SUP0091,31,True
PROD000647,Fiction Novel,Books,Urban,20601.09,2.73,SUP0460,8,True
PROD000648,Programming Book,Books,Nova,97455.69,28.69,SUP0435,71,True
PROD000649,Dumbbells,Sports,Max,99159.26,15.94,SUP0179,76,True
PROD000650,Cookware Set,Home & Kitchen,Max,92596.13,12.3,SUP0115,33,True
PROD000651,Tea,Grocery,Urban,51244.66,0.74,SUP0216,52,True
PROD000652,Business Book,Books,Urban,94626.96,21.14,SUP0153,26,True
PROD000653,Sunscreen,Beauty,Max,60836.03,23.04,SUP0214,96,True
PROD000654,Bedsheet,Home & Kitchen,Max,60071.36,28.01,SUP0183,72,True
PROD000655,Exam Preparation Book,Books,Prime,74025.83,21.98,SUP0091,100,True
PROD000656,Data Science Book,Books,Prime,52068.42,19.14,SUP0050,5,True
PROD000657,Jacket,Fashion,Max,75302.07,8.06,SUP0320,71,True
PROD000658,Sunscreen,Beauty,Prime,19371.02,27.38,SUP0137,30,True
PROD000659,Smart Watch,Electronics,Elite,53455.76,21.35,SUP0126,96,True
PROD000660,Kurta,Fashion,Prime,88095.83,2.13,SUP0103,67,True
PROD000661,Tablet,Electronics,Max,93483.58,29.62,SUP0184,35,True
PROD000662,Cricket Bat,Sports,Nova,67108.83,17.06,SUP0096,41,False
PROD000663,Perfume,Beauty,Urban,40005.85,0.7,SUP0177,61,True
PROD000664,Cooking Oil,Grocery,Value,51514.85,26.81,SUP0168,36,True
PROD000665,Wireless Earbuds,Electronics,Elite,86619.02,25.78,SUP0233,91,True
PROD000666,Smart Watch,Electronics,Prime,78198.55,15.03,SUP0250,87,True
PROD000667,Running Shoes,Sports,Value,7753.6,21.2,SUP0010,72,True
PROD000668,Dumbbells,Sports,Elite,24386.39,18.65,SUP0440,50,True
PROD000669,Rice,Grocery,Value,47582.19,15.82,SUP0428,45,True
PROD000670,Perfume,Beauty,Max,34206.92,25.36,SUP0121,44,True
PROD000671,Laptop,Electronics,Elite,12913.83,6.2,SUP0130,31,True
PROD000672,Wireless Earbuds,Electronics,Max,7144.63,2.05,SUP0336,48,True
PROD000673,Wireless Earbuds,Electronics,Max,7595.19,18.12,SUP0319,65,True
PROD000674,Coffee,Grocery,Urban,8110.72,5.11,SUP0049,62,True
PROD000675,Bluetooth Speaker,Electronics,Urban,62013.41,9.05,SUP0041,18,True
PROD000676,Storage Box,Home & Kitchen,Pro,3210.07,21.97,SUP0101,88,True
PROD000677,Tablet,Electronics,Elite,45081.76,26.76,SUP0428,55,True
PROD000678,Running Shoes,Sports,Prime,49429.52,8.12,SUP0287,49,True
PROD000679,T-Shirt,Fashion,Pro,97125.9,24.02,SUP0227,49,True
PROD000680,Cricket Bat,Sports,Pro,44489.01,10.24,SUP0153,17,True
PROD000681,Football,Sports,Nova,36542.93,2.85,SUP0452,6,True
PROD000682,Tea,Grocery,Elite,52368.68,15.85,SUP0398,48,True
PROD000683,Coffee,Grocery,Prime,26783.26,28.65,SUP0139,57,True
PROD000684,Storage Box,Home & Kitchen,Prime,16867.17,22.02,SUP0378,82,True
PROD000685,Tablet,Electronics,Value,83102.58,3.7,SUP0023,10,True
PROD000686,Jeans,Fashion,Urban,65495.21,26.02,SUP0341,16,True
PROD000687,Jeans,Fashion,Max,43474.43,9.76,SUP0322,82,True
PROD000688,Coffee,Grocery,Prime,81293.92,16.47,SUP0302,63,True
PROD000689,Kurta,Fashion,Prime,10093.6,27.99,SUP0231,55,True
PROD000690,Wireless Earbuds,Electronics,Urban,50184.72,22.3,SUP0446,75,True
PROD000691,Dry Fruits,Grocery,Prime,24170.78,3.22,SUP0226,95,True
PROD000692,Cricket Bat,Sports,Urban,94516.68,9.89,SUP0064,48,True
PROD000693,Phone Case,Accessories,Prime,84128.25,1.6,SUP0355,61,True
PROD000694,Jacket,Fashion,Nova,92830.07,6.0,SUP0426,51,True
PROD000695,Wireless Earbuds,Electronics,Value,1799.69,16.19,SUP0086,45,True
PROD000696,Jeans,Fashion,Max,39550.22,26.88,SUP0037,79,True
PROD000697,Football,Sports,Nova,82708.87,8.96,SUP0493,12,True
PROD000698,Wireless Earbuds,Electronics,Pro,23413.4,21.21,SUP0291,13,True
PROD000699,Wheat Flour,Grocery,Urban,91748.53,2.17,SUP0084,73,True
PROD000700,Rice,Grocery,Nova,43704.14,27.72,SUP0200,16,True
PROD000701,Coffee,Grocery,Urban,42869.02,13.14,SUP0277,43,True
PROD000702,Tablet,Electronics,Pro,72709.27,4.11,SUP0016,90,True
PROD000703,Tablet,Electronics,Value,9743.13,9.88,SUP0297,46,True
PROD000704,Programming Book,Books,Max,70827.43,25.8,SUP0273,65,True
PROD000705,Jeans,Fashion,Prime,30513.19,10.23,SUP0008,66,True
PROD000706,Face Wash,Beauty,Max,53927.74,13.21,SUP0343,89,True
PROD000707,Cooking Oil,Grocery,Max,97939.6,0.45,SUP0292,42,True
PROD000708,Yoga Mat,Sports,Nova,4780.93,18.42,SUP0127,72,True
PROD000709,Dumbbells,Sports,Prime,20784.24,22.34,SUP0460,68,True
PROD000710,Backpack,Accessories,Urban,94820.88,19.55,SUP0063,61,True
PROD000711,Jeans,Fashion,Value,73979.75,29.78,SUP0122,97,True
PROD000712,Sunscreen,Beauty,Urban,11965.84,23.63,SUP0415,57,True
PROD000713,Bedsheet,Home & Kitchen,Max,97389.51,16.59,SUP0007,7,True
PROD000714,Smart Watch,Electronics,Prime,32696.89,18.85,SUP0263,83,True
PROD000715,Cooking Oil,Grocery,Nova,30615.31,12.74,SUP0065,76,True
PROD000716,Smart Watch,Electronics,Max,12982.39,5.19,SUP0036,17,True
PROD000717,Running Shoes,Sports,Nova,16756.85,7.06,SUP0007,89,True
PROD000718,Programming Book,Books,Max,25754.71,11.31,SUP0087,74,True
PROD000719,Cooking Oil,Grocery,Urban,50521.66,18.4,SUP0461,57,True
PROD000720,Face Wash,Beauty,Pro,47142.12,1.78,SUP0382,47,True
PROD000721,Wallet,Accessories,Max,98982.55,7.96,SUP0055,47,True
PROD000722,Business Book,Books,Nova,64845.91,21.15,SUP0168,64,True
PROD000723,Tea,Grocery,Pro,83747.04,26.68,SUP0383,67,True
PROD000724,Storage Box,Home & Kitchen,Nova,59290.69,22.63,SUP0314,79,True
PROD000725,T-Shirt,Fashion,Prime,50104.92,25.13,SUP0191,30,True
PROD000726,Formal Shirt,Fashion,Prime,78249.23,4.41,SUP0106,58,True
PROD000727,Data Science Book,Books,Urban,68037.91,1.63,SUP0247,18,True
PROD000728,Cookware Set,Home & Kitchen,Elite,17192.47,29.16,SUP0015,11,True
PROD000729,Sunscreen,Beauty,Nova,26099.49,11.83,SUP0055,43,True
PROD000730,Bluetooth Speaker,Electronics,Prime,12681.44,23.41,SUP0224,19,True
PROD000731,Smartphone,Electronics,Nova,8761.12,22.12,SUP0088,85,True
PROD000732,Running Shoes,Sports,Pro,64188.56,9.55,SUP0314,99,True
PROD000733,Business Book,Books,Value,99008.52,14.89,SUP0032,38,True
PROD000734,Smartphone,Electronics,Prime,66788.95,26.87,SUP0415,92,True
PROD000735,Air Fryer,Home & Kitchen,Nova,45987.51,9.9,SUP0287,50,True
PROD000736,T-Shirt,Fashion,Value,61562.81,12.58,SUP0088,49,True
PROD000737,Data Science Book,Books,Elite,75692.27,24.38,SUP0307,59,True
PROD000738,Formal Shirt,Fashion,Nova,87681.64,9.88,SUP0146,94,True
PROD000739,Business Book,Books,Max,27885.16,19.23,SUP0087,10,True
PROD000740,Wireless Earbuds,Electronics,Prime,3442.39,2.02,SUP0297,47,True
PROD000741,T-Shirt,Fashion,Value,12337.38,22.24,SUP0257,60,True
PROD000742,Perfume,Beauty,Urban,10400.32,2.95,SUP0159,69,True
PROD000743,Wallet,Accessories,Value,32680.56,27.67,SUP0461,43,True
PROD000744,Shampoo,Beauty,Pro,53747.5,1.3,SUP0056,62,True
PROD000745,Cooking Oil,Grocery,Max,35747.81,24.18,SUP0067,59,True
PROD000746,Phone Case,Accessories,Value,22934.14,21.89,SUP0373,95,True
PROD000747,Laptop,Electronics,Prime,55186.05,1.22,SUP0461,59,True
PROD000748,Cookware Set,Home & Kitchen,Elite,32120.8,8.88,SUP0149,8,True
PROD000749,Bluetooth Speaker,Electronics,Urban,28806.15,5.93,SUP0175,53,True
PROD000750,Sneakers,Fashion,Max,17001.15,28.6,SUP0279,60,True
PROD000751,Yoga Mat,Sports,Elite,75663.19,15.37,SUP0193,73,True
PROD000752,Kurta,Fashion,Nova,53998.49,18.16,SUP0211,14,True
PROD000753,Wireless Earbuds,Electronics,Nova,86258.29,8.9,SUP0202,68,True
PROD000754,Tablet,Electronics,Urban,80935.79,14.63,SUP0167,53,True
PROD000755,Perfume,Beauty,Value,92159.84,25.73,SUP0005,89,True
PROD000756,Exam Preparation Book,Books,Pro,57705.17,15.52,SUP0494,19,True
PROD000757,Cooking Oil,Grocery,Nova,14529.7,0.72,SUP0253,90,True
PROD000758,Wallet,Accessories,Pro,16541.81,12.86,SUP0070,88,True
PROD000759,Smart Watch,Electronics,Value,14865.68,17.23,SUP0134,30,True
PROD000760,Running Shoes,Sports,Elite,61954.35,22.27,SUP0296,85,True
PROD000761,Wallet,Accessories,Nova,48615.65,4.98,SUP0238,72,True
PROD000762,Phone Case,Accessories,Value,15546.85,25.38,SUP0438,41,True
PROD000763,Rice,Grocery,Urban,76798.68,28.12,SUP0305,16,True
PROD000764,Jeans,Fashion,Prime,97521.97,11.19,SUP0433,58,True
PROD000765,Fiction Novel,Books,Value,63407.02,19.43,SUP0394,53,True
PROD000766,T-Shirt,Fashion,Prime,96748.28,17.76,SUP0011,93,True
PROD000767,Cookware Set,Home & Kitchen,Urban,55600.97,16.62,SUP0216,19,True
PROD000768,Jacket,Fashion,Prime,65721.92,7.43,SUP0419,22,True
PROD000769,Moisturizer,Beauty,Value,14453.83,21.92,SUP0400,92,True
PROD000770,Perfume,Beauty,Max,76439.14,16.45,SUP0435,63,True
PROD000771,Perfume,Beauty,Elite,41282.36,7.92,SUP0476,57,True
PROD000772,Bluetooth Speaker,Electronics,Nova,82072.73,2.09,SUP0232,75,True
PROD000773,Coffee,Grocery,Pro,28249.31,6.55,SUP0006,27,True
PROD000774,Data Science Book,Books,Nova,26511.58,23.8,SUP0420,59,True
PROD000775,Wallet,Accessories,Prime,65972.01,21.87,SUP0176,77,True
PROD000776,Phone Case,Accessories,Urban,58318.0,8.19,SUP0150,16,True
PROD000777,Cricket Bat,Sports,Prime,26089.24,2.04,SUP0341,74,True
PROD000778,Fiction Novel,Books,Urban,71513.45,9.13,SUP0140,70,True
PROD000779,Tablet,Electronics,Prime,22317.11,18.32,SUP0396,48,True
PROD000780,Formal Shirt,Fashion,Prime,44835.5,29.65,SUP0068,21,True
PROD000781,Kurta,Fashion,Pro,38230.49,27.07,SUP0255,75,True
PROD000782,Shampoo,Beauty,Elite,94906.86,18.52,SUP0134,89,True
PROD000783,Cooking Oil,Grocery,Value,95222.77,25.04,SUP0042,75,True
PROD000784,Water Bottle,Home & Kitchen,Pro,82753.03,3.79,SUP0020,99,True
PROD000785,Air Fryer,Home & Kitchen,Pro,51685.8,19.18,SUP0417,59,True
PROD000786,T-Shirt,Fashion,Value,20546.43,27.45,SUP0222,8,True
PROD000787,Formal Shirt,Fashion,Prime,86434.33,27.64,SUP0124,77,True
PROD000788,Jeans,Fashion,Pro,5802.68,20.27,SUP0255,74,True
PROD000789,Tablet,Electronics,Pro,59476.65,7.85,SUP0074,30,True
PROD000790,Storage Box,Home & Kitchen,Max,25924.64,22.39,SUP0154,92,True
PROD000791,Cookware Set,Home & Kitchen,Elite,79433.17,16.3,SUP0483,61,True
PROD000792,Smart Watch,Electronics,Max,54507.83,22.78,SUP0353,58,True
PROD000793,Running Shoes,Sports,Pro,80488.07,3.62,SUP0086,6,True
PROD000794,Exam Preparation Book,Books,Urban,16588.66,20.9,SUP0271,61,True
PROD000795,Jacket,Fashion,Nova,32605.67,6.83,SUP0127,23,True
PROD000796,Sunscreen,Beauty,Nova,17843.8,15.92,SUP0070,80,True
PROD000797,Cooking Oil,Grocery,Max,11239.42,8.44,SUP0093,60,True
PROD000798,Sneakers,Fashion,Pro,44505.91,10.3,SUP0344,73,True
PROD000799,Cooking Oil,Grocery,Urban,23933.06,29.72,SUP0137,25,True
PROD000800,Tea,Grocery,Urban,47238.97,27.46,SUP0181,66,True
PROD000801,Storage Box,Home & Kitchen,Nova,72300.38,12.16,SUP0407,90,True
PROD000802,Sunglasses,Accessories,Urban,70256.25,22.31,SUP0356,36,True
PROD000803,Sunglasses,Accessories,Urban,69277.27,4.83,SUP0316,68,True
PROD000804,Mixer Grinder,Home & Kitchen,Value,45337.31,15.46,SUP0080,70,True
PROD000805,Wallet,Accessories,Elite,7509.62,27.52,SUP0222,69,True
PROD000806,Tea,Grocery,Elite,33084.05,8.84,SUP0473,86,True
PROD000807,Programming Book,Books,Pro,87975.11,6.04,SUP0004,45,True
PROD000808,Football,Sports,Urban,2249.28,0.96,SUP0077,6,True
PROD000809,Sunscreen,Beauty,Value,37215.79,14.42,SUP0481,38,True
PROD000810,Sunscreen,Beauty,Value,80698.11,5.07,SUP0303,69,True
PROD000811,Cricket Bat,Sports,Pro,24779.77,5.1,SUP0036,82,True
PROD000812,Phone Case,Accessories,Nova,40602.92,11.62,SUP0157,98,True
PROD000813,Sunscreen,Beauty,Prime,78254.82,14.41,SUP0346,10,True
PROD000814,Rice,Grocery,Prime,98584.09,28.54,SUP0067,21,True
PROD000815,Data Science Book,Books,Max,37053.57,11.02,SUP0140,25,True
PROD000816,Dry Fruits,Grocery,Urban,54841.67,14.6,SUP0409,9,True
PROD000817,Wireless Earbuds,Electronics,Pro,41089.24,8.19,SUP0057,79,True
PROD000818,Smartphone,Electronics,Nova,54985.19,9.12,SUP0242,28,True
PROD000819,Face Wash,Beauty,Urban,87454.38,15.52,SUP0232,66,True
PROD000820,Smart Watch,Electronics,Value,24401.52,12.38,SUP0042,61,True
PROD000821,Programming Book,Books,Nova,59990.04,5.62,SUP0487,75,False
PROD000822,Smartphone,Electronics,Elite,69014.28,18.42,SUP0139,14,True
PROD000823,T-Shirt,Fashion,Elite,33595.62,25.75,SUP0342,27,True
PROD000824,Dry Fruits,Grocery,Value,91586.97,25.27,SUP0162,94,True
PROD000825,Cooking Oil,Grocery,Prime,4314.96,23.21,SUP0030,64,True
PROD000826,Phone Case,Accessories,Max,95568.34,11.15,SUP0213,19,True
PROD000827,Mixer Grinder,Home & Kitchen,Nova,85337.14,20.87,SUP0399,94,True
PROD000828,Perfume,Beauty,Pro,16632.63,12.22,SUP0469,26,True
PROD000829,Cricket Bat,Sports,Prime,21724.4,18.03,SUP0423,44,True
PROD000830,Programming Book,Books,Urban,36414.74,1.52,SUP0085,50,True
PROD000831,Tablet,Electronics,Urban,11033.23,8.78,SUP0041,7,True
PROD000832,Fiction Novel,Books,Max,94667.79,13.73,SUP0168,33,True
PROD000833,Wheat Flour,Grocery,Elite,98785.07,7.17,SUP0039,49,True
PROD000834,Running Shoes,Sports,Max,22520.96,10.11,SUP0407,63,True
PROD000835,Mixer Grinder,Home & Kitchen,Value,21058.85,25.28,SUP0388,9,True
PROD000836,Jeans,Fashion,Nova,23374.93,26.27,SUP0434,42,True
PROD000837,Programming Book,Books,Max,96855.42,12.89,SUP0028,66,True
PROD000838,Shampoo,Beauty,Elite,64706.71,6.16,SUP0323,98,True
PROD000839,Moisturizer,Beauty,Max,77849.41,17.67,SUP0168,26,True
PROD000840,Coffee,Grocery,Urban,7173.22,21.86,SUP0048,46,True
PROD000841,Smart Watch,Electronics,Urban,48411.47,22.41,SUP0146,52,True
PROD000842,Cookware Set,Home & Kitchen,Nova,51534.01,23.28,SUP0308,85,True
PROD000843,Coffee,Grocery,Value,59651.78,2.54,SUP0079,94,True
PROD000844,Tea,Grocery,Urban,96762.93,7.22,SUP0154,16,True
PROD000845,Formal Shirt,Fashion,Pro,29148.72,4.02,SUP0050,100,True
PROD000846,Smartphone,Electronics,Elite,93290.53,14.75,SUP0416,11,True
PROD000847,Storage Box,Home & Kitchen,Nova,84377.97,9.65,SUP0096,89,True
PROD000848,Football,Sports,Prime,59977.68,11.93,SUP0314,48,True
PROD000849,Moisturizer,Beauty,Urban,49891.91,12.61,SUP0026,97,True
PROD000850,Running Shoes,Sports,Urban,44290.3,22.12,SUP0374,84,True
PROD000851,Face Wash,Beauty,Value,19549.04,1.58,SUP0352,74,True
PROD000852,Phone Case,Accessories,Value,17891.71,12.23,SUP0086,90,False
PROD000853,Jeans,Fashion,Elite,91039.43,27.23,SUP0054,90,True
PROD000854,Cricket Bat,Sports,Value,99978.47,19.54,SUP0355,72,True
PROD000855,Cricket Bat,Sports,Elite,50520.44,28.42,SUP0460,23,True
PROD000856,Belt,Accessories,Prime,84696.52,2.44,SUP0458,73,True
PROD000857,Wireless Earbuds,Electronics,Prime,34854.1,17.69,SUP0083,76,True
PROD000858,Jeans,Fashion,Pro,80164.44,1.97,SUP0321,27,True
PROD000859,Wheat Flour,Grocery,Max,61064.16,10.14,SUP0103,58,True
PROD000860,Football,Sports,Pro,13265.82,25.26,SUP0295,70,True
PROD000861,Tablet,Electronics,Pro,41021.5,14.32,SUP0070,40,True
PROD000862,Rice,Grocery,Max,68362.38,8.34,SUP0224,92,True
PROD000863,Tea,Grocery,Max,88640.22,23.49,SUP0478,66,True
PROD000864,Smart Watch,Electronics,Nova,84618.6,20.69,SUP0407,76,True
PROD000865,Cooking Oil,Grocery,Pro,14927.88,22.42,SUP0484,37,True
PROD000866,Water Bottle,Home & Kitchen,Elite,15007.41,28.25,SUP0052,96,True
PROD000867,Mixer Grinder,Home & Kitchen,Value,44954.44,25.65,SUP0437,66,True
PROD000868,Dry Fruits,Grocery,Urban,51767.47,8.02,SUP0048,5,False
PROD000869,Running Shoes,Sports,Urban,71313.31,23.8,SUP0307,15,True
PROD000870,Dry Fruits,Grocery,Pro,96246.36,4.75,SUP0376,46,True
PROD000871,Kurta,Fashion,Nova,81706.0,7.95,SUP0150,23,True
PROD000872,Formal Shirt,Fashion,Elite,31130.12,3.32,SUP0177,83,True
PROD000873,Wallet,Accessories,Value,15914.67,9.2,SUP0078,20,True
PROD000874,Jacket,Fashion,Elite,65941.85,2.51,SUP0054,90,True
PROD000875,Belt,Accessories,Urban,88234.67,5.27,SUP0495,70,True
PROD000876,Cooking Oil,Grocery,Max,1358.51,1.92,SUP0445,6,True
PROD000877,Air Fryer,Home & Kitchen,Max,40789.01,3.05,SUP0187,35,True
PROD000878,Exam Preparation Book,Books,Nova,79312.77,22.26,SUP0049,15,True
PROD000879,Sneakers,Fashion,Value,21779.19,23.7,SUP0453,13,True
PROD000880,Tea,Grocery,Prime,89981.74,10.23,SUP0496,36,True
PROD000881,Cookware Set,Home & Kitchen,Max,80156.88,0.71,SUP0368,39,True
PROD000882,Sunglasses,Accessories,Urban,29141.55,23.67,SUP0212,17,False
PROD000883,Shampoo,Beauty,Urban,97982.88,0.32,SUP0182,100,True
PROD000884,Perfume,Beauty,Elite,77069.55,17.35,SUP0348,76,True
PROD000885,Wheat Flour,Grocery,Prime,66852.48,5.47,SUP0152,85,True
PROD000886,Backpack,Accessories,Pro,55968.37,13.36,SUP0355,17,True
PROD000887,Smartphone,Electronics,Urban,5394.96,20.23,SUP0149,91,True
PROD000888,Data Science Book,Books,Elite,62973.55,12.9,SUP0071,89,True
PROD000889,Exam Preparation Book,Books,Pro,59646.07,22.41,SUP0319,17,True
PROD000890,Programming Book,Books,Urban,5678.92,25.46,SUP0287,20,True
PROD000891,Yoga Mat,Sports,Urban,22239.06,16.74,SUP0022,76,True
PROD000892,Exam Preparation Book,Books,Max,14608.77,29.31,SUP0316,59,True
PROD000893,Shampoo,Beauty,Urban,35264.81,12.07,SUP0242,71,True
PROD000894,Air Fryer,Home & Kitchen,Nova,71471.43,5.06,SUP0037,10,True
PROD000895,Tea,Grocery,Nova,97196.18,25.33,SUP0020,12,True
PROD000896,Running Shoes,Sports,Max,13376.5,7.83,SUP0353,79,True
PROD000897,Mixer Grinder,Home & Kitchen,Pro,13428.18,19.04,SUP0184,34,True
PROD000898,Rice,Grocery,Pro,52436.55,8.98,SUP0071,7,True
PROD000899,Wheat Flour,Grocery,Prime,39892.63,8.56,SUP0451,91,True
PROD000900,Air Fryer,Home & Kitchen,Value,98993.21,0.68,SUP0106,75,True
PROD000901,Smartphone,Electronics,Value,25934.74,4.23,SUP0031,26,True
PROD000902,Storage Box,Home & Kitchen,Value,84206.46,15.12,SUP0251,77,True
PROD000903,Storage Box,Home & Kitchen,Elite,90889.38,20.97,SUP0482,73,True
PROD000904,Shampoo,Beauty,Elite,41291.52,8.69,SUP0422,33,True
PROD000905,Mixer Grinder,Home & Kitchen,Nova,34788.37,0.5,SUP0019,81,False
PROD000906,Tea,Grocery,Pro,86780.63,25.2,SUP0221,72,True
PROD000907,Dry Fruits,Grocery,Elite,37699.98,15.2,SUP0076,20,True
PROD000908,Wireless Earbuds,Electronics,Nova,78785.77,8.95,SUP0354,76,True
PROD000909,Bedsheet,Home & Kitchen,Nova,73834.76,16.65,SUP0039,23,True
PROD000910,Running Shoes,Sports,Prime,27580.38,22.4,SUP0377,5,True
PROD000911,Wheat Flour,Grocery,Prime,31911.78,17.97,SUP0463,85,True
PROD000912,Bluetooth Speaker,Electronics,Urban,80006.42,13.4,SUP0307,91,True
PROD000913,Running Shoes,Sports,Elite,82694.95,12.11,SUP0337,36,True
PROD000914,Backpack,Accessories,Elite,67872.66,15.87,SUP0465,25,True
PROD000915,Wireless Earbuds,Electronics,Prime,1384.22,11.87,SUP0308,98,True
PROD000916,Air Fryer,Home & Kitchen,Nova,13537.28,12.0,SUP0300,47,True
PROD000917,Bluetooth Speaker,Electronics,Nova,14122.99,26.13,SUP0136,92,True
PROD000918,Water Bottle,Home & Kitchen,Elite,52331.78,24.06,SUP0278,14,True
PROD000919,Running Shoes,Sports,Max,48219.29,0.88,SUP0088,78,True
PROD000920,Cricket Bat,Sports,Max,83580.88,13.47,SUP0079,11,True
PROD000921,Perfume,Beauty,Urban,32605.55,29.97,SUP0371,32,True
PROD000922,Wireless Earbuds,Electronics,Elite,8806.43,21.97,SUP0030,68,True
PROD000923,Fiction Novel,Books,Max,15534.07,3.37,SUP0256,25,True
PROD000924,Water Bottle,Home & Kitchen,Nova,64406.73,16.84,SUP0423,96,True
PROD000925,Cooking Oil,Grocery,Value,81848.26,4.89,SUP0013,37,True
PROD000926,Sunscreen,Beauty,Prime,38057.68,2.0,SUP0343,64,True
PROD000927,Bedsheet,Home & Kitchen,Max,73511.06,26.63,SUP0442,96,True
PROD000928,Backpack,Accessories,Max,8034.7,6.98,SUP0261,94,True
PROD000929,Backpack,Accessories,Urban,54930.16,16.09,SUP0108,94,True
PROD000930,Kurta,Fashion,Pro,35367.8,25.03,SUP0358,41,True
PROD000931,Data Science Book,Books,Value,55683.71,9.25,SUP0108,35,True
PROD000932,Smartphone,Electronics,Elite,82595.22,13.06,SUP0485,96,True
PROD000933,Coffee,Grocery,Prime,41254.3,26.84,SUP0389,71,True
PROD000934,Yoga Mat,Sports,Pro,80488.16,25.58,SUP0486,6,True
PROD000935,Water Bottle,Home & Kitchen,Nova,98481.59,23.3,SUP0217,63,True
PROD000936,Storage Box,Home & Kitchen,Elite,58341.75,13.6,SUP0194,77,True
PROD000937,Cookware Set,Home & Kitchen,Prime,90656.17,28.36,SUP0094,21,True
PROD000938,Running Shoes,Sports,Max,98405.24,20.0,SUP0124,60,True
PROD000939,Cricket Bat,Sports,Prime,40195.12,28.23,SUP0098,8,True
PROD000940,Tablet,Electronics,Prime,85222.52,4.83,SUP0456,20,True
PROD000941,Mixer Grinder,Home & Kitchen,Value,47652.42,5.6,SUP0119,83,True
PROD000942,Smartphone,Electronics,Prime,90732.54,5.08,SUP0273,6,True
PROD000943,Dumbbells,Sports,Elite,56403.84,20.89,SUP0262,35,True
PROD000944,Bluetooth Speaker,Electronics,Max,17391.52,19.84,SUP0352,79,True
PROD000945,Dry Fruits,Grocery,Value,39663.55,24.07,SUP0411,21,True
PROD000946,Sneakers,Fashion,Nova,49016.16,10.06,SUP0097,30,True
PROD000947,Cooking Oil,Grocery,Value,97240.51,24.47,SUP0435,5,True
PROD000948,Bluetooth Speaker,Electronics,Nova,98301.65,22.52,SUP0126,13,True
PROD000949,Sunglasses,Accessories,Prime,90868.82,18.16,SUP0437,28,True
PROD000950,Air Fryer,Home & Kitchen,Pro,85465.61,15.0,SUP0059,94,True
PROD000951,Shampoo,Beauty,Elite,37316.78,4.29,SUP0367,14,True
PROD000952,Phone Case,Accessories,Prime,31016.69,4.97,SUP0463,61,True
PROD000953,Rice,Grocery,Pro,60638.14,0.41,SUP0147,89,True
PROD000954,Air Fryer,Home & Kitchen,Nova,71161.89,3.95,SUP0087,21,True
PROD000955,Running Shoes,Sports,Elite,9228.87,24.8,SUP0291,89,True
PROD000956,Running Shoes,Sports,Urban,82645.82,18.02,SUP0454,94,False
PROD000957,Fiction Novel,Books,Urban,86620.76,10.39,SUP0039,14,True
PROD000958,Exam Preparation Book,Books,Value,34667.43,8.25,SUP0460,44,True
PROD000959,Dry Fruits,Grocery,Nova,44047.76,7.43,SUP0047,21,True
PROD000960,Wallet,Accessories,Urban,1253.08,0.69,SUP0158,21,True
PROD000961,Smartphone,Electronics,Elite,46229.5,14.88,SUP0221,40,True
PROD000962,Mixer Grinder,Home & Kitchen,Nova,10362.74,12.96,SUP0341,29,True
PROD000963,Smartphone,Electronics,Value,74128.27,27.15,SUP0025,43,True
PROD000964,Smart Watch,Electronics,Elite,6847.9,13.79,SUP0255,61,True
PROD000965,Water Bottle,Home & Kitchen,Urban,80603.17,11.12,SUP0309,34,True
PROD000966,Shampoo,Beauty,Urban,73694.29,3.36,SUP0074,32,True
PROD000967,Cooking Oil,Grocery,Prime,51311.51,2.23,SUP0464,87,False
PROD000968,Smart Watch,Electronics,Prime,55184.26,14.8,SUP0226,39,True
PROD000969,Moisturizer,Beauty,Max,26818.27,15.71,SUP0179,71,True
PROD000970,Phone Case,Accessories,Max,51407.46,23.63,SUP0163,25,True
PROD000971,Storage Box,Home & Kitchen,Prime,14850.17,8.75,SUP0127,38,True
PROD000972,Laptop,Electronics,Value,21017.4,4.21,SUP0420,39,True
PROD000973,Air Fryer,Home & Kitchen,Pro,35328.96,1.04,SUP0273,35,True
PROD000974,Air Fryer,Home & Kitchen,Pro,25355.8,29.19,SUP0315,48,True
PROD000975,Phone Case,Accessories,Prime,85296.37,29.9,SUP0404,81,True
PROD000976,Moisturizer,Beauty,Max,15443.42,14.96,SUP0466,42,True
PROD000977,Programming Book,Books,Max,97140.07,3.52,SUP0246,80,True
PROD000978,Tea,Grocery,Pro,31630.34,12.79,SUP0265,72,True
PROD000979,Mixer Grinder,Home & Kitchen,Nova,32702.78,10.72,SUP0306,53,True
PROD000980,Dry Fruits,Grocery,Nova,17577.55,17.12,SUP0394,38,True
PROD000981,Kurta,Fashion,Prime,25591.01,28.33,SUP0143,45,True
PROD000982,Fiction Novel,Books,Urban,62376.29,1.47,SUP0415,52,True
PROD000983,Formal Shirt,Fashion,Elite,68363.16,17.77,SUP0112,100,True
PROD000984,Wheat Flour,Grocery,Value,90173.73,20.1,SUP0202,22,True
PROD000985,Smartphone,Electronics,Elite,25417.41,16.54,SUP0353,89,True
PROD000986,Face Wash,Beauty,Max,43758.48,7.93,SUP0358,48,True
PROD000987,Mixer Grinder,Home & Kitchen,Max,71599.23,19.47,SUP0026,30,True
PROD000988,Rice,Grocery,Value,37901.41,1.12,SUP0213,29,False
PROD000989,Cookware Set,Home & Kitchen,Pro,69802.62,18.81,SUP0041,43,True
PROD000990,Bedsheet,Home & Kitchen,Max,46286.68,15.53,SUP0500,72,True
PROD000991,Smartphone,Electronics,Max,86084.74,4.77,SUP0063,19,True
PROD000992,Business Book,Books,Urban,37225.69,18.57,SUP0027,64,True
PROD000993,Air Fryer,Home & Kitchen,Urban,32729.27,25.46,SUP0300,15,True
PROD000994,Rice,Grocery,Pro,15830.33,16.41,SUP0062,38,True
PROD000995,Moisturizer,Beauty,Prime,19110.21,8.81,SUP0220,60,True
PROD000996,Mixer Grinder,Home & Kitchen,Pro,66744.28,26.57,SUP0136,47,True
PROD000997,Exam Preparation Book,Books,Value,47884.72,18.64,SUP0447,93,True
PROD000998,Coffee,Grocery,Max,71134.86,9.76,SUP0022,48,True
PROD000999,Sunscreen,Beauty,Prime,2213.88,25.79,SUP0384,66,True
PROD001000,Phone Case,Accessories,Value,76817.07,23.62,SUP0320,7,True
PROD001001,Dumbbells,Sports,Nova,88762.48,3.65,SUP0185,44,True
PROD001002,Programming Book,Books,Nova,61473.25,7.02,SUP0161,11,True
PROD001003,Tablet,Electronics,Urban,15035.35,16.76,SUP0222,74,True
PROD001004,Cricket Bat,Sports,Max,68943.14,13.29,SUP0308,25,True
PROD001005,Cricket Bat,Sports,Elite,78983.97,11.34,SUP0442,96,True
PROD001006,Coffee,Grocery,Nova,38061.45,12.62,SUP0034,77,True
PROD001007,Yoga Mat,Sports,Pro,34046.38,10.96,SUP0406,92,True
PROD001008,Perfume,Beauty,Urban,65400.56,21.24,SUP0220,61,True
PROD001009,Yoga Mat,Sports,Urban,43107.32,22.3,SUP0018,7,True
PROD001010,Bluetooth Speaker,Electronics,Elite,14496.86,16.89,SUP0106,90,True
PROD001011,Perfume,Beauty,Urban,51223.27,4.09,SUP0306,37,False
PROD001012,Moisturizer,Beauty,Max,12602.25,25.17,SUP0213,58,True
PROD001013,Mixer Grinder,Home & Kitchen,Pro,3640.59,4.23,SUP0384,74,True
PROD001014,Shampoo,Beauty,Urban,88008.96,29.05,SUP0176,85,True
PROD001015,Mixer Grinder,Home & Kitchen,Max,44548.37,1.2,SUP0215,75,True
PROD001016,Perfume,Beauty,Max,87532.08,25.35,SUP0159,92,True
PROD001017,Formal Shirt,Fashion,Urban,40671.4,1.13,SUP0276,54,True
PROD001018,Shampoo,Beauty,Elite,47885.6,13.05,SUP0314,20,True
PROD001019,Tea,Grocery,Prime,83517.03,7.43,SUP0321,24,True
PROD001020,Coffee,Grocery,Pro,98876.01,24.34,SUP0108,76,True
PROD001021,Smart Watch,Electronics,Nova,41536.84,28.71,SUP0297,21,True
PROD001022,Perfume,Beauty,Elite,19722.95,24.55,SUP0425,27,True
PROD001023,Smart Watch,Electronics,Elite,5629.47,6.67,SUP0379,79,True
PROD001024,Football,Sports,Urban,78361.5,14.09,SUP0287,81,True
PROD001025,Jeans,Fashion,Pro,98597.59,5.08,SUP0010,45,True
PROD001026,Jeans,Fashion,Nova,63455.13,18.56,SUP0224,35,True
PROD001027,Phone Case,Accessories,Prime,37964.67,13.02,SUP0017,93,True
PROD001028,Smartphone,Electronics,Prime,71182.2,10.68,SUP0472,13,True
PROD001029,Formal Shirt,Fashion,Max,97923.64,5.14,SUP0490,35,True
PROD001030,Bedsheet,Home & Kitchen,Prime,64489.21,11.22,SUP0488,84,True
PROD001031,Dumbbells,Sports,Nova,88383.27,7.19,SUP0483,20,True
PROD001032,Dry Fruits,Grocery,Pro,55992.46,29.91,SUP0456,99,True
PROD001033,Coffee,Grocery,Value,3584.78,18.76,SUP0259,47,True
PROD001034,Backpack,Accessories,Pro,15676.19,27.02,SUP0417,51,True
PROD001035,Wireless Earbuds,Electronics,Max,13529.97,18.44,SUP0457,67,True
PROD001036,Jeans,Fashion,Nova,89529.7,5.44,SUP0128,76,True
PROD001037,Moisturizer,Beauty,Value,88462.85,29.81,SUP0446,67,True
PROD001038,Backpack,Accessories,Nova,10523.38,4.27,SUP0249,17,True
PROD001039,Backpack,Accessories,Elite,66715.24,4.58,SUP0282,27,True
PROD001040,Kurta,Fashion,Value,68040.22,9.13,SUP0381,90,True
PROD001041,Kurta,Fashion,Prime,75287.87,14.06,SUP0174,38,True
PROD001042,Data Science Book,Books,Urban,64550.09,12.68,SUP0306,77,True
PROD001043,Wallet,Accessories,Elite,62558.25,3.98,SUP0286,55,True
PROD001044,Water Bottle,Home & Kitchen,Pro,3214.59,0.54,SUP0392,5,True
PROD001045,Coffee,Grocery,Value,97122.7,9.69,SUP0445,9,True
PROD001046,Smart Watch,Electronics,Elite,98483.73,2.43,SUP0095,52,True
PROD001047,Cricket Bat,Sports,Prime,95476.58,18.1,SUP0098,21,True
PROD001048,Jeans,Fashion,Max,80732.58,9.89,SUP0014,34,True
PROD001049,Jeans,Fashion,Value,90927.65,29.63,SUP0295,46,True
PROD001050,Water Bottle,Home & Kitchen,Urban,34711.81,20.41,SUP0214,82,True
PROD001051,Kurta,Fashion,Urban,15182.82,14.68,SUP0385,88,True
PROD001052,Kurta,Fashion,Pro,73220.9,7.93,SUP0335,12,False
PROD001053,Storage Box,Home & Kitchen,Prime,220.75,1.17,SUP0475,18,True
PROD001054,Smartphone,Electronics,Value,29207.64,18.52,SUP0196,46,True
PROD001055,Backpack,Accessories,Elite,1122.17,21.23,SUP0292,6,True
PROD001056,Cricket Bat,Sports,Urban,11622.18,19.62,SUP0045,94,True
PROD001057,Business Book,Books,Elite,86034.95,6.54,SUP0212,47,True
PROD001058,Phone Case,Accessories,Nova,96425.03,18.73,SUP0123,41,True
PROD001059,Running Shoes,Sports,Elite,93125.97,3.5,SUP0412,34,True
PROD001060,Wireless Earbuds,Electronics,Nova,4088.6,1.65,SUP0482,70,True
PROD001061,Bluetooth Speaker,Electronics,Urban,63449.13,13.31,SUP0316,68,True
PROD001062,Fiction Novel,Books,Pro,70613.5,24.3,SUP0417,79,True
PROD001063,Laptop,Electronics,Max,48935.12,6.38,SUP0423,75,True
PROD001064,Tea,Grocery,Nova,81677.76,5.19,SUP0366,40,True
PROD001065,Laptop,Electronics,Urban,10668.65,10.1,SUP0341,65,True
PROD001066,Water Bottle,Home & Kitchen,Max,30973.45,1.0,SUP0204,74,True
PROD001067,Exam Preparation Book,Books,Elite,9523.08,29.13,SUP0274,50,True
PROD001068,Belt,Accessories,Prime,12053.79,10.38,SUP0214,52,True
PROD001069,Wheat Flour,Grocery,Prime,94024.5,28.79,SUP0313,99,True
PROD001070,Dumbbells,Sports,Nova,12132.9,13.44,SUP0476,55,True
PROD001071,Cookware Set,Home & Kitchen,Prime,29815.39,18.95,SUP0099,47,True
PROD001072,Wheat Flour,Grocery,Urban,93125.49,7.25,SUP0227,19,True
PROD001073,Coffee,Grocery,Elite,95075.6,21.96,SUP0134,24,True
PROD001074,Laptop,Electronics,Pro,19577.99,17.66,SUP0084,66,True
PROD001075,Yoga Mat,Sports,Value,55364.42,21.08,SUP0146,61,True
PROD001076,Kurta,Fashion,Value,32039.55,14.73,SUP0154,77,True
PROD001077,Sneakers,Fashion,Pro,45144.82,23.88,SUP0268,61,True
PROD001078,Smartphone,Electronics,Max,82045.16,4.2,SUP0236,49,True
PROD001079,Belt,Accessories,Prime,11230.41,2.9,SUP0326,84,True
PROD001080,Wallet,Accessories,Nova,75268.29,10.81,SUP0262,61,True
PROD001081,Phone Case,Accessories,Value,12636.62,21.28,SUP0103,15,True
PROD001082,Wireless Earbuds,Electronics,Nova,56305.26,4.46,SUP0194,14,True
PROD001083,Storage Box,Home & Kitchen,Urban,4437.83,4.74,SUP0395,68,True
PROD001084,Smart Watch,Electronics,Urban,96337.16,28.81,SUP0211,91,True
PROD001085,Smartphone,Electronics,Pro,18096.33,23.51,SUP0195,83,True
PROD001086,Sunglasses,Accessories,Urban,19111.19,21.87,SUP0188,55,True
PROD001087,Moisturizer,Beauty,Pro,24515.22,29.85,SUP0394,54,True
PROD001088,Backpack,Accessories,Nova,1600.65,23.27,SUP0359,100,False
PROD001089,Shampoo,Beauty,Elite,98605.31,13.53,SUP0346,91,True
PROD001090,Coffee,Grocery,Urban,73589.42,10.77,SUP0289,47,True
PROD001091,Cricket Bat,Sports,Nova,68799.7,21.13,SUP0335,15,True
PROD001092,Air Fryer,Home & Kitchen,Elite,49321.33,28.04,SUP0017,16,True
PROD001093,Face Wash,Beauty,Nova,31162.58,22.8,SUP0438,70,True
PROD001094,Tablet,Electronics,Urban,57108.94,14.97,SUP0446,18,False
PROD001095,Moisturizer,Beauty,Elite,83724.9,15.81,SUP0277,14,True
PROD001096,Coffee,Grocery,Urban,91544.73,2.16,SUP0315,68,True
PROD001097,Bedsheet,Home & Kitchen,Value,86725.11,17.02,SUP0323,30,False
PROD001098,Running Shoes,Sports,Nova,88377.72,24.27,SUP0253,17,True
PROD001099,Mixer Grinder,Home & Kitchen,Value,90587.72,14.42,SUP0200,11,True
PROD001100,Shampoo,Beauty,Urban,26987.89,19.9,SUP0019,100,True
PROD001101,Smartphone,Electronics,Value,46844.71,29.93,SUP0159,79,True
PROD001102,Coffee,Grocery,Elite,4448.59,19.61,SUP0051,82,False
PROD001103,Running Shoes,Sports,Max,88967.94,24.06,SUP0087,99,True
PROD001104,Business Book,Books,Nova,54064.55,25.81,SUP0374,17,True
PROD001105,Formal Shirt,Fashion,Pro,64093.22,6.41,SUP0441,70,False
PROD001106,Tea,Grocery,Pro,63989.02,19.53,SUP0473,55,True
PROD001107,Tablet,Electronics,Prime,82040.87,1.63,SUP0029,76,True
PROD001108,Belt,Accessories,Pro,91243.83,9.66,SUP0010,95,True
PROD001109,Formal Shirt,Fashion,Prime,87009.43,10.78,SUP0305,91,True
PROD001110,Mixer Grinder,Home & Kitchen,Max,65746.06,26.94,SUP0479,10,True
PROD001111,Bedsheet,Home & Kitchen,Elite,28504.7,5.07,SUP0262,94,True
PROD001112,Sneakers,Fashion,Pro,20481.41,15.69,SUP0099,39,True
PROD001113,Bluetooth Speaker,Electronics,Nova,25855.71,6.84,SUP0438,66,True
PROD001114,Tea,Grocery,Max,13806.54,2.06,SUP0362,68,True
PROD001115,Kurta,Fashion,Max,88148.36,4.62,SUP0464,73,True
PROD001116,Sunscreen,Beauty,Elite,76102.75,13.23,SUP0017,32,True
PROD001117,Jeans,Fashion,Elite,47005.89,1.92,SUP0474,43,True
PROD001118,Smartphone,Electronics,Elite,71407.09,15.61,SUP0370,47,True
PROD001119,Rice,Grocery,Urban,49644.13,23.03,SUP0245,6,True
PROD001120,Dry Fruits,Grocery,Elite,16471.54,11.12,SUP0419,42,True
PROD001121,Football,Sports,Max,93200.11,23.33,SUP0267,5,True
PROD001122,Sunscreen,Beauty,Urban,73767.42,19.11,SUP0218,99,True
PROD001123,Yoga Mat,Sports,Max,60945.92,5.23,SUP0481,25,True
PROD001124,Sunglasses,Accessories,Nova,13350.58,6.63,SUP0107,33,True
PROD001125,Yoga Mat,Sports,Nova,43300.76,25.1,SUP0138,6,True
PROD001126,Moisturizer,Beauty,Pro,20114.33,21.35,SUP0082,47,True
PROD001127,Wheat Flour,Grocery,Prime,12288.11,13.41,SUP0423,86,True
PROD001128,Storage Box,Home & Kitchen,Prime,85380.01,14.56,SUP0131,89,True
PROD001129,Air Fryer,Home & Kitchen,Value,92310.77,17.62,SUP0346,20,True
PROD001130,Shampoo,Beauty,Max,34818.78,16.19,SUP0304,46,True
PROD001131,Bedsheet,Home & Kitchen,Elite,24214.03,8.68,SUP0315,21,True
PROD001132,Business Book,Books,Urban,90352.35,12.41,SUP0080,35,True
PROD001133,Formal Shirt,Fashion,Nova,79683.84,17.35,SUP0453,37,True
PROD001134,Jacket,Fashion,Urban,11588.86,5.68,SUP0239,86,True
PROD001135,Perfume,Beauty,Value,90984.94,29.71,SUP0045,30,True
PROD001136,Football,Sports,Urban,59371.26,25.95,SUP0414,81,True
PROD001137,Data Science Book,Books,Max,24086.09,10.73,SUP0147,68,True
PROD001138,Moisturizer,Beauty,Pro,93755.6,15.76,SUP0169,88,True
PROD001139,Dumbbells,Sports,Max,16958.78,19.3,SUP0128,67,True
PROD001140,Wireless Earbuds,Electronics,Elite,88507.94,5.93,SUP0403,72,True
PROD001141,Jacket,Fashion,Max,11778.4,9.2,SUP0497,89,True
PROD001142,Water Bottle,Home & Kitchen,Elite,17857.6,11.14,SUP0149,38,True
PROD001143,Kurta,Fashion,Max,16098.66,28.89,SUP0110,23,True
PROD001144,Yoga Mat,Sports,Elite,70744.51,5.85,SUP0128,52,True
PROD001145,Moisturizer,Beauty,Pro,87325.85,5.45,SUP0049,37,True
PROD001146,Belt,Accessories,Pro,57500.99,7.65,SUP0397,20,True
PROD001147,Football,Sports,Elite,5642.14,11.06,SUP0169,93,True
PROD001148,Belt,Accessories,Urban,17524.57,3.49,SUP0161,41,True
PROD001149,Football,Sports,Urban,23646.56,1.12,SUP0046,79,True
PROD001150,Kurta,Fashion,Prime,98129.16,4.16,SUP0152,52,True
PROD001151,Tea,Grocery,Nova,85844.14,16.05,SUP0167,33,True
PROD001152,Air Fryer,Home & Kitchen,Elite,39366.83,16.88,SUP0451,37,True
PROD001153,Face Wash,Beauty,Prime,68947.37,11.05,SUP0438,24,True
PROD001154,Perfume,Beauty,Nova,54699.41,4.84,SUP0252,62,True
PROD001155,Bedsheet,Home & Kitchen,Max,53814.17,20.38,SUP0332,93,True
PROD001156,Kurta,Fashion,Elite,55011.7,13.07,SUP0291,37,True
PROD001157,Laptop,Electronics,Pro,33513.27,20.33,SUP0251,71,False
PROD001158,Dumbbells,Sports,Pro,40048.88,5.19,SUP0049,70,True
PROD001159,Cooking Oil,Grocery,Prime,29989.59,12.21,SUP0426,57,True
PROD001160,Dry Fruits,Grocery,Max,14462.72,27.9,SUP0250,29,True
PROD001161,Jeans,Fashion,Value,25657.22,0.62,SUP0161,13,True
PROD001162,T-Shirt,Fashion,Urban,87050.06,6.89,SUP0351,85,True
PROD001163,Backpack,Accessories,Pro,82003.81,14.1,SUP0195,50,True
PROD001164,Kurta,Fashion,Max,36116.36,13.09,SUP0044,68,True
PROD001165,Jeans,Fashion,Nova,43462.64,28.36,SUP0022,37,True
PROD001166,Rice,Grocery,Prime,63679.03,16.67,SUP0290,15,True
PROD001167,Dry Fruits,Grocery,Urban,59977.65,19.71,SUP0493,44,True
PROD001168,Backpack,Accessories,Prime,40673.99,5.85,SUP0263,36,True
PROD001169,Bluetooth Speaker,Electronics,Elite,30035.27,27.94,SUP0376,19,True
PROD001170,Laptop,Electronics,Urban,76987.62,8.18,SUP0358,65,True
PROD001171,Cookware Set,Home & Kitchen,Elite,48693.52,20.06,SUP0159,89,True
PROD001172,Belt,Accessories,Max,70258.57,28.85,SUP0416,64,True
PROD001173,Wheat Flour,Grocery,Max,48685.95,18.9,SUP0019,21,True
PROD001174,Wireless Earbuds,Electronics,Pro,35107.87,12.79,SUP0105,49,True
PROD001175,Football,Sports,Urban,92968.13,1.94,SUP0340,19,True
PROD001176,Wireless Earbuds,Electronics,Elite,49581.85,19.47,SUP0200,40,True
PROD001177,Tablet,Electronics,Value,54115.85,3.28,SUP0357,70,True
PROD001178,Wireless Earbuds,Electronics,Pro,30416.64,22.39,SUP0362,24,True
PROD001179,Water Bottle,Home & Kitchen,Elite,84414.75,4.67,SUP0099,74,True
PROD001180,Air Fryer,Home & Kitchen,Max,75987.01,1.36,SUP0190,6,True
PROD001181,Laptop,Electronics,Pro,98812.49,12.96,SUP0350,58,True
PROD001182,Air Fryer,Home & Kitchen,Max,52243.37,2.41,SUP0317,94,True
PROD001183,Perfume,Beauty,Pro,24798.85,9.57,SUP0115,81,True
PROD001184,Cookware Set,Home & Kitchen,Pro,66945.01,1.03,SUP0288,55,True
PROD001185,Air Fryer,Home & Kitchen,Pro,83970.42,17.94,SUP0061,100,True
PROD001186,Face Wash,Beauty,Prime,24421.71,0.75,SUP0360,81,True
PROD001187,Kurta,Fashion,Prime,9002.31,3.33,SUP0280,13,True
PROD001188,Backpack,Accessories,Nova,31664.3,23.67,SUP0354,45,True
PROD001189,Coffee,Grocery,Urban,20688.68,14.72,SUP0042,52,True
PROD001190,Coffee,Grocery,Value,45510.65,20.55,SUP0175,60,True
PROD001191,Water Bottle,Home & Kitchen,Prime,81126.71,15.74,SUP0151,57,True
PROD001192,Moisturizer,Beauty,Prime,13994.26,12.88,SUP0199,13,True
PROD001193,Mixer Grinder,Home & Kitchen,Nova,50410.44,1.22,SUP0467,77,True
PROD001194,Formal Shirt,Fashion,Pro,86329.78,13.49,SUP0480,100,False
PROD001195,Moisturizer,Beauty,Pro,48346.09,4.73,SUP0184,9,True
PROD001196,Shampoo,Beauty,Nova,89146.8,13.01,SUP0341,9,True
PROD001197,Backpack,Accessories,Value,17005.95,28.26,SUP0478,99,True
PROD001198,Perfume,Beauty,Urban,75505.41,1.67,SUP0041,42,True
PROD001199,Air Fryer,Home & Kitchen,Max,53882.05,9.87,SUP0432,31,True
PROD001200,Tablet,Electronics,Urban,21707.76,15.7,SUP0172,38,True
PROD001201,Sunglasses,Accessories,Max,98881.02,3.66,SUP0381,84,True
PROD001202,Tea,Grocery,Pro,92904.03,5.9,SUP0010,66,True
PROD001203,Cooking Oil,Grocery,Urban,70847.17,15.65,SUP0434,74,True
PROD001204,Dry Fruits,Grocery,Max,33158.14,15.72,SUP0342,58,True
PROD001205,Cricket Bat,Sports,Elite,22796.7,20.09,SUP0129,7,True
PROD001206,Perfume,Beauty,Elite,41108.74,7.71,SUP0396,80,True
PROD001207,Tea,Grocery,Prime,93187.31,3.63,SUP0428,99,True
PROD001208,Football,Sports,Nova,35076.62,26.49,SUP0051,5,True
PROD001209,T-Shirt,Fashion,Nova,41729.68,26.96,SUP0337,67,True
PROD001210,Exam Preparation Book,Books,Pro,79088.61,23.79,SUP0133,80,True
PROD001211,Jacket,Fashion,Prime,53871.8,7.67,SUP0147,52,True
PROD001212,Phone Case,Accessories,Nova,56556.06,11.45,SUP0282,79,True
PROD001213,Perfume,Beauty,Nova,39154.26,25.9,SUP0272,10,True
PROD001214,Wheat Flour,Grocery,Prime,23332.71,8.18,SUP0359,66,True
PROD001215,Cricket Bat,Sports,Max,72740.19,24.4,SUP0432,45,True
PROD001216,T-Shirt,Fashion,Max,25146.32,10.01,SUP0136,99,True
PROD001217,Phone Case,Accessories,Prime,46677.55,1.31,SUP0434,46,True
PROD001218,Coffee,Grocery,Nova,60847.44,10.56,SUP0437,95,True
PROD001219,Cooking Oil,Grocery,Prime,77119.84,3.67,SUP0391,73,True
PROD001220,Business Book,Books,Prime,32874.21,19.56,SUP0014,35,True
PROD001221,Face Wash,Beauty,Elite,24186.56,10.68,SUP0304,38,True
PROD001222,Laptop,Electronics,Pro,65839.56,3.88,SUP0394,66,True
PROD001223,Yoga Mat,Sports,Urban,12685.4,19.82,SUP0296,47,True
PROD001224,Bluetooth Speaker,Electronics,Pro,48492.39,18.01,SUP0186,45,True
PROD001225,Storage Box,Home & Kitchen,Pro,62280.32,5.52,SUP0364,43,True
PROD001226,Jeans,Fashion,Pro,58511.59,12.59,SUP0257,33,True
PROD001227,Wallet,Accessories,Elite,45721.19,15.41,SUP0302,59,True
PROD001228,Business Book,Books,Value,60885.75,6.2,SUP0224,71,True
PROD001229,Jacket,Fashion,Prime,89410.76,13.84,SUP0012,65,True
PROD001230,Air Fryer,Home & Kitchen,Prime,45043.71,19.58,SUP0100,76,True
PROD001231,Mixer Grinder,Home & Kitchen,Value,75124.5,23.3,SUP0497,27,True
PROD001232,Cricket Bat,Sports,Prime,53265.65,21.77,SUP0296,17,True
PROD001233,Rice,Grocery,Prime,34512.91,22.28,SUP0281,91,True
PROD001234,Wheat Flour,Grocery,Elite,89146.2,29.5,SUP0040,82,True
PROD001235,Fiction Novel,Books,Value,68372.44,19.24,SUP0359,37,True
PROD001236,Wallet,Accessories,Value,5236.86,6.52,SUP0070,45,True
PROD001237,Bluetooth Speaker,Electronics,Max,24125.36,14.19,SUP0068,90,True
PROD001238,Cooking Oil,Grocery,Max,97969.77,20.96,SUP0450,90,True
PROD001239,Smart Watch,Electronics,Prime,38885.33,25.45,SUP0442,53,True
PROD001240,Bluetooth Speaker,Electronics,Prime,54333.34,29.07,SUP0172,65,True
PROD001241,Exam Preparation Book,Books,Urban,88853.24,17.56,SUP0393,50,True
PROD001242,Smartphone,Electronics,Prime,86236.72,19.35,SUP0253,14,True
PROD001243,Water Bottle,Home & Kitchen,Max,30713.4,6.47,SUP0243,16,True
PROD001244,Backpack,Accessories,Urban,46970.67,5.06,SUP0324,74,True
PROD001245,Laptop,Electronics,Pro,40117.79,21.61,SUP0340,95,True
PROD001246,Cookware Set,Home & Kitchen,Urban,29144.33,11.27,SUP0218,98,True
PROD001247,Business Book,Books,Max,79014.05,15.82,SUP0232,29,True
PROD001248,Storage Box,Home & Kitchen,Value,92784.36,26.56,SUP0080,61,True
PROD001249,Bluetooth Speaker,Electronics,Pro,40521.23,9.57,SUP0316,40,True
PROD001250,Sunglasses,Accessories,Max,99521.93,29.91,SUP0108,34,True
PROD001251,Kurta,Fashion,Nova,98623.11,27.55,SUP0243,83,True
PROD001252,Jeans,Fashion,Nova,79775.3,9.29,SUP0393,69,True
PROD001253,Laptop,Electronics,Urban,29748.54,21.32,SUP0467,42,True
PROD001254,Laptop,Electronics,Elite,64498.15,5.8,SUP0017,39,True
PROD001255,Storage Box,Home & Kitchen,Urban,4983.84,3.79,SUP0290,84,True
PROD001256,Wireless Earbuds,Electronics,Prime,31470.68,15.6,SUP0099,10,True
PROD001257,Wheat Flour,Grocery,Pro,58022.47,27.87,SUP0025,40,True
PROD001258,Smartphone,Electronics,Value,15593.69,22.55,SUP0353,60,True
PROD001259,Jeans,Fashion,Max,77975.76,21.08,SUP0446,30,True
PROD001260,Running Shoes,Sports,Max,85026.42,19.47,SUP0465,67,True
PROD001261,Jacket,Fashion,Elite,76651.31,27.76,SUP0134,100,True
PROD001262,Smartphone,Electronics,Nova,97914.78,18.15,SUP0043,20,True
PROD001263,Sneakers,Fashion,Max,76017.14,6.96,SUP0162,38,True
PROD001264,Laptop,Electronics,Nova,26655.96,1.41,SUP0128,72,True
PROD001265,Programming Book,Books,Max,5277.06,6.25,SUP0132,14,True
PROD001266,Cookware Set,Home & Kitchen,Elite,269.66,10.32,SUP0455,35,True
PROD001267,Cookware Set,Home & Kitchen,Prime,5468.33,1.71,SUP0334,48,True
PROD001268,Football,Sports,Prime,88747.19,3.72,SUP0299,29,False
PROD001269,Running Shoes,Sports,Max,12471.76,14.1,SUP0237,41,True
PROD001270,Wheat Flour,Grocery,Urban,64409.52,26.52,SUP0091,41,False
PROD001271,Air Fryer,Home & Kitchen,Nova,72048.49,18.04,SUP0432,41,True
PROD001272,Exam Preparation Book,Books,Elite,14099.0,14.27,SUP0397,81,False
PROD001273,Smart Watch,Electronics,Value,61289.08,22.53,SUP0077,11,True
PROD001274,Bedsheet,Home & Kitchen,Pro,50504.83,21.93,SUP0227,61,True
PROD001275,Yoga Mat,Sports,Elite,71535.66,17.38,SUP0186,99,True
PROD001276,T-Shirt,Fashion,Nova,12505.33,3.97,SUP0268,100,True
PROD001277,Yoga Mat,Sports,Nova,85327.08,4.85,SUP0023,76,True
PROD001278,Shampoo,Beauty,Prime,13111.66,0.28,SUP0071,71,True
PROD001279,Shampoo,Beauty,Max,82986.8,14.1,SUP0266,89,True
PROD001280,Smartphone,Electronics,Value,48492.12,11.01,SUP0362,82,True
PROD001281,Cooking Oil,Grocery,Nova,29500.47,10.43,SUP0374,12,True
PROD001282,Dry Fruits,Grocery,Prime,9803.22,28.15,SUP0481,26,True
PROD001283,Wheat Flour,Grocery,Max,32204.98,0.67,SUP0353,80,True
PROD001284,Moisturizer,Beauty,Pro,71768.4,21.0,SUP0331,59,True
PROD001285,Kurta,Fashion,Elite,36671.72,5.13,SUP0496,24,True
PROD001286,Dry Fruits,Grocery,Nova,19963.33,9.16,SUP0347,92,True
PROD001287,Dry Fruits,Grocery,Urban,51844.61,0.79,SUP0432,44,False
PROD001288,Jeans,Fashion,Value,44226.25,9.06,SUP0409,19,False
PROD001289,Sneakers,Fashion,Urban,65701.63,29.27,SUP0395,69,True
PROD001290,Smart Watch,Electronics,Urban,9335.46,12.2,SUP0494,31,True
PROD001291,Belt,Accessories,Elite,58394.31,21.09,SUP0013,82,True
PROD001292,Rice,Grocery,Urban,34827.57,19.17,SUP0244,37,True
PROD001293,Wheat Flour,Grocery,Pro,69088.38,24.04,SUP0147,82,True
PROD001294,Water Bottle,Home & Kitchen,Urban,18289.69,13.22,SUP0359,59,True
PROD001295,Face Wash,Beauty,Max,10878.68,8.2,SUP0141,97,True
PROD001296,Wireless Earbuds,Electronics,Value,91848.26,23.1,SUP0083,27,True
PROD001297,Air Fryer,Home & Kitchen,Pro,96621.91,24.76,SUP0326,86,True
PROD001298,Shampoo,Beauty,Elite,75747.52,26.3,SUP0420,20,True
PROD001299,Wireless Earbuds,Electronics,Pro,13994.66,12.9,SUP0419,78,True
PROD001300,Phone Case,Accessories,Pro,10934.14,29.98,SUP0462,6,True
PROD001301,Wheat Flour,Grocery,Max,47620.33,17.86,SUP0106,43,True
PROD001302,Perfume,Beauty,Value,51010.4,11.38,SUP0159,85,True
PROD001303,Moisturizer,Beauty,Urban,87058.29,1.98,SUP0328,40,True
PROD001304,Smartphone,Electronics,Elite,2998.79,3.17,SUP0407,16,True
PROD001305,Kurta,Fashion,Nova,66070.3,15.92,SUP0078,39,True
PROD001306,Shampoo,Beauty,Value,77475.9,2.61,SUP0014,87,True
PROD001307,Wallet,Accessories,Max,78858.56,8.45,SUP0221,92,True
PROD001308,Jeans,Fashion,Pro,66585.99,10.95,SUP0489,32,True
PROD001309,Dry Fruits,Grocery,Urban,38250.56,8.71,SUP0207,74,True
PROD001310,Sunscreen,Beauty,Pro,67947.21,21.53,SUP0258,12,True
PROD001311,Wallet,Accessories,Value,71239.99,11.72,SUP0085,84,True
PROD001312,Wireless Earbuds,Electronics,Urban,61579.69,24.88,SUP0417,98,True
PROD001313,Wallet,Accessories,Elite,89852.63,18.89,SUP0216,50,True
PROD001314,Air Fryer,Home & Kitchen,Max,8787.15,12.98,SUP0092,64,True
PROD001315,Storage Box,Home & Kitchen,Prime,38601.07,0.56,SUP0058,70,True
PROD001316,Sneakers,Fashion,Pro,39323.65,23.99,SUP0050,48,True
PROD001317,Laptop,Electronics,Nova,13571.95,10.12,SUP0065,9,True
PROD001318,Perfume,Beauty,Pro,39086.67,5.97,SUP0059,49,True
PROD001319,T-Shirt,Fashion,Urban,36248.19,6.35,SUP0337,39,True
PROD001320,Dumbbells,Sports,Nova,29292.35,14.56,SUP0058,97,False
PROD001321,Smart Watch,Electronics,Elite,25070.41,19.85,SUP0131,48,True
PROD001322,Mixer Grinder,Home & Kitchen,Urban,31603.72,29.92,SUP0242,19,True
PROD001323,Bluetooth Speaker,Electronics,Pro,59088.13,1.95,SUP0499,32,True
PROD001324,Cookware Set,Home & Kitchen,Urban,47625.79,27.38,SUP0260,20,True
PROD001325,Shampoo,Beauty,Pro,78863.29,22.17,SUP0454,36,True
PROD001326,Football,Sports,Pro,53473.0,7.77,SUP0414,88,True
PROD001327,Moisturizer,Beauty,Elite,10093.22,17.61,SUP0414,61,True
PROD001328,Smartphone,Electronics,Pro,50457.46,22.15,SUP0210,74,True
PROD001329,Cookware Set,Home & Kitchen,Elite,90618.61,16.33,SUP0458,14,True
PROD001330,Sunglasses,Accessories,Prime,34485.77,11.82,SUP0273,26,True
PROD001331,Cookware Set,Home & Kitchen,Pro,52022.01,19.27,SUP0089,5,True
PROD001332,Bluetooth Speaker,Electronics,Max,60850.87,8.31,SUP0015,70,True
PROD001333,Kurta,Fashion,Nova,39640.52,17.64,SUP0388,27,True
PROD001334,Wallet,Accessories,Pro,4613.27,16.75,SUP0251,35,True
PROD001335,Exam Preparation Book,Books,Max,72612.47,9.42,SUP0343,60,True
PROD001336,Water Bottle,Home & Kitchen,Urban,55954.8,29.79,SUP0136,22,True
PROD001337,Cricket Bat,Sports,Prime,19392.83,20.43,SUP0038,75,True
PROD001338,T-Shirt,Fashion,Nova,16698.54,4.87,SUP0105,25,True
PROD001339,Bedsheet,Home & Kitchen,Elite,86410.57,26.21,SUP0397,23,True
PROD001340,Sunglasses,Accessories,Elite,20207.17,15.88,SUP0311,56,True
PROD001341,T-Shirt,Fashion,Nova,9024.12,25.07,SUP0046,10,True
PROD001342,Air Fryer,Home & Kitchen,Pro,15344.18,9.24,SUP0174,29,True
PROD001343,Mixer Grinder,Home & Kitchen,Nova,16516.43,1.58,SUP0205,69,True
PROD001344,Smartphone,Electronics,Prime,8496.7,16.55,SUP0308,82,False
PROD001345,Face Wash,Beauty,Max,61633.67,18.59,SUP0301,95,True
PROD001346,Wallet,Accessories,Nova,95010.68,11.77,SUP0291,15,True
PROD001347,Cooking Oil,Grocery,Max,31859.56,2.26,SUP0342,12,True
PROD001348,Cookware Set,Home & Kitchen,Prime,87385.98,25.28,SUP0231,50,True
PROD001349,Moisturizer,Beauty,Max,29292.86,0.33,SUP0299,29,True
PROD001350,Face Wash,Beauty,Prime,67743.91,9.13,SUP0283,70,True
PROD001351,Bedsheet,Home & Kitchen,Prime,42549.38,1.03,SUP0011,11,True
PROD001352,Data Science Book,Books,Max,81909.07,29.02,SUP0359,94,True
PROD001353,Jacket,Fashion,Prime,56577.15,25.82,SUP0171,45,True
PROD001354,Mixer Grinder,Home & Kitchen,Nova,55093.1,18.26,SUP0128,23,True
PROD001355,Tablet,Electronics,Pro,86721.8,2.43,SUP0020,13,True
PROD001356,Cricket Bat,Sports,Urban,5915.29,18.29,SUP0210,57,True
PROD001357,Air Fryer,Home & Kitchen,Urban,42365.76,15.13,SUP0131,91,True
PROD001358,Sneakers,Fashion,Max,30384.32,26.06,SUP0291,65,True
PROD001359,Exam Preparation Book,Books,Urban,85643.51,16.21,SUP0313,76,True
PROD001360,Wallet,Accessories,Prime,66507.86,9.47,SUP0408,85,True
PROD001361,Smart Watch,Electronics,Elite,81371.2,29.37,SUP0207,79,True
PROD001362,Coffee,Grocery,Prime,42976.59,26.81,SUP0278,21,True
PROD001363,Sunscreen,Beauty,Nova,43764.74,14.56,SUP0378,68,True
PROD001364,Sunscreen,Beauty,Elite,89983.72,27.05,SUP0251,34,True
PROD001365,Tablet,Electronics,Elite,13038.45,7.56,SUP0429,93,True
PROD001366,Backpack,Accessories,Max,38578.49,23.68,SUP0188,91,True
PROD001367,Smartphone,Electronics,Urban,67823.48,14.47,SUP0436,68,True
PROD001368,Tablet,Electronics,Pro,72513.1,9.14,SUP0289,19,True
PROD001369,Smart Watch,Electronics,Value,2669.03,6.88,SUP0192,68,True
PROD001370,Cooking Oil,Grocery,Urban,18265.43,12.11,SUP0033,36,True
PROD001371,Wireless Earbuds,Electronics,Pro,8916.97,25.11,SUP0199,95,True
PROD001372,Moisturizer,Beauty,Urban,2713.57,20.15,SUP0155,94,True
PROD001373,Formal Shirt,Fashion,Pro,52509.75,5.86,SUP0105,46,True
PROD001374,Mixer Grinder,Home & Kitchen,Prime,26632.6,19.76,SUP0360,61,True
PROD001375,Kurta,Fashion,Pro,93237.01,21.21,SUP0439,30,True
PROD001376,T-Shirt,Fashion,Max,87171.16,10.66,SUP0358,61,True
PROD001377,Cooking Oil,Grocery,Pro,5277.52,17.66,SUP0428,56,True
PROD001378,Phone Case,Accessories,Max,20567.89,23.74,SUP0072,86,True
PROD001379,Programming Book,Books,Elite,67533.93,24.06,SUP0247,37,True
PROD001380,Wallet,Accessories,Value,99681.94,23.63,SUP0313,78,True
PROD001381,Bedsheet,Home & Kitchen,Value,91462.21,29.4,SUP0328,38,True
PROD001382,Bedsheet,Home & Kitchen,Max,3178.44,20.94,SUP0249,53,True
PROD001383,Water Bottle,Home & Kitchen,Nova,44656.97,2.69,SUP0225,92,True
PROD001384,Cooking Oil,Grocery,Elite,12803.71,23.04,SUP0133,72,True
PROD001385,Moisturizer,Beauty,Prime,52446.54,4.86,SUP0209,38,True
PROD001386,Water Bottle,Home & Kitchen,Nova,88558.61,16.23,SUP0251,10,True
PROD001387,Mixer Grinder,Home & Kitchen,Elite,21630.07,27.52,SUP0110,30,True
PROD001388,Cooking Oil,Grocery,Max,47356.75,23.54,SUP0025,89,True
PROD001389,Water Bottle,Home & Kitchen,Elite,47295.11,25.95,SUP0183,41,True
PROD001390,Jacket,Fashion,Value,5850.88,21.97,SUP0351,50,True
PROD001391,Laptop,Electronics,Max,1911.52,11.61,SUP0489,40,True
PROD001392,Smartphone,Electronics,Prime,90052.68,23.64,SUP0123,73,True
PROD001393,Backpack,Accessories,Max,80019.74,19.96,SUP0429,11,True
PROD001394,Wallet,Accessories,Max,26129.99,18.07,SUP0285,78,True
PROD001395,Running Shoes,Sports,Prime,88418.35,5.2,SUP0133,73,True
PROD001396,Jeans,Fashion,Pro,83191.88,5.27,SUP0187,45,True
PROD001397,Kurta,Fashion,Urban,60940.34,29.91,SUP0044,83,True
PROD001398,Mixer Grinder,Home & Kitchen,Elite,92403.79,4.73,SUP0204,92,True
PROD001399,Wireless Earbuds,Electronics,Urban,9862.25,5.28,SUP0010,100,True
PROD001400,Belt,Accessories,Prime,44531.55,20.45,SUP0264,73,True
PROD001401,Fiction Novel,Books,Max,55912.62,10.7,SUP0124,11,True
PROD001402,Cookware Set,Home & Kitchen,Max,56286.48,9.14,SUP0028,63,True
PROD001403,Bluetooth Speaker,Electronics,Pro,56982.62,0.9,SUP0428,55,True
PROD001404,Kurta,Fashion,Max,10796.73,28.43,SUP0075,27,True
PROD001405,Smartphone,Electronics,Elite,45354.07,27.33,SUP0350,94,True
PROD001406,Perfume,Beauty,Value,64551.75,17.27,SUP0449,37,True
PROD001407,Sunscreen,Beauty,Prime,4606.47,13.09,SUP0360,48,True
PROD001408,Kurta,Fashion,Value,28773.03,20.64,SUP0291,93,True
PROD001409,Laptop,Electronics,Elite,88677.87,8.75,SUP0334,60,True
PROD001410,Yoga Mat,Sports,Urban,67539.1,14.27,SUP0367,18,True
PROD001411,Face Wash,Beauty,Urban,93316.88,13.82,SUP0403,65,True
PROD001412,Kurta,Fashion,Value,38438.81,18.42,SUP0150,82,True
PROD001413,Coffee,Grocery,Pro,37037.52,16.68,SUP0429,67,True
PROD001414,Tea,Grocery,Nova,73022.84,18.97,SUP0360,49,True
PROD001415,Smartphone,Electronics,Max,51317.24,2.28,SUP0069,24,True
PROD001416,Jacket,Fashion,Max,43194.66,29.08,SUP0028,56,True
PROD001417,Storage Box,Home & Kitchen,Prime,47609.38,29.11,SUP0461,41,True
PROD001418,Belt,Accessories,Value,47674.92,29.96,SUP0418,79,True
PROD001419,Backpack,Accessories,Max,63888.17,29.33,SUP0215,86,False
PROD001420,Moisturizer,Beauty,Value,32105.48,17.26,SUP0342,41,True
PROD001421,Shampoo,Beauty,Prime,7041.24,10.54,SUP0224,6,True
PROD001422,Football,Sports,Max,91017.77,6.97,SUP0419,58,True
PROD001423,Data Science Book,Books,Max,22020.01,12.09,SUP0441,85,True
PROD001424,Phone Case,Accessories,Pro,29538.23,20.33,SUP0019,70,True
PROD001425,Coffee,Grocery,Nova,97084.29,4.72,SUP0469,99,True
PROD001426,Jeans,Fashion,Max,77098.98,1.1,SUP0208,41,True
PROD001427,Jacket,Fashion,Elite,79358.43,27.08,SUP0462,7,True
PROD001428,Data Science Book,Books,Pro,52003.5,6.31,SUP0129,55,True
PROD001429,Air Fryer,Home & Kitchen,Value,82650.72,3.86,SUP0349,10,True
PROD001430,Backpack,Accessories,Elite,88048.97,10.94,SUP0103,85,True
PROD001431,Air Fryer,Home & Kitchen,Elite,39389.53,0.24,SUP0113,26,True
PROD001432,Smart Watch,Electronics,Urban,42683.81,8.0,SUP0489,82,True
PROD001433,Smartphone,Electronics,Elite,41289.91,19.9,SUP0340,13,True
PROD001434,Belt,Accessories,Value,9561.46,18.49,SUP0053,37,True
PROD001435,Sunscreen,Beauty,Pro,17919.27,27.96,SUP0161,87,True
PROD001436,Formal Shirt,Fashion,Elite,4107.64,20.47,SUP0227,71,True
PROD001437,Laptop,Electronics,Pro,97766.2,7.44,SUP0199,47,True
PROD001438,Business Book,Books,Value,99996.42,4.91,SUP0353,54,True
PROD001439,Shampoo,Beauty,Prime,2305.41,2.58,SUP0159,44,True
PROD001440,Tea,Grocery,Urban,8024.15,11.24,SUP0208,24,True
PROD001441,Jeans,Fashion,Nova,35383.64,24.39,SUP0492,85,True
PROD001442,Storage Box,Home & Kitchen,Nova,60034.63,10.67,SUP0169,32,True
PROD001443,Fiction Novel,Books,Elite,67506.78,15.48,SUP0389,24,True
PROD001444,Phone Case,Accessories,Prime,93570.07,13.85,SUP0327,40,True
PROD001445,Bedsheet,Home & Kitchen,Max,68536.13,22.58,SUP0261,59,True
PROD001446,Water Bottle,Home & Kitchen,Max,35789.66,9.75,SUP0111,30,True
PROD001447,Bluetooth Speaker,Electronics,Prime,62898.01,9.22,SUP0254,67,True
PROD001448,Jeans,Fashion,Nova,26869.57,29.03,SUP0135,14,True
PROD001449,Perfume,Beauty,Value,24777.29,16.82,SUP0357,28,True
PROD001450,Sunscreen,Beauty,Elite,43974.57,28.65,SUP0209,76,True
PROD001451,Data Science Book,Books,Value,91468.45,16.37,SUP0327,59,True
PROD001452,Kurta,Fashion,Prime,42003.78,26.75,SUP0361,84,True
PROD001453,Yoga Mat,Sports,Nova,3512.0,7.56,SUP0489,87,True
PROD001454,Football,Sports,Urban,69314.18,19.36,SUP0478,18,True
PROD001455,Shampoo,Beauty,Value,1543.44,11.76,SUP0206,47,False
PROD001456,Coffee,Grocery,Max,13373.21,14.14,SUP0380,57,True
PROD001457,Laptop,Electronics,Prime,99392.26,19.76,SUP0333,5,True
PROD001458,Cookware Set,Home & Kitchen,Elite,589.08,5.83,SUP0112,49,True
PROD001459,Belt,Accessories,Pro,43522.98,16.58,SUP0127,16,True
PROD001460,Sunscreen,Beauty,Nova,29972.72,26.23,SUP0320,5,True
PROD001461,Cooking Oil,Grocery,Elite,43906.7,24.45,SUP0279,76,False
PROD001462,Wallet,Accessories,Prime,51425.22,1.95,SUP0308,18,True
PROD001463,Running Shoes,Sports,Value,77394.02,26.92,SUP0415,90,True
PROD001464,Business Book,Books,Prime,71941.59,14.64,SUP0435,99,True
PROD001465,Storage Box,Home & Kitchen,Max,4471.26,0.43,SUP0322,41,True
PROD001466,Bluetooth Speaker,Electronics,Max,44813.14,2.58,SUP0467,95,True
PROD001467,Perfume,Beauty,Urban,99205.08,1.95,SUP0279,74,True
PROD001468,Fiction Novel,Books,Pro,80346.78,4.5,SUP0215,60,True
PROD001469,Laptop,Electronics,Elite,94485.39,9.61,SUP0436,74,True
PROD001470,Wireless Earbuds,Electronics,Nova,45309.24,22.3,SUP0430,75,True
PROD001471,Jeans,Fashion,Urban,31303.0,15.8,SUP0233,14,True
PROD001472,Kurta,Fashion,Pro,9158.59,29.21,SUP0232,93,True
PROD001473,Jeans,Fashion,Elite,62572.1,19.57,SUP0167,79,True
PROD001474,Programming Book,Books,Pro,61181.46,8.58,SUP0349,80,True
PROD001475,Programming Book,Books,Elite,40413.83,13.29,SUP0012,30,True
PROD001476,Backpack,Accessories,Elite,14834.6,6.27,SUP0098,99,True
PROD001477,Tablet,Electronics,Nova,87755.76,15.94,SUP0398,79,True
PROD001478,Business Book,Books,Pro,93815.52,8.89,SUP0134,60,True
PROD001479,Rice,Grocery,Urban,65592.11,17.87,SUP0195,21,True
PROD001480,Jacket,Fashion,Nova,11743.66,6.58,SUP0310,76,True
PROD001481,Belt,Accessories,Elite,59768.54,14.97,SUP0192,39,True
PROD001482,Bedsheet,Home & Kitchen,Nova,68391.05,15.92,SUP0053,50,True
PROD001483,Dry Fruits,Grocery,Pro,81138.31,17.8,SUP0424,16,True
PROD001484,Smart Watch,Electronics,Urban,92960.24,2.08,SUP0346,36,True
PROD001485,Wallet,Accessories,Nova,22328.49,10.9,SUP0272,14,True
PROD001486,Bedsheet,Home & Kitchen,Max,37963.72,18.51,SUP0495,48,True
PROD001487,Smartphone,Electronics,Prime,72370.27,5.15,SUP0282,29,True
PROD001488,Football,Sports,Max,1722.08,5.97,SUP0259,6,True
PROD001489,Storage Box,Home & Kitchen,Value,80614.73,15.53,SUP0456,5,True
PROD001490,Sunglasses,Accessories,Urban,76975.01,8.45,SUP0245,99,True
PROD001491,Football,Sports,Value,88834.25,15.87,SUP0425,35,True
PROD001492,Fiction Novel,Books,Urban,42676.46,0.95,SUP0017,83,True
PROD001493,Data Science Book,Books,Elite,93163.85,1.63,SUP0181,30,True
PROD001494,Cricket Bat,Sports,Nova,1836.86,11.05,SUP0135,81,True
PROD001495,Sunscreen,Beauty,Nova,88316.02,7.78,SUP0382,20,True
PROD001496,Smart Watch,Electronics,Elite,92037.34,29.83,SUP0039,75,True
PROD001497,Face Wash,Beauty,Urban,21529.42,14.64,SUP0402,66,True
PROD001498,Cooking Oil,Grocery,Urban,90435.62,20.35,SUP0093,35,True
PROD001499,Dry Fruits,Grocery,Urban,1927.11,26.19,SUP0106,5,True
PROD001500,Cookware Set,Home & Kitchen,Prime,43586.09,24.54,SUP0165,25,True
PROD001501,Perfume,Beauty,Max,83183.07,1.56,SUP0075,62,True
PROD001502,Storage Box,Home & Kitchen,Nova,92274.87,28.21,SUP0231,5,True
PROD001503,Tea,Grocery,Value,35613.75,17.88,SUP0448,5,True
PROD001504,Rice,Grocery,Urban,73518.92,7.12,SUP0471,37,True
PROD001505,T-Shirt,Fashion,Nova,1922.65,0.38,SUP0254,8,False
PROD001506,Tea,Grocery,Max,39497.9,15.67,SUP0291,9,True
PROD001507,Tablet,Electronics,Nova,20490.3,7.24,SUP0430,16,True
PROD001508,Coffee,Grocery,Max,74446.36,24.06,SUP0183,27,True
PROD001509,T-Shirt,Fashion,Elite,92943.1,2.98,SUP0044,100,True
PROD001510,Air Fryer,Home & Kitchen,Prime,52884.77,4.0,SUP0209,84,True
PROD001511,Tea,Grocery,Prime,61017.46,26.87,SUP0012,46,True
PROD001512,Wireless Earbuds,Electronics,Elite,73273.29,28.17,SUP0017,52,True
PROD001513,Mixer Grinder,Home & Kitchen,Urban,33876.02,19.32,SUP0287,31,True
PROD001514,Wheat Flour,Grocery,Elite,40106.39,5.06,SUP0294,35,True
PROD001515,Laptop,Electronics,Prime,37934.74,19.2,SUP0266,16,True
PROD001516,Laptop,Electronics,Urban,73570.28,23.38,SUP0056,83,True
PROD001517,Phone Case,Accessories,Elite,5654.08,23.47,SUP0452,40,True
PROD001518,Backpack,Accessories,Max,31771.02,29.71,SUP0329,33,True
PROD001519,Bluetooth Speaker,Electronics,Prime,77460.65,23.64,SUP0464,44,True
PROD001520,Jeans,Fashion,Pro,72741.12,12.79,SUP0065,95,True
PROD001521,Programming Book,Books,Nova,70792.0,10.35,SUP0098,48,True
PROD001522,Wireless Earbuds,Electronics,Max,33970.4,21.27,SUP0004,61,True
PROD001523,Backpack,Accessories,Prime,76603.73,28.78,SUP0294,95,True
PROD001524,Kurta,Fashion,Urban,67704.52,25.77,SUP0230,24,True
PROD001525,Tea,Grocery,Nova,73378.68,12.82,SUP0051,24,True
PROD001526,Cooking Oil,Grocery,Urban,44230.84,4.67,SUP0255,34,True
PROD001527,Wireless Earbuds,Electronics,Nova,17060.76,1.54,SUP0469,10,True
PROD001528,Tablet,Electronics,Max,23761.86,8.88,SUP0099,15,True
PROD001529,Dumbbells,Sports,Prime,84708.11,3.6,SUP0491,21,True
PROD001530,Rice,Grocery,Urban,30791.79,23.44,SUP0466,92,True
PROD001531,Smart Watch,Electronics,Max,66106.54,8.53,SUP0304,51,True
PROD001532,Kurta,Fashion,Nova,84842.53,25.91,SUP0054,45,True
PROD001533,Bluetooth Speaker,Electronics,Urban,1473.85,16.41,SUP0157,64,True
PROD001534,Perfume,Beauty,Urban,71907.28,12.98,SUP0285,69,True
PROD001535,Wireless Earbuds,Electronics,Pro,77753.47,10.96,SUP0382,98,True
PROD001536,Tea,Grocery,Prime,81152.33,5.09,SUP0152,23,True
PROD001537,Sneakers,Fashion,Urban,3365.11,28.92,SUP0240,26,True
PROD001538,Wireless Earbuds,Electronics,Prime,59371.45,24.72,SUP0138,34,True
PROD001539,Bluetooth Speaker,Electronics,Value,13765.67,12.41,SUP0380,25,True
PROD001540,Dumbbells,Sports,Value,42462.29,21.82,SUP0148,8,True
PROD001541,Air Fryer,Home & Kitchen,Prime,35852.84,2.57,SUP0143,22,True
PROD001542,Moisturizer,Beauty,Prime,67704.38,8.94,SUP0037,47,True
PROD001543,Sneakers,Fashion,Pro,26905.47,1.83,SUP0485,83,True
PROD001544,Moisturizer,Beauty,Elite,19985.77,26.08,SUP0166,18,True
PROD001545,Shampoo,Beauty,Max,91003.08,10.76,SUP0449,30,True
PROD001546,Fiction Novel,Books,Elite,87030.44,1.91,SUP0058,96,True
PROD001547,Storage Box,Home & Kitchen,Elite,1512.88,28.65,SUP0193,29,True
PROD001548,Formal Shirt,Fashion,Urban,63920.38,16.71,SUP0347,19,True
PROD001549,Exam Preparation Book,Books,Pro,58175.62,20.37,SUP0035,10,True
PROD001550,Bluetooth Speaker,Electronics,Max,81663.32,27.13,SUP0074,52,True
PROD001551,Wallet,Accessories,Pro,39758.39,8.29,SUP0190,83,True
PROD001552,Fiction Novel,Books,Urban,90986.15,16.2,SUP0224,76,False
PROD001553,Shampoo,Beauty,Elite,84793.01,18.87,SUP0166,34,True
PROD001554,Wireless Earbuds,Electronics,Value,96047.47,12.44,SUP0009,26,True
PROD001555,Football,Sports,Elite,97824.32,9.21,SUP0271,50,True
PROD001556,Air Fryer,Home & Kitchen,Value,49592.48,10.3,SUP0262,41,True
PROD001557,Jacket,Fashion,Urban,97825.9,29.16,SUP0197,39,True
PROD001558,Perfume,Beauty,Nova,38656.39,12.45,SUP0444,77,False
PROD001559,Dry Fruits,Grocery,Max,34618.88,25.31,SUP0255,55,True
PROD001560,Jacket,Fashion,Max,81893.27,11.72,SUP0278,86,True
PROD001561,Dumbbells,Sports,Max,4868.68,11.73,SUP0160,75,True
PROD001562,Perfume,Beauty,Value,85271.97,4.07,SUP0371,75,True
PROD001563,Storage Box,Home & Kitchen,Max,48309.7,25.43,SUP0463,100,True
PROD001564,Air Fryer,Home & Kitchen,Nova,6474.61,1.49,SUP0045,22,True
PROD001565,Water Bottle,Home & Kitchen,Urban,75018.46,15.67,SUP0002,55,True
PROD001566,Tablet,Electronics,Pro,71204.62,5.15,SUP0145,8,True
PROD001567,Kurta,Fashion,Max,71392.82,25.41,SUP0210,66,True
PROD001568,Kurta,Fashion,Urban,37134.89,1.76,SUP0137,83,True
PROD001569,Tea,Grocery,Nova,31047.09,6.91,SUP0277,40,True
PROD001570,Tea,Grocery,Elite,9088.55,2.64,SUP0058,25,True
PROD001571,Shampoo,Beauty,Pro,24830.51,11.96,SUP0227,94,True
PROD001572,Sneakers,Fashion,Urban,2576.74,29.28,SUP0489,16,True
PROD001573,Jacket,Fashion,Elite,64560.2,19.85,SUP0181,67,False
PROD001574,Football,Sports,Nova,45528.17,25.03,SUP0155,79,True
PROD001575,Water Bottle,Home & Kitchen,Urban,48350.81,6.53,SUP0052,24,True
PROD001576,Air Fryer,Home & Kitchen,Prime,18042.39,12.44,SUP0167,86,True
PROD001577,Wallet,Accessories,Max,10838.84,5.63,SUP0113,54,True
PROD001578,Formal Shirt,Fashion,Value,53143.87,13.8,SUP0475,68,True
PROD001579,Belt,Accessories,Pro,937.58,7.29,SUP0427,34,True
PROD001580,Bedsheet,Home & Kitchen,Pro,60647.04,3.32,SUP0389,65,True
PROD001581,Storage Box,Home & Kitchen,Prime,64029.41,27.38,SUP0276,36,True
PROD001582,Tablet,Electronics,Prime,61080.1,27.17,SUP0359,15,True
PROD001583,Cooking Oil,Grocery,Pro,27859.68,7.48,SUP0184,49,True
PROD001584,Jeans,Fashion,Prime,25237.28,18.98,SUP0115,18,True
PROD001585,Jacket,Fashion,Max,45339.91,25.76,SUP0330,91,True
PROD001586,Business Book,Books,Elite,9418.26,10.07,SUP0143,74,True
PROD001587,Jeans,Fashion,Elite,37417.68,18.04,SUP0077,92,True
PROD001588,Exam Preparation Book,Books,Pro,46068.0,22.14,SUP0382,60,True
PROD001589,Formal Shirt,Fashion,Prime,20733.95,11.69,SUP0160,80,True
PROD001590,Football,Sports,Pro,54867.9,8.87,SUP0414,93,True
PROD001591,Air Fryer,Home & Kitchen,Nova,15934.16,19.84,SUP0400,87,True
PROD001592,Formal Shirt,Fashion,Prime,1245.52,17.87,SUP0313,63,True
PROD001593,Air Fryer,Home & Kitchen,Prime,67108.39,12.15,SUP0424,100,True
PROD001594,Moisturizer,Beauty,Urban,2165.11,9.4,SUP0051,27,True
PROD001595,Cookware Set,Home & Kitchen,Max,45625.23,9.79,SUP0448,96,True
PROD001596,Sneakers,Fashion,Prime,36400.58,18.81,SUP0087,73,True
PROD001597,Bluetooth Speaker,Electronics,Pro,61768.34,5.12,SUP0407,25,True
PROD001598,Cricket Bat,Sports,Prime,22362.85,9.29,SUP0088,77,True
PROD001599,Programming Book,Books,Max,31855.06,15.21,SUP0401,54,True
PROD001600,Sunscreen,Beauty,Nova,84074.29,3.47,SUP0080,30,True
PROD001601,Sneakers,Fashion,Elite,70835.09,11.98,SUP0336,34,True
PROD001602,Cookware Set,Home & Kitchen,Prime,91233.37,7.98,SUP0321,60,True
PROD001603,Perfume,Beauty,Prime,52929.9,1.47,SUP0120,41,True
PROD001604,Tablet,Electronics,Value,96276.98,14.93,SUP0039,7,True
PROD001605,Water Bottle,Home & Kitchen,Prime,78385.64,17.76,SUP0374,83,True
PROD001606,Kurta,Fashion,Prime,44556.99,25.07,SUP0448,75,True
PROD001607,Data Science Book,Books,Nova,6499.02,6.03,SUP0388,23,True
PROD001608,Football,Sports,Elite,32224.67,22.68,SUP0423,74,True
PROD001609,Cricket Bat,Sports,Urban,13737.38,26.52,SUP0345,90,True
PROD001610,Rice,Grocery,Prime,56609.93,18.69,SUP0291,81,True
PROD001611,Tablet,Electronics,Nova,3932.94,18.81,SUP0168,97,True
PROD001612,Smartphone,Electronics,Prime,15329.91,1.08,SUP0049,73,True
PROD001613,T-Shirt,Fashion,Urban,94100.41,17.77,SUP0226,58,True
PROD001614,Sunscreen,Beauty,Prime,65352.38,21.16,SUP0332,76,True
PROD001615,Wheat Flour,Grocery,Max,90804.83,22.27,SUP0416,79,True
PROD001616,Wheat Flour,Grocery,Elite,17360.25,8.33,SUP0497,70,True
PROD001617,Dumbbells,Sports,Nova,31862.47,5.06,SUP0067,41,True
PROD001618,Storage Box,Home & Kitchen,Max,53764.96,13.12,SUP0018,58,True
PROD001619,Football,Sports,Value,24871.25,26.95,SUP0064,63,False
PROD001620,Sneakers,Fashion,Prime,6966.33,18.44,SUP0362,73,True
PROD001621,Cricket Bat,Sports,Pro,4554.25,19.96,SUP0014,90,True
PROD001622,Tea,Grocery,Elite,77403.52,21.74,SUP0465,9,True
PROD001623,Fiction Novel,Books,Max,81698.31,6.52,SUP0472,31,True
PROD001624,Storage Box,Home & Kitchen,Pro,20133.5,9.81,SUP0456,43,True
PROD001625,Business Book,Books,Pro,82261.93,10.84,SUP0499,20,True
PROD001626,Cooking Oil,Grocery,Urban,99877.56,16.34,SUP0092,23,True
PROD001627,Wireless Earbuds,Electronics,Prime,56641.59,22.68,SUP0270,52,True
PROD001628,Formal Shirt,Fashion,Nova,56047.59,22.23,SUP0159,89,True
PROD001629,Exam Preparation Book,Books,Nova,96144.39,11.17,SUP0128,66,True
PROD001630,Fiction Novel,Books,Nova,44569.22,12.33,SUP0050,46,True
PROD001631,Smart Watch,Electronics,Max,87649.58,4.71,SUP0372,97,True
PROD001632,Moisturizer,Beauty,Value,93200.94,1.56,SUP0215,68,True
PROD001633,Face Wash,Beauty,Elite,9164.77,28.99,SUP0184,88,True
PROD001634,Bluetooth Speaker,Electronics,Pro,20698.21,6.98,SUP0111,12,True
PROD001635,Tablet,Electronics,Elite,72806.97,6.42,SUP0243,26,True
PROD001636,Business Book,Books,Prime,69988.81,0.69,SUP0490,99,True
PROD001637,Jacket,Fashion,Elite,34600.94,9.36,SUP0125,73,True
PROD001638,Tablet,Electronics,Prime,14889.58,15.34,SUP0093,42,True
PROD001639,Wireless Earbuds,Electronics,Elite,25276.21,26.03,SUP0290,54,True
PROD001640,Perfume,Beauty,Max,35683.62,17.18,SUP0366,94,True
PROD001641,Wireless Earbuds,Electronics,Pro,41740.76,17.39,SUP0079,72,False
PROD001642,Football,Sports,Prime,13276.17,15.17,SUP0144,26,True
PROD001643,T-Shirt,Fashion,Elite,53951.11,4.21,SUP0128,32,True
PROD001644,T-Shirt,Fashion,Pro,52438.56,9.37,SUP0215,76,True
PROD001645,Football,Sports,Pro,7005.15,22.96,SUP0378,35,True
PROD001646,Fiction Novel,Books,Pro,58950.87,27.46,SUP0118,25,True
PROD001647,Sunscreen,Beauty,Nova,44194.79,8.93,SUP0288,78,True
PROD001648,Smartphone,Electronics,Elite,50420.08,27.17,SUP0265,85,True
PROD001649,Programming Book,Books,Pro,50574.8,20.45,SUP0490,93,True
PROD001650,Laptop,Electronics,Elite,74210.0,4.65,SUP0187,18,True
PROD001651,Smart Watch,Electronics,Max,42915.35,14.63,SUP0070,57,True
PROD001652,Jacket,Fashion,Max,5955.16,14.43,SUP0046,11,True
PROD001653,Sunglasses,Accessories,Max,1198.04,23.38,SUP0492,52,True
PROD001654,Football,Sports,Value,91878.36,2.91,SUP0130,58,True
PROD001655,Backpack,Accessories,Urban,14391.8,18.16,SUP0470,63,True
PROD001656,Fiction Novel,Books,Max,61012.74,11.76,SUP0172,95,True
PROD001657,Tea,Grocery,Urban,87247.04,21.16,SUP0232,75,True
PROD001658,Dumbbells,Sports,Value,53206.23,13.4,SUP0356,25,True
PROD001659,Mixer Grinder,Home & Kitchen,Value,8891.83,0.2,SUP0450,10,True
PROD001660,Programming Book,Books,Max,63057.89,16.24,SUP0111,82,True
PROD001661,Jeans,Fashion,Prime,93776.18,4.52,SUP0320,64,True
PROD001662,Wallet,Accessories,Pro,36686.86,1.22,SUP0020,71,True
PROD001663,Kurta,Fashion,Value,82699.88,17.92,SUP0188,24,True
PROD001664,Bedsheet,Home & Kitchen,Pro,14445.82,4.46,SUP0187,17,True
PROD001665,Storage Box,Home & Kitchen,Prime,13925.48,11.47,SUP0040,90,True
PROD001666,Water Bottle,Home & Kitchen,Prime,47075.7,2.83,SUP0109,13,True
PROD001667,Jacket,Fashion,Value,16509.8,28.29,SUP0202,71,True
PROD001668,Smart Watch,Electronics,Elite,26327.56,18.65,SUP0319,68,True
PROD001669,Air Fryer,Home & Kitchen,Prime,46806.54,2.66,SUP0041,48,True
PROD001670,Smartphone,Electronics,Prime,26202.43,19.08,SUP0262,42,True
PROD001671,Backpack,Accessories,Elite,75859.69,16.25,SUP0418,5,True
PROD001672,Smartphone,Electronics,Nova,30113.33,5.96,SUP0125,61,True
PROD001673,Programming Book,Books,Nova,73272.8,12.6,SUP0139,95,True
PROD001674,Smart Watch,Electronics,Max,37377.51,3.04,SUP0467,83,True
PROD001675,Formal Shirt,Fashion,Value,58293.9,8.39,SUP0008,97,True
PROD001676,Wireless Earbuds,Electronics,Prime,65000.51,24.0,SUP0496,74,True
PROD001677,Kurta,Fashion,Prime,56567.24,18.69,SUP0193,87,True
PROD001678,Shampoo,Beauty,Pro,34232.29,15.87,SUP0240,35,True
PROD001679,Bedsheet,Home & Kitchen,Value,71407.67,21.89,SUP0144,34,True
PROD001680,Smartphone,Electronics,Max,42888.06,21.22,SUP0447,44,True
PROD001681,Football,Sports,Nova,44773.42,13.06,SUP0291,16,True
PROD001682,Yoga Mat,Sports,Pro,33598.15,7.07,SUP0447,30,True
PROD001683,Mixer Grinder,Home & Kitchen,Nova,18572.66,28.02,SUP0299,97,True
PROD001684,Sunscreen,Beauty,Max,10169.22,22.56,SUP0365,75,True
PROD001685,Jacket,Fashion,Prime,55617.45,6.36,SUP0180,17,True
PROD001686,Yoga Mat,Sports,Elite,59395.5,10.6,SUP0298,53,True
PROD001687,Backpack,Accessories,Pro,15054.31,27.96,SUP0368,5,True
PROD001688,Yoga Mat,Sports,Nova,69636.22,0.28,SUP0069,99,False
PROD001689,Air Fryer,Home & Kitchen,Nova,96488.32,12.35,SUP0203,37,True
PROD001690,Programming Book,Books,Prime,76520.73,11.09,SUP0226,39,True
PROD001691,Mixer Grinder,Home & Kitchen,Prime,72590.84,22.14,SUP0073,30,True
PROD001692,Jeans,Fashion,Elite,16947.1,28.94,SUP0402,17,True
PROD001693,Face Wash,Beauty,Value,23489.38,28.94,SUP0453,50,True
PROD001694,Jacket,Fashion,Urban,96468.89,18.79,SUP0402,73,True
PROD001695,Wheat Flour,Grocery,Nova,55786.18,10.19,SUP0170,60,True
PROD001696,Dumbbells,Sports,Nova,93598.08,7.96,SUP0368,20,True
PROD001697,Dumbbells,Sports,Urban,70932.09,23.55,SUP0411,9,True
PROD001698,Tablet,Electronics,Max,79571.31,24.01,SUP0242,34,True
PROD001699,Sneakers,Fashion,Value,56947.4,20.04,SUP0363,56,True
PROD001700,Water Bottle,Home & Kitchen,Elite,78111.96,24.3,SUP0014,77,True
PROD001701,Sneakers,Fashion,Urban,27540.22,23.25,SUP0155,76,True
PROD001702,Dry Fruits,Grocery,Prime,80049.87,0.51,SUP0271,83,True
PROD001703,Phone Case,Accessories,Pro,69358.5,2.67,SUP0443,96,True
PROD001704,Tea,Grocery,Pro,90516.82,19.05,SUP0040,59,True
PROD001705,Dumbbells,Sports,Pro,24745.46,11.9,SUP0089,92,True
PROD001706,Water Bottle,Home & Kitchen,Urban,84828.01,10.5,SUP0088,97,True
PROD001707,Sunscreen,Beauty,Prime,41232.78,18.02,SUP0283,22,True
PROD001708,Shampoo,Beauty,Value,9771.46,19.95,SUP0089,90,True
PROD001709,Phone Case,Accessories,Prime,841.35,14.3,SUP0061,37,True
PROD001710,Wallet,Accessories,Max,18744.48,21.48,SUP0452,32,True
PROD001711,Moisturizer,Beauty,Elite,66575.98,20.15,SUP0339,81,True
PROD001712,Tea,Grocery,Pro,44557.51,16.13,SUP0163,97,True
PROD001713,Coffee,Grocery,Value,2247.89,14.28,SUP0182,58,True
PROD001714,Coffee,Grocery,Prime,93864.53,6.64,SUP0051,68,True
PROD001715,Kurta,Fashion,Pro,18531.99,27.48,SUP0042,41,True
PROD001716,T-Shirt,Fashion,Max,24372.95,16.7,SUP0296,86,True
PROD001717,Cricket Bat,Sports,Urban,66434.71,10.01,SUP0421,57,True
PROD001718,Coffee,Grocery,Elite,25380.46,15.45,SUP0500,34,True
PROD001719,Tablet,Electronics,Elite,27546.0,26.07,SUP0154,16,False
PROD001720,Cookware Set,Home & Kitchen,Nova,41291.39,2.28,SUP0018,97,True
PROD001721,Fiction Novel,Books,Prime,29592.41,5.22,SUP0288,84,True
PROD001722,Tea,Grocery,Elite,98211.64,25.34,SUP0480,17,True
PROD001723,Sunglasses,Accessories,Pro,42693.41,25.3,SUP0114,27,True
PROD001724,Jeans,Fashion,Urban,89018.29,23.75,SUP0396,44,True
PROD001725,Jacket,Fashion,Prime,85047.11,24.95,SUP0251,100,True
PROD001726,Business Book,Books,Pro,92077.33,28.7,SUP0398,57,True
PROD001727,Running Shoes,Sports,Elite,53384.55,7.92,SUP0451,99,True
PROD001728,Wallet,Accessories,Prime,23918.12,8.32,SUP0403,9,True
PROD001729,T-Shirt,Fashion,Value,31729.15,20.42,SUP0357,98,True
PROD001730,Bluetooth Speaker,Electronics,Urban,23471.64,23.98,SUP0108,61,True
PROD001731,Bedsheet,Home & Kitchen,Urban,6251.86,20.44,SUP0243,55,True
PROD001732,Rice,Grocery,Pro,70223.15,17.08,SUP0183,67,False
PROD001733,Perfume,Beauty,Nova,44357.66,14.32,SUP0424,47,True
PROD001734,Wheat Flour,Grocery,Prime,85259.17,29.52,SUP0126,13,True
PROD001735,Storage Box,Home & Kitchen,Max,86997.31,20.67,SUP0370,63,True
PROD001736,Exam Preparation Book,Books,Elite,12024.37,24.52,SUP0390,30,True
PROD001737,Programming Book,Books,Nova,95116.56,17.66,SUP0309,42,True
PROD001738,Business Book,Books,Elite,4390.95,12.51,SUP0299,38,True
PROD001739,Cooking Oil,Grocery,Urban,48762.67,29.27,SUP0397,20,True
PROD001740,Fiction Novel,Books,Nova,22663.8,6.94,SUP0381,47,True
PROD001741,Rice,Grocery,Elite,21608.38,22.24,SUP0429,40,True
PROD001742,Tablet,Electronics,Value,57754.74,3.69,SUP0343,28,True
PROD001743,Kurta,Fashion,Elite,72309.48,26.23,SUP0158,72,True
PROD001744,Moisturizer,Beauty,Elite,65185.97,5.6,SUP0317,62,True
PROD001745,Mixer Grinder,Home & Kitchen,Prime,56302.63,3.06,SUP0006,57,True
PROD001746,Coffee,Grocery,Max,10222.85,9.93,SUP0416,16,True
PROD001747,Laptop,Electronics,Prime,56762.52,5.59,SUP0228,59,True
PROD001748,Storage Box,Home & Kitchen,Value,59836.49,1.04,SUP0469,7,True
PROD001749,Coffee,Grocery,Prime,53106.45,27.61,SUP0326,51,True
PROD001750,Business Book,Books,Value,81062.16,9.11,SUP0222,73,True
PROD001751,Wheat Flour,Grocery,Urban,5803.64,14.17,SUP0314,7,True
PROD001752,Kurta,Fashion,Elite,20353.88,18.59,SUP0351,70,True
PROD001753,Football,Sports,Pro,83426.32,5.05,SUP0237,53,True
PROD001754,Perfume,Beauty,Max,23892.49,17.97,SUP0271,66,True
PROD001755,Wallet,Accessories,Max,96607.0,29.6,SUP0378,62,True
PROD001756,Cookware Set,Home & Kitchen,Elite,96410.84,0.82,SUP0059,50,True
PROD001757,Dumbbells,Sports,Urban,47096.32,19.84,SUP0088,95,True
PROD001758,Cricket Bat,Sports,Value,28231.71,28.62,SUP0081,56,True
PROD001759,Cricket Bat,Sports,Urban,33340.47,19.57,SUP0145,51,True
PROD001760,Kurta,Fashion,Urban,36572.93,9.43,SUP0082,93,True
PROD001761,Football,Sports,Prime,88598.21,18.74,SUP0408,86,True
PROD001762,Face Wash,Beauty,Elite,6212.35,18.11,SUP0155,100,True
PROD001763,Exam Preparation Book,Books,Elite,39295.63,4.51,SUP0317,63,True
PROD001764,Belt,Accessories,Pro,26172.43,5.87,SUP0111,96,True
PROD001765,Tablet,Electronics,Value,68778.12,17.68,SUP0407,81,True
PROD001766,Tea,Grocery,Pro,55291.74,2.21,SUP0125,8,True
PROD001767,Sunscreen,Beauty,Prime,10777.57,29.56,SUP0305,77,True
PROD001768,Water Bottle,Home & Kitchen,Prime,77419.17,27.59,SUP0386,5,True
PROD001769,Formal Shirt,Fashion,Prime,49592.97,20.23,SUP0167,67,True
PROD001770,Wallet,Accessories,Elite,31420.25,5.96,SUP0412,50,True
PROD001771,Water Bottle,Home & Kitchen,Pro,76971.16,28.83,SUP0350,55,True
PROD001772,Bluetooth Speaker,Electronics,Pro,94622.14,11.18,SUP0183,47,True
PROD001773,Wheat Flour,Grocery,Max,5464.51,17.88,SUP0042,50,True
PROD001774,Air Fryer,Home & Kitchen,Value,67473.54,10.18,SUP0166,99,True
PROD001775,Formal Shirt,Fashion,Urban,1394.48,21.3,SUP0118,19,True
PROD001776,Data Science Book,Books,Prime,87892.16,6.59,SUP0393,80,True
PROD001777,Dry Fruits,Grocery,Pro,38003.83,24.14,SUP0096,25,True
PROD001778,Smart Watch,Electronics,Nova,21564.77,20.43,SUP0090,43,True
PROD001779,Bluetooth Speaker,Electronics,Urban,53166.27,14.96,SUP0285,91,True
PROD001780,Rice,Grocery,Max,55412.62,15.0,SUP0170,95,True
PROD001781,Jeans,Fashion,Max,31481.57,18.35,SUP0002,81,True
PROD001782,Coffee,Grocery,Pro,22165.79,28.81,SUP0286,72,True
PROD001783,Rice,Grocery,Urban,58136.69,13.17,SUP0031,36,True
PROD001784,Fiction Novel,Books,Pro,44031.02,7.14,SUP0012,20,True
PROD001785,Tablet,Electronics,Max,74097.23,13.46,SUP0315,81,True
PROD001786,T-Shirt,Fashion,Prime,96262.52,14.4,SUP0209,13,True
PROD001787,Tablet,Electronics,Prime,24189.83,17.0,SUP0030,36,True
PROD001788,Rice,Grocery,Urban,47337.93,6.6,SUP0231,87,True
PROD001789,Business Book,Books,Max,84377.62,20.8,SUP0151,34,True
PROD001790,Bluetooth Speaker,Electronics,Max,1831.85,9.28,SUP0429,61,True
PROD001791,Phone Case,Accessories,Max,75533.59,16.09,SUP0255,97,True
PROD001792,Smart Watch,Electronics,Nova,71478.12,4.8,SUP0343,89,True
PROD001793,Rice,Grocery,Pro,55823.91,8.08,SUP0123,61,True
PROD001794,Tablet,Electronics,Max,80631.66,12.29,SUP0405,82,True
PROD001795,Running Shoes,Sports,Pro,37260.73,13.31,SUP0314,84,True
PROD001796,Tea,Grocery,Max,71965.71,5.59,SUP0239,99,True
PROD001797,Phone Case,Accessories,Elite,7699.97,23.91,SUP0268,83,True
PROD001798,Dry Fruits,Grocery,Prime,24539.01,23.26,SUP0339,47,True
PROD001799,Tea,Grocery,Nova,4098.71,4.82,SUP0152,54,True
PROD001800,Formal Shirt,Fashion,Pro,44235.43,18.11,SUP0074,42,True
PROD001801,Laptop,Electronics,Value,74025.07,12.54,SUP0039,66,True
PROD001802,Belt,Accessories,Urban,77736.22,18.27,SUP0247,55,True
PROD001803,Tablet,Electronics,Max,17023.91,9.31,SUP0417,63,True
PROD001804,Storage Box,Home & Kitchen,Urban,29678.09,14.75,SUP0042,14,True
PROD001805,Backpack,Accessories,Max,68410.29,17.26,SUP0040,64,True
PROD001806,Bluetooth Speaker,Electronics,Max,66371.26,9.51,SUP0194,93,True
PROD001807,Cooking Oil,Grocery,Max,88231.17,11.91,SUP0067,42,True
PROD001808,Smartphone,Electronics,Urban,84346.27,15.34,SUP0494,15,True
PROD001809,Wheat Flour,Grocery,Max,30695.63,21.64,SUP0236,10,True
PROD001810,Formal Shirt,Fashion,Value,69105.67,2.18,SUP0222,16,True
PROD001811,Jacket,Fashion,Nova,46327.54,9.81,SUP0256,85,True
PROD001812,Jacket,Fashion,Prime,85477.16,28.57,SUP0421,81,True
PROD001813,Mixer Grinder,Home & Kitchen,Nova,27360.18,5.16,SUP0485,82,True
PROD001814,Face Wash,Beauty,Pro,64209.37,4.63,SUP0291,34,True
PROD001815,Sunscreen,Beauty,Prime,50499.56,6.71,SUP0063,89,True
PROD001816,Sneakers,Fashion,Nova,58579.22,8.19,SUP0065,5,True
PROD001817,Formal Shirt,Fashion,Nova,92265.53,23.89,SUP0384,33,True
PROD001818,Rice,Grocery,Pro,58881.96,16.92,SUP0261,89,True
PROD001819,Cricket Bat,Sports,Prime,38847.55,27.96,SUP0485,26,True
PROD001820,Business Book,Books,Urban,63511.17,22.49,SUP0196,40,True
PROD001821,Shampoo,Beauty,Value,11449.9,29.98,SUP0315,52,True
PROD001822,Football,Sports,Elite,29005.4,24.78,SUP0146,76,True
PROD001823,Programming Book,Books,Nova,26433.05,11.51,SUP0497,62,True
PROD001824,Wallet,Accessories,Pro,43929.82,18.22,SUP0014,10,True
PROD001825,Perfume,Beauty,Value,87595.7,3.29,SUP0044,34,False
PROD001826,Backpack,Accessories,Pro,60869.22,19.43,SUP0077,55,True
PROD001827,Cooking Oil,Grocery,Pro,84783.32,20.99,SUP0090,65,True
PROD001828,Football,Sports,Elite,28527.83,24.45,SUP0160,32,True
PROD001829,Wireless Earbuds,Electronics,Prime,12234.35,14.46,SUP0406,90,False
PROD001830,Coffee,Grocery,Pro,6513.38,16.17,SUP0187,49,True
PROD001831,Shampoo,Beauty,Elite,20670.4,21.32,SUP0326,33,True
PROD001832,Wireless Earbuds,Electronics,Max,94597.23,21.92,SUP0417,11,True
PROD001833,Data Science Book,Books,Nova,94811.41,16.8,SUP0049,31,True
PROD001834,Wallet,Accessories,Pro,49976.84,8.29,SUP0204,11,True
PROD001835,Bluetooth Speaker,Electronics,Prime,86961.71,20.1,SUP0148,6,True
PROD001836,Yoga Mat,Sports,Nova,69378.78,9.48,SUP0165,32,True
PROD001837,Dumbbells,Sports,Urban,53093.49,1.67,SUP0074,44,True
PROD001838,Running Shoes,Sports,Pro,34675.13,19.38,SUP0226,38,True
PROD001839,Tablet,Electronics,Max,16992.28,6.48,SUP0010,89,True
PROD001840,Tablet,Electronics,Max,48651.61,7.9,SUP0361,75,True
PROD001841,Moisturizer,Beauty,Pro,19865.33,12.41,SUP0038,35,True
PROD001842,Kurta,Fashion,Pro,4380.08,7.6,SUP0423,5,True
PROD001843,T-Shirt,Fashion,Value,58492.7,25.81,SUP0377,32,True
PROD001844,Storage Box,Home & Kitchen,Value,63644.48,21.69,SUP0429,15,True
PROD001845,Dumbbells,Sports,Elite,7078.26,12.87,SUP0466,71,True
PROD001846,Dry Fruits,Grocery,Pro,76157.6,18.31,SUP0097,47,True
PROD001847,T-Shirt,Fashion,Pro,95414.2,7.74,SUP0139,75,True
PROD001848,Wheat Flour,Grocery,Elite,82085.81,1.98,SUP0194,10,True
PROD001849,Jeans,Fashion,Urban,82263.03,28.66,SUP0293,47,True
PROD001850,Smart Watch,Electronics,Prime,89739.02,23.09,SUP0391,30,True
PROD001851,Wheat Flour,Grocery,Elite,48921.21,25.23,SUP0310,83,True
PROD001852,Formal Shirt,Fashion,Nova,44196.46,11.91,SUP0209,29,True
PROD001853,Bedsheet,Home & Kitchen,Value,91315.69,4.6,SUP0250,61,True
PROD001854,Shampoo,Beauty,Pro,46819.68,6.97,SUP0478,73,False
PROD001855,Exam Preparation Book,Books,Pro,73918.41,8.7,SUP0102,59,True
PROD001856,Wallet,Accessories,Urban,39509.99,3.54,SUP0354,30,True
PROD001857,Kurta,Fashion,Prime,46692.2,26.26,SUP0337,87,True
PROD001858,Tea,Grocery,Pro,76450.44,21.9,SUP0280,26,True
PROD001859,Running Shoes,Sports,Pro,27169.56,24.87,SUP0331,99,True
PROD001860,Tablet,Electronics,Elite,73462.24,26.84,SUP0289,12,True
PROD001861,T-Shirt,Fashion,Max,20459.22,20.34,SUP0248,26,True
PROD001862,Face Wash,Beauty,Elite,46785.98,14.72,SUP0326,96,True
PROD001863,Coffee,Grocery,Max,42086.79,6.22,SUP0198,7,True
PROD001864,Wheat Flour,Grocery,Urban,76491.03,1.48,SUP0208,22,True
PROD001865,Jeans,Fashion,Urban,74710.7,14.31,SUP0337,60,True
PROD001866,Jeans,Fashion,Value,94260.58,6.79,SUP0209,49,True
PROD001867,Backpack,Accessories,Pro,14497.01,28.38,SUP0241,49,True
PROD001868,Moisturizer,Beauty,Max,6066.23,15.67,SUP0070,59,True
PROD001869,Kurta,Fashion,Elite,90595.19,3.47,SUP0434,49,True
PROD001870,Wheat Flour,Grocery,Elite,31708.51,19.79,SUP0378,88,True
PROD001871,Jeans,Fashion,Value,14844.0,12.69,SUP0132,19,True
PROD001872,Cricket Bat,Sports,Prime,73428.42,18.58,SUP0465,30,True
PROD001873,Cookware Set,Home & Kitchen,Urban,26567.7,25.0,SUP0089,84,True
PROD001874,Coffee,Grocery,Pro,54049.5,2.59,SUP0144,58,True
PROD001875,Laptop,Electronics,Elite,73537.66,16.72,SUP0121,39,True
PROD001876,Kurta,Fashion,Prime,46227.95,2.61,SUP0293,46,True
PROD001877,Bedsheet,Home & Kitchen,Value,81178.93,22.7,SUP0153,81,True
PROD001878,Exam Preparation Book,Books,Max,98853.74,16.96,SUP0497,38,True
PROD001879,Cricket Bat,Sports,Elite,58092.24,7.36,SUP0491,66,True
PROD001880,Dumbbells,Sports,Nova,41710.77,15.11,SUP0497,36,True
PROD001881,Kurta,Fashion,Elite,59024.5,4.99,SUP0109,38,True
PROD001882,Cricket Bat,Sports,Value,58039.04,9.6,SUP0186,71,True
PROD001883,Laptop,Electronics,Prime,5787.75,1.68,SUP0239,75,True
PROD001884,Yoga Mat,Sports,Max,74947.57,9.62,SUP0478,23,True
PROD001885,Bluetooth Speaker,Electronics,Value,63695.33,6.99,SUP0183,23,True
PROD001886,Perfume,Beauty,Pro,30916.78,16.76,SUP0422,83,True
PROD001887,Sneakers,Fashion,Value,36948.52,0.79,SUP0066,76,True
PROD001888,Wheat Flour,Grocery,Nova,14713.54,8.4,SUP0436,76,True
PROD001889,Dumbbells,Sports,Max,75010.34,24.59,SUP0122,61,True
PROD001890,Kurta,Fashion,Pro,41969.82,19.3,SUP0476,24,True
PROD001891,Business Book,Books,Prime,46071.72,15.34,SUP0208,26,False
PROD001892,Sunscreen,Beauty,Pro,15084.14,11.97,SUP0238,57,True
PROD001893,Smartphone,Electronics,Urban,49031.93,20.73,SUP0371,68,True
PROD001894,Cricket Bat,Sports,Value,65082.12,3.42,SUP0463,56,True
PROD001895,Yoga Mat,Sports,Pro,15034.3,1.32,SUP0231,93,True
PROD001896,Kurta,Fashion,Nova,86386.1,13.51,SUP0175,92,True
PROD001897,Smartphone,Electronics,Nova,83273.2,19.35,SUP0248,21,True
PROD001898,Cookware Set,Home & Kitchen,Elite,40811.6,13.89,SUP0129,62,True
PROD001899,Jacket,Fashion,Value,57644.73,18.92,SUP0316,21,True
PROD001900,Sneakers,Fashion,Pro,70759.74,0.58,SUP0423,94,True
PROD001901,Formal Shirt,Fashion,Prime,81999.24,9.71,SUP0150,69,True
PROD001902,Formal Shirt,Fashion,Prime,54618.44,6.47,SUP0177,19,True
PROD001903,Belt,Accessories,Max,96312.72,1.96,SUP0468,69,True
PROD001904,Dumbbells,Sports,Max,63964.85,29.69,SUP0255,77,True
PROD001905,Wheat Flour,Grocery,Urban,94249.46,11.88,SUP0216,56,True
PROD001906,Fiction Novel,Books,Prime,86727.5,3.47,SUP0041,18,True
PROD001907,Business Book,Books,Nova,65976.05,15.34,SUP0300,28,True
PROD001908,Bedsheet,Home & Kitchen,Pro,94582.66,14.66,SUP0381,51,True
PROD001909,Football,Sports,Max,35883.44,7.54,SUP0454,93,True
PROD001910,Programming Book,Books,Pro,82192.42,25.44,SUP0034,28,True
PROD001911,Air Fryer,Home & Kitchen,Urban,82414.49,29.53,SUP0448,91,True
PROD001912,Perfume,Beauty,Nova,41737.09,5.53,SUP0036,97,True
PROD001913,Bluetooth Speaker,Electronics,Prime,74389.11,12.23,SUP0320,52,True
PROD001914,Data Science Book,Books,Pro,90590.27,23.14,SUP0207,14,True
PROD001915,Backpack,Accessories,Pro,74934.39,2.41,SUP0043,81,True
PROD001916,Storage Box,Home & Kitchen,Elite,53671.89,6.62,SUP0274,85,True
PROD001917,Coffee,Grocery,Elite,39052.03,3.96,SUP0407,100,True
PROD001918,Kurta,Fashion,Max,77149.7,6.69,SUP0209,85,True
PROD001919,Football,Sports,Max,90827.64,7.13,SUP0480,70,True
PROD001920,Bluetooth Speaker,Electronics,Value,68587.07,22.34,SUP0111,57,True
PROD001921,Football,Sports,Nova,7787.54,16.75,SUP0114,48,True
PROD001922,Bluetooth Speaker,Electronics,Pro,57087.58,0.82,SUP0343,47,True
PROD001923,Bluetooth Speaker,Electronics,Prime,44396.36,5.33,SUP0048,43,True
PROD001924,Wheat Flour,Grocery,Pro,77690.26,13.16,SUP0091,87,True
PROD001925,Smart Watch,Electronics,Urban,39365.8,11.62,SUP0345,13,True
PROD001926,Backpack,Accessories,Elite,40264.24,26.4,SUP0478,48,True
PROD001927,Business Book,Books,Urban,22904.17,8.13,SUP0061,48,True
PROD001928,Shampoo,Beauty,Pro,60578.44,13.13,SUP0098,15,True
PROD001929,Wireless Earbuds,Electronics,Pro,23516.97,4.02,SUP0247,19,True
PROD001930,Dumbbells,Sports,Prime,15716.2,25.02,SUP0248,7,True
PROD001931,Wallet,Accessories,Urban,35700.36,2.42,SUP0159,66,True
PROD001932,Data Science Book,Books,Prime,80476.96,26.05,SUP0011,48,True
PROD001933,Smart Watch,Electronics,Prime,58554.73,7.21,SUP0010,44,False
PROD001934,Mixer Grinder,Home & Kitchen,Nova,23306.47,20.05,SUP0147,43,True
PROD001935,Running Shoes,Sports,Max,49245.48,3.58,SUP0400,53,True
PROD001936,Face Wash,Beauty,Value,89068.1,1.87,SUP0241,43,True
PROD001937,Formal Shirt,Fashion,Pro,49168.96,25.55,SUP0146,98,True
PROD001938,Sunscreen,Beauty,Nova,66929.97,9.35,SUP0069,30,True
PROD001939,Wireless Earbuds,Electronics,Max,46488.24,16.11,SUP0079,40,True
PROD001940,Smart Watch,Electronics,Pro,58367.83,15.17,SUP0368,58,True
PROD001941,Wireless Earbuds,Electronics,Nova,68562.35,23.22,SUP0362,16,True
PROD001942,Storage Box,Home & Kitchen,Elite,35287.92,19.94,SUP0136,11,True
PROD001943,Wallet,Accessories,Elite,85620.05,17.65,SUP0257,94,True
PROD001944,Phone Case,Accessories,Pro,66583.45,21.23,SUP0362,74,True
PROD001945,Air Fryer,Home & Kitchen,Pro,61088.36,21.71,SUP0167,55,True
PROD001946,Bluetooth Speaker,Electronics,Max,29425.19,11.44,SUP0287,68,True
PROD001947,Data Science Book,Books,Prime,59247.32,28.03,SUP0136,46,True
PROD001948,Belt,Accessories,Prime,20426.11,4.44,SUP0387,20,True
PROD001949,Storage Box,Home & Kitchen,Nova,50192.19,21.73,SUP0167,64,True
PROD001950,Backpack,Accessories,Urban,28304.95,28.43,SUP0183,14,True
PROD001951,Kurta,Fashion,Value,3584.53,16.03,SUP0465,69,True
PROD001952,Bluetooth Speaker,Electronics,Urban,37039.45,23.57,SUP0365,43,True
PROD001953,Smart Watch,Electronics,Max,67261.28,24.46,SUP0388,49,True
PROD001954,Formal Shirt,Fashion,Max,7128.38,18.35,SUP0299,85,True
PROD001955,Wireless Earbuds,Electronics,Prime,3728.33,19.99,SUP0197,5,True
PROD001956,Coffee,Grocery,Prime,20267.3,4.33,SUP0266,19,True
PROD001957,Dry Fruits,Grocery,Pro,43877.15,23.48,SUP0495,75,True
PROD001958,Backpack,Accessories,Max,23362.18,5.82,SUP0460,38,True
PROD001959,Cricket Bat,Sports,Max,3359.46,19.96,SUP0056,51,True
PROD001960,Jeans,Fashion,Pro,33561.75,7.42,SUP0481,22,True
PROD001961,Cooking Oil,Grocery,Max,89735.57,16.98,SUP0046,95,True
PROD001962,T-Shirt,Fashion,Elite,9591.03,17.45,SUP0439,94,True
PROD001963,Wheat Flour,Grocery,Max,45458.83,23.66,SUP0229,88,True
PROD001964,Wireless Earbuds,Electronics,Elite,2361.31,4.55,SUP0070,56,True
PROD001965,Sunglasses,Accessories,Pro,70519.74,28.76,SUP0030,46,True
PROD001966,Water Bottle,Home & Kitchen,Nova,63708.23,4.79,SUP0242,31,True
PROD001967,Mixer Grinder,Home & Kitchen,Urban,76294.94,13.54,SUP0139,26,True
PROD001968,Rice,Grocery,Prime,30914.56,5.8,SUP0318,28,True
PROD001969,Water Bottle,Home & Kitchen,Urban,78969.6,7.75,SUP0038,99,True
PROD001970,Water Bottle,Home & Kitchen,Max,12802.19,22.44,SUP0302,81,True
PROD001971,Shampoo,Beauty,Prime,53203.9,18.11,SUP0442,37,True
PROD001972,Belt,Accessories,Nova,50223.35,16.15,SUP0104,61,True
PROD001973,Water Bottle,Home & Kitchen,Max,37504.3,14.9,SUP0475,44,True
PROD001974,Bluetooth Speaker,Electronics,Max,80356.02,7.06,SUP0219,52,True
PROD001975,Tablet,Electronics,Elite,75210.5,27.71,SUP0152,77,True
PROD001976,Sunscreen,Beauty,Max,12930.62,29.63,SUP0008,19,True
PROD001977,Dumbbells,Sports,Nova,57593.52,2.88,SUP0378,78,True
PROD001978,Bluetooth Speaker,Electronics,Urban,47029.34,7.24,SUP0303,87,True
PROD001979,Moisturizer,Beauty,Prime,50419.67,18.57,SUP0317,17,True
PROD001980,Shampoo,Beauty,Urban,11357.78,23.77,SUP0233,96,True
PROD001981,Perfume,Beauty,Nova,69840.74,28.06,SUP0397,85,True
PROD001982,Cookware Set,Home & Kitchen,Pro,59838.51,2.68,SUP0242,53,True
PROD001983,Wireless Earbuds,Electronics,Elite,1746.35,4.38,SUP0115,80,True
PROD001984,Business Book,Books,Prime,45152.46,7.44,SUP0406,16,True
PROD001985,Air Fryer,Home & Kitchen,Max,13728.25,17.74,SUP0338,58,True
PROD001986,Smartphone,Electronics,Value,75854.24,2.59,SUP0126,100,True
PROD001987,Bedsheet,Home & Kitchen,Prime,49908.36,26.94,SUP0460,71,True
PROD001988,Fiction Novel,Books,Prime,46071.13,26.33,SUP0390,24,True
PROD001989,Fiction Novel,Books,Urban,47936.93,28.11,SUP0249,93,True
PROD001990,Air Fryer,Home & Kitchen,Prime,51392.61,29.62,SUP0026,21,True
PROD001991,Data Science Book,Books,Prime,70592.44,20.06,SUP0026,89,True
PROD001992,Tea,Grocery,Prime,67530.26,21.75,SUP0456,26,True
PROD001993,Wheat Flour,Grocery,Elite,22903.75,27.71,SUP0262,35,True
PROD001994,Smart Watch,Electronics,Value,2776.58,7.13,SUP0082,12,True
PROD001995,Tablet,Electronics,Prime,2199.18,14.52,SUP0489,45,True
PROD001996,Cookware Set,Home & Kitchen,Prime,26709.51,7.56,SUP0021,47,True
PROD001997,Sneakers,Fashion,Elite,67686.69,8.47,SUP0141,54,True
PROD001998,Laptop,Electronics,Prime,28271.76,13.86,SUP0278,29,True
PROD001999,Running Shoes,Sports,Max,80387.06,9.0,SUP0057,12,True
PROD002000,Data Science Book,Books,Pro,44131.7,24.97,SUP0284,42,True
PROD002001,Kurta,Fashion,Pro,79683.66,18.47,SUP0012,93,True
PROD002002,Phone Case,Accessories,Nova,39525.49,25.23,SUP0140,98,True
PROD002003,Wheat Flour,Grocery,Nova,30479.24,9.35,SUP0431,66,True
PROD002004,Football,Sports,Nova,9353.04,25.24,SUP0134,73,True
PROD002005,Mixer Grinder,Home & Kitchen,Nova,21155.5,10.01,SUP0113,61,True
PROD002006,Face Wash,Beauty,Value,16675.98,24.78,SUP0025,47,True
PROD002007,Jeans,Fashion,Elite,19262.82,26.0,SUP0168,21,True
PROD002008,Running Shoes,Sports,Nova,52935.58,1.66,SUP0054,17,True
PROD002009,Dumbbells,Sports,Prime,3854.49,17.24,SUP0026,17,True
PROD002010,Sneakers,Fashion,Urban,31216.27,9.1,SUP0285,22,True
PROD002011,Belt,Accessories,Elite,10717.95,16.82,SUP0175,69,False
PROD002012,Smartphone,Electronics,Pro,57172.97,17.89,SUP0307,92,True
PROD002013,Sunscreen,Beauty,Max,70361.94,3.91,SUP0478,26,True
PROD002014,Laptop,Electronics,Urban,93655.08,4.79,SUP0133,48,True
PROD002015,Phone Case,Accessories,Nova,86492.14,18.93,SUP0055,40,True
PROD002016,Air Fryer,Home & Kitchen,Value,44152.74,6.79,SUP0401,7,False
PROD002017,Cricket Bat,Sports,Nova,94565.8,29.79,SUP0394,60,True
PROD002018,Shampoo,Beauty,Max,2798.35,5.16,SUP0112,33,True
PROD002019,Sneakers,Fashion,Max,10211.65,6.69,SUP0356,73,True
PROD002020,Smartphone,Electronics,Pro,43413.56,13.46,SUP0117,94,True
PROD002021,Wireless Earbuds,Electronics,Max,49377.79,22.34,SUP0219,87,True
PROD002022,T-Shirt,Fashion,Value,5816.12,4.14,SUP0320,51,False
PROD002023,T-Shirt,Fashion,Urban,44245.99,16.11,SUP0399,5,True
PROD002024,Coffee,Grocery,Prime,38081.92,26.33,SUP0279,11,True
PROD002025,Jeans,Fashion,Pro,54290.95,18.04,SUP0196,62,True
PROD002026,Yoga Mat,Sports,Max,93213.85,18.47,SUP0395,25,True
PROD002027,Shampoo,Beauty,Prime,30340.05,10.7,SUP0480,7,True
PROD002028,Coffee,Grocery,Max,33410.09,25.41,SUP0040,45,True
PROD002029,Face Wash,Beauty,Nova,99008.97,15.67,SUP0097,88,True
PROD002030,Shampoo,Beauty,Urban,77382.92,3.73,SUP0312,48,True
PROD002031,Moisturizer,Beauty,Urban,27326.14,20.97,SUP0155,27,True
PROD002032,Kurta,Fashion,Elite,53961.53,12.38,SUP0441,60,True
PROD002033,Dry Fruits,Grocery,Pro,61858.65,20.33,SUP0008,11,True
PROD002034,Exam Preparation Book,Books,Prime,91560.02,13.29,SUP0203,77,True
PROD002035,Laptop,Electronics,Urban,31219.36,17.75,SUP0225,21,True
PROD002036,Smartphone,Electronics,Value,692.2,17.8,SUP0276,35,True
PROD002037,Jacket,Fashion,Pro,48821.94,13.24,SUP0306,60,True
PROD002038,Cookware Set,Home & Kitchen,Prime,8487.85,10.65,SUP0035,9,True
PROD002039,Dry Fruits,Grocery,Nova,16079.1,0.33,SUP0285,20,True
PROD002040,Programming Book,Books,Urban,48888.5,0.77,SUP0474,29,True
PROD002041,Face Wash,Beauty,Pro,66083.58,24.71,SUP0150,62,True
PROD002042,Jeans,Fashion,Urban,67612.27,13.02,SUP0259,78,True
PROD002043,Dumbbells,Sports,Pro,43397.16,10.71,SUP0196,55,True
PROD002044,Jacket,Fashion,Urban,57576.45,2.94,SUP0468,50,True
PROD002045,Moisturizer,Beauty,Value,11231.55,2.95,SUP0201,87,True
PROD002046,Perfume,Beauty,Nova,31756.11,18.15,SUP0036,8,True
PROD002047,Rice,Grocery,Value,95950.13,20.8,SUP0244,86,True
PROD002048,Sunscreen,Beauty,Max,81205.75,0.25,SUP0221,21,True
PROD002049,Smart Watch,Electronics,Urban,40772.95,24.64,SUP0008,29,True
PROD002050,Kurta,Fashion,Urban,1025.62,9.05,SUP0094,60,True
PROD002051,Jacket,Fashion,Prime,68501.38,12.18,SUP0203,73,True
PROD002052,Kurta,Fashion,Prime,17490.44,15.69,SUP0025,91,True
PROD002053,Cookware Set,Home & Kitchen,Nova,4650.22,26.45,SUP0113,58,True
PROD002054,Rice,Grocery,Urban,95488.37,9.5,SUP0471,20,True
PROD002055,Bedsheet,Home & Kitchen,Value,78189.14,12.45,SUP0253,97,True
PROD002056,Water Bottle,Home & Kitchen,Elite,45840.02,6.35,SUP0202,93,True
PROD002057,Belt,Accessories,Elite,49987.96,2.16,SUP0303,65,True
PROD002058,Sneakers,Fashion,Max,11094.8,28.66,SUP0129,86,True
PROD002059,Kurta,Fashion,Elite,15456.11,19.14,SUP0221,100,True
PROD002060,Smart Watch,Electronics,Value,22732.24,26.87,SUP0496,100,True
PROD002061,Bluetooth Speaker,Electronics,Prime,20547.94,10.96,SUP0165,29,True
PROD002062,Exam Preparation Book,Books,Nova,90333.28,24.38,SUP0274,17,True
PROD002063,Water Bottle,Home & Kitchen,Max,79703.76,15.91,SUP0164,93,True
PROD002064,Jeans,Fashion,Nova,71980.29,2.97,SUP0405,19,True
PROD002065,Belt,Accessories,Nova,56421.08,20.2,SUP0150,10,True
PROD002066,Shampoo,Beauty,Urban,65681.37,7.77,SUP0091,79,True
PROD002067,Sunscreen,Beauty,Urban,73938.94,29.08,SUP0110,74,True
PROD002068,Dry Fruits,Grocery,Max,14405.53,29.28,SUP0440,19,True
PROD002069,Perfume,Beauty,Elite,75683.75,9.25,SUP0087,85,True
PROD002070,Tea,Grocery,Max,45602.04,13.03,SUP0190,87,True
PROD002071,Wireless Earbuds,Electronics,Nova,48691.17,29.34,SUP0313,32,True
PROD002072,Moisturizer,Beauty,Urban,79914.07,14.74,SUP0071,22,True
PROD002073,Moisturizer,Beauty,Pro,91567.49,1.91,SUP0048,79,True
PROD002074,Kurta,Fashion,Pro,14906.79,29.14,SUP0458,32,True
PROD002075,Moisturizer,Beauty,Nova,93913.86,4.62,SUP0153,63,True
PROD002076,Bedsheet,Home & Kitchen,Urban,1363.15,9.67,SUP0285,19,True
PROD002077,Cookware Set,Home & Kitchen,Value,93248.41,0.37,SUP0374,29,True
PROD002078,Tea,Grocery,Prime,36795.8,27.47,SUP0303,13,True
PROD002079,Formal Shirt,Fashion,Elite,51485.37,7.47,SUP0325,91,True
PROD002080,Smart Watch,Electronics,Urban,89329.09,1.21,SUP0072,26,True
PROD002081,Tablet,Electronics,Value,5980.44,15.09,SUP0105,84,True
PROD002082,Smartphone,Electronics,Urban,57801.74,18.95,SUP0477,36,True
PROD002083,Jeans,Fashion,Value,48175.18,15.41,SUP0438,42,True
PROD002084,Rice,Grocery,Max,42209.38,0.19,SUP0425,90,True
PROD002085,Bedsheet,Home & Kitchen,Urban,87232.82,22.17,SUP0163,98,True
PROD002086,Wheat Flour,Grocery,Elite,75012.8,11.27,SUP0061,100,True
PROD002087,Jeans,Fashion,Max,87533.71,16.58,SUP0496,23,True
PROD002088,Data Science Book,Books,Prime,12062.42,10.01,SUP0288,61,True
PROD002089,Business Book,Books,Pro,46193.46,6.24,SUP0051,58,True
PROD002090,Running Shoes,Sports,Pro,78976.22,24.33,SUP0369,67,True
PROD002091,Smart Watch,Electronics,Value,20198.9,4.26,SUP0127,71,True
PROD002092,Formal Shirt,Fashion,Pro,23851.82,25.74,SUP0336,48,True
PROD002093,Laptop,Electronics,Elite,89544.75,26.57,SUP0172,51,True
PROD002094,Sneakers,Fashion,Urban,31560.26,4.8,SUP0018,21,True
PROD002095,Belt,Accessories,Prime,80812.94,11.1,SUP0158,72,False
PROD002096,Cookware Set,Home & Kitchen,Pro,57190.09,23.22,SUP0302,40,True
PROD002097,Rice,Grocery,Max,69786.02,23.6,SUP0028,50,True
PROD002098,Cooking Oil,Grocery,Prime,96085.18,20.7,SUP0126,66,False
PROD002099,Formal Shirt,Fashion,Nova,25631.51,23.19,SUP0283,94,True
PROD002100,Face Wash,Beauty,Max,32729.43,24.94,SUP0108,89,True
PROD002101,Storage Box,Home & Kitchen,Nova,63446.65,16.35,SUP0491,54,True
PROD002102,Face Wash,Beauty,Max,59878.14,10.21,SUP0214,51,True
PROD002103,T-Shirt,Fashion,Urban,4387.57,21.07,SUP0017,56,True
PROD002104,Yoga Mat,Sports,Value,31478.94,8.59,SUP0250,38,True
PROD002105,Storage Box,Home & Kitchen,Urban,44681.01,10.91,SUP0465,55,True
PROD002106,Jacket,Fashion,Max,91758.42,26.32,SUP0445,85,True
PROD002107,Wireless Earbuds,Electronics,Elite,71809.3,17.59,SUP0357,93,True
PROD002108,Smart Watch,Electronics,Pro,60069.69,2.26,SUP0087,87,True
PROD002109,Belt,Accessories,Prime,80567.83,17.22,SUP0230,46,True
PROD002110,Jeans,Fashion,Nova,11549.24,14.53,SUP0278,16,True
PROD002111,Air Fryer,Home & Kitchen,Prime,77591.66,18.33,SUP0013,53,True
PROD002112,Fiction Novel,Books,Nova,16107.92,12.94,SUP0474,27,True
PROD002113,Backpack,Accessories,Nova,6010.47,18.48,SUP0199,50,True
PROD002114,Perfume,Beauty,Elite,14656.56,19.24,SUP0065,79,True
PROD002115,Face Wash,Beauty,Value,74937.43,9.03,SUP0270,48,True
PROD002116,Running Shoes,Sports,Elite,34789.72,15.84,SUP0067,51,True
PROD002117,Smartphone,Electronics,Urban,22338.73,18.76,SUP0396,53,True
PROD002118,Smartphone,Electronics,Prime,72531.88,24.19,SUP0163,67,True
PROD002119,Wireless Earbuds,Electronics,Nova,47955.58,17.02,SUP0191,54,True
PROD002120,Dumbbells,Sports,Prime,3025.07,26.72,SUP0333,39,True
PROD002121,Cricket Bat,Sports,Prime,60375.21,28.66,SUP0120,26,True
PROD002122,T-Shirt,Fashion,Pro,83387.85,11.92,SUP0352,46,True
PROD002123,Bluetooth Speaker,Electronics,Nova,75084.38,9.25,SUP0289,84,True
PROD002124,Perfume,Beauty,Urban,60733.64,15.38,SUP0319,55,True
PROD002125,Formal Shirt,Fashion,Elite,78070.31,19.79,SUP0066,16,True
PROD002126,Laptop,Electronics,Pro,49659.32,25.09,SUP0452,60,True
PROD002127,Backpack,Accessories,Prime,84702.49,24.21,SUP0096,78,True
PROD002128,Storage Box,Home & Kitchen,Elite,64125.93,8.37,SUP0075,62,True
PROD002129,Wireless Earbuds,Electronics,Nova,8995.52,24.66,SUP0455,22,True
PROD002130,Dumbbells,Sports,Nova,83315.93,11.32,SUP0060,12,True
PROD002131,Wireless Earbuds,Electronics,Prime,69395.2,4.04,SUP0339,10,True
PROD002132,Jeans,Fashion,Max,991.8,16.83,SUP0051,50,True
PROD002133,Coffee,Grocery,Value,72599.48,7.96,SUP0015,5,True
PROD002134,T-Shirt,Fashion,Pro,23088.59,23.81,SUP0282,65,True
PROD002135,Wireless Earbuds,Electronics,Max,78411.58,6.71,SUP0247,44,True
PROD002136,Smart Watch,Electronics,Nova,22635.7,17.26,SUP0114,45,True
PROD002137,Smart Watch,Electronics,Prime,98366.22,16.14,SUP0076,93,True
PROD002138,Dry Fruits,Grocery,Urban,15908.48,1.9,SUP0434,33,True
PROD002139,Yoga Mat,Sports,Prime,58400.94,22.98,SUP0183,8,True
PROD002140,Perfume,Beauty,Nova,31404.52,26.62,SUP0024,74,True
PROD002141,Smartphone,Electronics,Max,37953.66,15.17,SUP0350,75,True
PROD002142,T-Shirt,Fashion,Elite,43591.48,24.86,SUP0141,80,True
PROD002143,Cooking Oil,Grocery,Elite,85548.36,22.19,SUP0204,8,True
PROD002144,Running Shoes,Sports,Pro,48139.95,21.86,SUP0393,96,True
PROD002145,Programming Book,Books,Pro,28602.63,10.22,SUP0054,48,True
PROD002146,Bluetooth Speaker,Electronics,Urban,84063.28,13.07,SUP0136,55,True
PROD002147,Tablet,Electronics,Value,21666.35,12.69,SUP0155,9,True
PROD002148,Cricket Bat,Sports,Max,71404.03,0.62,SUP0197,75,True
PROD002149,Sunglasses,Accessories,Nova,14455.89,21.2,SUP0152,66,True
PROD002150,Smartphone,Electronics,Nova,71279.03,22.34,SUP0052,54,True
PROD002151,Dry Fruits,Grocery,Value,11578.71,18.56,SUP0142,94,True
PROD002152,Bedsheet,Home & Kitchen,Nova,12279.29,5.54,SUP0456,64,True
PROD002153,Tablet,Electronics,Prime,42929.26,12.83,SUP0319,63,True
PROD002154,Formal Shirt,Fashion,Nova,61266.47,16.06,SUP0083,16,True
PROD002155,Moisturizer,Beauty,Nova,90966.84,20.41,SUP0115,31,True
PROD002156,Belt,Accessories,Elite,36048.39,25.68,SUP0266,31,True
PROD002157,Backpack,Accessories,Pro,89313.65,19.66,SUP0220,98,True
PROD002158,Kurta,Fashion,Nova,36002.38,13.4,SUP0488,94,True
PROD002159,Jeans,Fashion,Nova,49835.05,17.43,SUP0330,53,True
PROD002160,Wallet,Accessories,Urban,64773.46,29.8,SUP0195,88,True
PROD002161,Laptop,Electronics,Pro,15727.63,11.78,SUP0110,49,True
PROD002162,Jeans,Fashion,Urban,98472.61,9.25,SUP0145,11,True
PROD002163,Coffee,Grocery,Pro,19596.89,20.85,SUP0153,11,True
PROD002164,Fiction Novel,Books,Elite,94194.5,12.13,SUP0291,24,True
PROD002165,T-Shirt,Fashion,Nova,21980.42,2.85,SUP0255,37,True
PROD002166,Wheat Flour,Grocery,Urban,83884.89,11.59,SUP0112,49,True
PROD002167,Formal Shirt,Fashion,Prime,48497.48,9.99,SUP0171,60,True
PROD002168,Face Wash,Beauty,Urban,2885.69,1.29,SUP0156,16,True
PROD002169,Rice,Grocery,Max,88634.83,28.0,SUP0049,6,True
PROD002170,Running Shoes,Sports,Value,52766.16,14.54,SUP0140,77,True
PROD002171,Formal Shirt,Fashion,Elite,84539.26,6.68,SUP0106,74,True
PROD002172,Sunglasses,Accessories,Urban,72027.11,26.04,SUP0251,6,True
PROD002173,Cricket Bat,Sports,Value,15273.52,26.78,SUP0260,10,True
PROD002174,Sunglasses,Accessories,Urban,15265.71,25.35,SUP0158,90,True
PROD002175,Wheat Flour,Grocery,Value,14796.58,14.87,SUP0209,66,True
PROD002176,Rice,Grocery,Urban,36794.94,8.91,SUP0182,87,True
PROD002177,Belt,Accessories,Elite,48793.73,26.17,SUP0149,21,True
PROD002178,Cricket Bat,Sports,Prime,6666.57,5.91,SUP0122,48,True
PROD002179,Shampoo,Beauty,Value,65613.78,21.66,SUP0178,26,True
PROD002180,Perfume,Beauty,Urban,16128.17,14.33,SUP0007,33,True
PROD002181,Sunglasses,Accessories,Nova,7395.59,21.18,SUP0198,100,True
PROD002182,Water Bottle,Home & Kitchen,Nova,54552.1,9.27,SUP0277,91,True
PROD002183,Dry Fruits,Grocery,Max,50241.12,13.44,SUP0230,39,True
PROD002184,Sneakers,Fashion,Nova,58009.52,0.8,SUP0132,72,True
PROD002185,Dumbbells,Sports,Value,25632.09,7.38,SUP0426,5,True
PROD002186,Exam Preparation Book,Books,Value,56376.64,21.93,SUP0186,6,True
PROD002187,Water Bottle,Home & Kitchen,Elite,91157.18,13.86,SUP0327,77,True
PROD002188,Air Fryer,Home & Kitchen,Max,68138.36,8.84,SUP0398,32,True
PROD002189,Tea,Grocery,Pro,62352.21,9.35,SUP0294,28,True
PROD002190,Dry Fruits,Grocery,Nova,357.86,16.76,SUP0120,89,True
PROD002191,Formal Shirt,Fashion,Urban,53860.94,13.96,SUP0202,44,True
PROD002192,Tablet,Electronics,Elite,9598.74,23.66,SUP0406,58,True
PROD002193,Kurta,Fashion,Value,24463.84,5.79,SUP0049,76,True
PROD002194,Formal Shirt,Fashion,Elite,40615.92,21.57,SUP0085,51,True
PROD002195,Moisturizer,Beauty,Max,24062.41,29.24,SUP0151,31,True
PROD002196,Phone Case,Accessories,Elite,10550.34,5.28,SUP0428,78,True
PROD002197,Rice,Grocery,Prime,53713.07,20.13,SUP0087,99,True
PROD002198,Storage Box,Home & Kitchen,Urban,34089.98,2.7,SUP0112,52,True
PROD002199,Sunglasses,Accessories,Pro,126.23,1.99,SUP0099,78,True
PROD002200,Cookware Set,Home & Kitchen,Urban,495.58,5.03,SUP0442,85,True
PROD002201,Cricket Bat,Sports,Pro,99732.02,7.39,SUP0362,8,True
PROD002202,Sunglasses,Accessories,Value,55222.62,1.63,SUP0076,100,True
PROD002203,Belt,Accessories,Elite,84484.98,14.29,SUP0208,49,True
PROD002204,Exam Preparation Book,Books,Nova,29968.39,13.5,SUP0146,37,True
PROD002205,Water Bottle,Home & Kitchen,Urban,83102.17,6.05,SUP0179,42,True
PROD002206,Belt,Accessories,Pro,55618.16,18.61,SUP0405,18,True
PROD002207,Storage Box,Home & Kitchen,Urban,74377.48,14.02,SUP0340,38,True
PROD002208,Jacket,Fashion,Urban,75943.37,24.78,SUP0066,80,True
PROD002209,Running Shoes,Sports,Prime,35227.5,17.76,SUP0341,31,True
PROD002210,Backpack,Accessories,Value,74690.6,18.22,SUP0412,81,True
PROD002211,Mixer Grinder,Home & Kitchen,Nova,47387.82,23.52,SUP0244,82,True
PROD002212,Smart Watch,Electronics,Urban,81824.95,6.14,SUP0149,84,True
PROD002213,Wallet,Accessories,Elite,28194.1,26.01,SUP0439,8,True
PROD002214,Cookware Set,Home & Kitchen,Value,45007.02,19.82,SUP0102,70,True
PROD002215,Moisturizer,Beauty,Max,79845.97,29.8,SUP0137,86,True
PROD002216,Belt,Accessories,Pro,39758.93,20.86,SUP0177,7,True
PROD002217,Wireless Earbuds,Electronics,Pro,86268.69,13.17,SUP0412,76,True
PROD002218,Tea,Grocery,Value,47960.52,5.0,SUP0175,61,True
PROD002219,Data Science Book,Books,Prime,87648.26,19.82,SUP0412,21,True
PROD002220,Formal Shirt,Fashion,Max,9300.69,29.19,SUP0455,60,True
PROD002221,Belt,Accessories,Nova,97509.58,16.19,SUP0162,51,True
PROD002222,Phone Case,Accessories,Nova,42564.82,13.75,SUP0303,65,True
PROD002223,Backpack,Accessories,Elite,3036.54,18.13,SUP0148,30,True
PROD002224,Air Fryer,Home & Kitchen,Elite,67009.57,17.1,SUP0133,43,True
PROD002225,Sneakers,Fashion,Elite,57108.39,20.52,SUP0281,17,True
PROD002226,Smartphone,Electronics,Elite,17192.39,19.38,SUP0146,99,True
PROD002227,Kurta,Fashion,Max,15916.05,12.54,SUP0334,35,True
PROD002228,Perfume,Beauty,Max,47995.63,17.07,SUP0321,13,True
PROD002229,Air Fryer,Home & Kitchen,Prime,249.7,10.37,SUP0486,9,True
PROD002230,Tea,Grocery,Urban,27262.1,12.73,SUP0126,98,True
PROD002231,Storage Box,Home & Kitchen,Max,29872.15,26.05,SUP0363,56,False
PROD002232,Rice,Grocery,Prime,84013.32,5.9,SUP0011,71,True
PROD002233,Business Book,Books,Value,43778.25,17.86,SUP0455,58,True
PROD002234,Sunscreen,Beauty,Elite,64030.59,19.34,SUP0171,67,True
PROD002235,Jacket,Fashion,Prime,23444.7,16.46,SUP0367,15,True
PROD002236,Smartphone,Electronics,Max,43845.14,14.24,SUP0211,91,True
PROD002237,Tea,Grocery,Pro,225.99,2.79,SUP0038,96,True
PROD002238,Bedsheet,Home & Kitchen,Nova,26815.28,16.9,SUP0468,60,True
PROD002239,Tea,Grocery,Elite,39335.82,1.76,SUP0103,58,True
PROD002240,Tablet,Electronics,Urban,21207.11,3.68,SUP0412,89,False
PROD002241,Programming Book,Books,Nova,53086.72,1.02,SUP0127,10,True
PROD002242,Tablet,Electronics,Prime,54290.67,21.81,SUP0495,15,True
PROD002243,Programming Book,Books,Prime,32211.4,24.83,SUP0325,30,True
PROD002244,Tea,Grocery,Urban,499.53,17.83,SUP0324,63,True
PROD002245,Rice,Grocery,Urban,95482.95,2.19,SUP0218,64,True
PROD002246,Jeans,Fashion,Prime,31988.22,27.52,SUP0280,85,True
PROD002247,Yoga Mat,Sports,Max,38676.51,20.81,SUP0038,74,True
PROD002248,Cooking Oil,Grocery,Pro,93986.81,29.53,SUP0135,52,True
PROD002249,Running Shoes,Sports,Nova,16973.63,9.42,SUP0299,76,True
PROD002250,Kurta,Fashion,Max,71316.09,3.83,SUP0415,60,True
PROD002251,Mixer Grinder,Home & Kitchen,Max,12730.23,7.36,SUP0122,80,True
PROD002252,Programming Book,Books,Max,38252.4,8.67,SUP0305,54,True
PROD002253,Fiction Novel,Books,Elite,75838.7,28.11,SUP0326,61,True
PROD002254,Belt,Accessories,Nova,23231.99,14.2,SUP0466,9,True
PROD002255,Cookware Set,Home & Kitchen,Value,75888.13,5.25,SUP0075,94,True
PROD002256,Rice,Grocery,Elite,5843.13,18.87,SUP0078,44,True
PROD002257,Moisturizer,Beauty,Urban,46383.03,6.52,SUP0241,94,True
PROD002258,Air Fryer,Home & Kitchen,Elite,98752.43,5.95,SUP0456,6,True
PROD002259,Wheat Flour,Grocery,Max,8636.88,19.99,SUP0249,13,True
PROD002260,Moisturizer,Beauty,Max,75452.22,8.32,SUP0366,52,True
PROD002261,Wallet,Accessories,Pro,29087.46,18.89,SUP0427,55,True
PROD002262,Mixer Grinder,Home & Kitchen,Prime,70554.13,19.48,SUP0066,6,True
PROD002263,Storage Box,Home & Kitchen,Urban,66271.48,11.66,SUP0198,57,True
PROD002264,Formal Shirt,Fashion,Urban,3848.11,15.13,SUP0341,5,True
PROD002265,T-Shirt,Fashion,Pro,63616.72,17.82,SUP0166,95,True
PROD002266,Fiction Novel,Books,Prime,59151.26,21.91,SUP0006,7,True
PROD002267,Water Bottle,Home & Kitchen,Prime,23594.86,17.2,SUP0053,50,True
PROD002268,Yoga Mat,Sports,Pro,59932.05,4.06,SUP0297,43,True
PROD002269,Rice,Grocery,Prime,57127.09,9.51,SUP0323,26,True
PROD002270,Sunglasses,Accessories,Nova,96712.72,9.15,SUP0331,64,True
PROD002271,Perfume,Beauty,Prime,71212.6,3.78,SUP0357,98,True
PROD002272,T-Shirt,Fashion,Nova,32586.49,1.9,SUP0203,88,False
PROD002273,Tea,Grocery,Elite,50084.34,22.07,SUP0097,97,True
PROD002274,Air Fryer,Home & Kitchen,Pro,66189.83,11.95,SUP0274,35,True
PROD002275,Business Book,Books,Prime,50837.42,23.95,SUP0242,84,True
PROD002276,Tea,Grocery,Urban,65087.88,28.19,SUP0304,56,True
PROD002277,Phone Case,Accessories,Pro,41086.59,13.12,SUP0076,73,True
PROD002278,Backpack,Accessories,Pro,80515.47,5.41,SUP0498,31,True
PROD002279,Fiction Novel,Books,Value,16121.91,13.2,SUP0190,30,True
PROD002280,Rice,Grocery,Value,51001.62,29.25,SUP0198,12,True
PROD002281,Cookware Set,Home & Kitchen,Pro,98123.22,6.15,SUP0026,84,True
PROD002282,Shampoo,Beauty,Max,39920.21,20.63,SUP0139,88,True
PROD002283,Rice,Grocery,Pro,56276.5,29.3,SUP0236,63,True
PROD002284,Wheat Flour,Grocery,Urban,36495.39,10.29,SUP0229,16,True
PROD002285,Backpack,Accessories,Max,10197.92,1.21,SUP0384,31,True
PROD002286,Exam Preparation Book,Books,Max,70243.67,10.24,SUP0438,47,True
PROD002287,Smart Watch,Electronics,Value,64972.59,8.51,SUP0077,93,True
PROD002288,Formal Shirt,Fashion,Pro,9658.45,14.12,SUP0116,97,True
PROD002289,Laptop,Electronics,Urban,28142.57,21.33,SUP0481,50,True
PROD002290,Tea,Grocery,Pro,3312.73,18.21,SUP0396,49,True
PROD002291,Sunglasses,Accessories,Pro,69449.83,24.02,SUP0498,11,True
PROD002292,Backpack,Accessories,Pro,89366.4,12.82,SUP0184,39,True
PROD002293,T-Shirt,Fashion,Elite,46399.82,18.55,SUP0297,97,True
PROD002294,Dry Fruits,Grocery,Prime,46493.95,3.87,SUP0488,26,True
PROD002295,T-Shirt,Fashion,Max,51623.46,11.53,SUP0143,43,True
PROD002296,Coffee,Grocery,Elite,95292.63,20.53,SUP0495,16,True
PROD002297,Wireless Earbuds,Electronics,Value,12922.75,9.36,SUP0019,13,True
PROD002298,Exam Preparation Book,Books,Max,8595.23,3.97,SUP0150,45,True
PROD002299,Moisturizer,Beauty,Urban,92986.15,8.44,SUP0390,62,True
PROD002300,Kurta,Fashion,Pro,70789.93,9.6,SUP0449,100,True
PROD002301,Football,Sports,Nova,67274.74,27.01,SUP0318,73,True
PROD002302,Laptop,Electronics,Elite,77753.3,22.52,SUP0396,58,True
PROD002303,Cooking Oil,Grocery,Elite,59051.9,6.01,SUP0388,83,True
PROD002304,Smartphone,Electronics,Pro,99151.4,24.09,SUP0379,98,True
PROD002305,Programming Book,Books,Urban,97009.83,17.89,SUP0226,83,True
PROD002306,Face Wash,Beauty,Pro,97528.18,22.81,SUP0455,91,True
PROD002307,Face Wash,Beauty,Max,23005.42,29.56,SUP0080,58,True
PROD002308,Running Shoes,Sports,Pro,92125.03,26.55,SUP0324,41,True
PROD002309,Jacket,Fashion,Pro,89335.21,5.24,SUP0032,54,True
PROD002310,Backpack,Accessories,Prime,11722.85,14.89,SUP0441,82,True
PROD002311,Exam Preparation Book,Books,Pro,76104.25,22.8,SUP0005,94,True
PROD002312,Bedsheet,Home & Kitchen,Max,33008.31,0.55,SUP0370,23,True
PROD002313,Mixer Grinder,Home & Kitchen,Prime,52371.44,10.6,SUP0353,86,True
PROD002314,Yoga Mat,Sports,Max,2839.66,13.94,SUP0222,43,True
PROD002315,Cricket Bat,Sports,Max,57686.89,27.34,SUP0417,79,True
PROD002316,Yoga Mat,Sports,Max,80741.62,7.27,SUP0172,7,True
PROD002317,Phone Case,Accessories,Urban,21087.23,22.92,SUP0305,72,True
PROD002318,Air Fryer,Home & Kitchen,Urban,46646.23,1.55,SUP0256,45,True
PROD002319,Backpack,Accessories,Max,41476.08,29.8,SUP0466,82,True
PROD002320,Bluetooth Speaker,Electronics,Pro,1566.63,9.72,SUP0322,53,True
PROD002321,Belt,Accessories,Max,19220.13,9.11,SUP0312,66,True
PROD002322,Backpack,Accessories,Nova,87467.16,13.95,SUP0088,61,True
PROD002323,Sunglasses,Accessories,Urban,55660.72,1.52,SUP0086,5,True
PROD002324,Water Bottle,Home & Kitchen,Elite,64903.03,0.94,SUP0243,34,True
PROD002325,Wireless Earbuds,Electronics,Nova,39814.68,24.52,SUP0404,73,True
PROD002326,Smartphone,Electronics,Pro,35193.45,8.24,SUP0179,94,True
PROD002327,Water Bottle,Home & Kitchen,Elite,57078.18,13.41,SUP0061,57,True
PROD002328,Storage Box,Home & Kitchen,Prime,60211.47,10.44,SUP0425,18,False
PROD002329,Sneakers,Fashion,Elite,63710.6,21.89,SUP0102,40,True
PROD002330,Wallet,Accessories,Value,40750.85,21.86,SUP0411,34,False
PROD002331,Sunglasses,Accessories,Pro,76801.11,24.06,SUP0010,82,True
PROD002332,Fiction Novel,Books,Prime,68374.48,21.84,SUP0395,43,True
PROD002333,Moisturizer,Beauty,Max,75920.2,13.92,SUP0287,12,True
PROD002334,Wallet,Accessories,Urban,37254.85,6.6,SUP0316,72,True
PROD002335,Cooking Oil,Grocery,Urban,57358.42,20.56,SUP0103,49,True
PROD002336,Wallet,Accessories,Max,44687.13,7.66,SUP0397,77,True
PROD002337,Bedsheet,Home & Kitchen,Nova,81247.44,0.58,SUP0464,43,True
PROD002338,Sunscreen,Beauty,Pro,85727.27,5.18,SUP0441,85,True
PROD002339,Business Book,Books,Pro,4275.16,21.14,SUP0474,94,True
PROD002340,Sunglasses,Accessories,Max,24750.75,24.57,SUP0343,85,False
PROD002341,Bedsheet,Home & Kitchen,Prime,95324.91,5.42,SUP0191,17,True
PROD002342,Programming Book,Books,Pro,94920.69,2.93,SUP0455,71,True
PROD002343,Jacket,Fashion,Elite,66806.04,29.83,SUP0368,63,True
PROD002344,Laptop,Electronics,Urban,8283.32,10.75,SUP0084,83,True
PROD002345,Cooking Oil,Grocery,Prime,80824.66,14.14,SUP0116,78,True
PROD002346,Running Shoes,Sports,Nova,90316.37,15.28,SUP0499,40,True
PROD002347,Dumbbells,Sports,Urban,25910.29,14.75,SUP0174,44,True
PROD002348,Air Fryer,Home & Kitchen,Pro,27470.59,24.26,SUP0414,63,True
PROD002349,Jeans,Fashion,Elite,73057.96,23.34,SUP0073,12,True
PROD002350,Dumbbells,Sports,Max,90775.19,13.26,SUP0474,16,True
PROD002351,Running Shoes,Sports,Nova,18423.57,2.65,SUP0073,81,True
PROD002352,Exam Preparation Book,Books,Max,28685.51,25.57,SUP0499,61,True
PROD002353,Jeans,Fashion,Max,76664.48,20.44,SUP0475,41,True
PROD002354,T-Shirt,Fashion,Prime,2886.15,27.55,SUP0154,67,True
PROD002355,Shampoo,Beauty,Elite,98843.8,26.19,SUP0286,66,True
PROD002356,Football,Sports,Urban,18014.84,15.61,SUP0263,60,True
PROD002357,Dry Fruits,Grocery,Urban,66242.27,2.29,SUP0201,19,False
PROD002358,Tea,Grocery,Max,28541.18,28.33,SUP0374,25,True
PROD002359,Laptop,Electronics,Pro,42935.7,22.45,SUP0341,30,True
PROD002360,Dry Fruits,Grocery,Value,41910.23,23.44,SUP0410,57,True
PROD002361,Sunscreen,Beauty,Max,25188.15,19.04,SUP0220,12,True
PROD002362,Wheat Flour,Grocery,Nova,28227.36,22.7,SUP0255,89,True
PROD002363,Running Shoes,Sports,Elite,41738.81,15.45,SUP0465,45,True
PROD002364,Yoga Mat,Sports,Prime,84237.97,20.5,SUP0413,28,True
PROD002365,Tea,Grocery,Max,80428.13,3.74,SUP0210,90,True
PROD002366,Tea,Grocery,Elite,4821.11,15.39,SUP0434,84,True
PROD002367,Tea,Grocery,Prime,22128.19,7.92,SUP0278,85,True
PROD002368,Dumbbells,Sports,Value,11436.85,19.56,SUP0203,76,True
PROD002369,Smart Watch,Electronics,Elite,31420.09,21.46,SUP0500,21,True
PROD002370,Running Shoes,Sports,Elite,3731.26,16.95,SUP0439,53,True
PROD002371,Exam Preparation Book,Books,Max,94120.72,18.32,SUP0065,8,True
PROD002372,Cooking Oil,Grocery,Urban,96307.11,1.62,SUP0375,61,True
PROD002373,Moisturizer,Beauty,Prime,26355.9,2.09,SUP0439,52,True
PROD002374,Phone Case,Accessories,Urban,71630.98,3.35,SUP0327,24,True
PROD002375,Jeans,Fashion,Elite,41520.61,26.09,SUP0098,63,True
PROD002376,Perfume,Beauty,Value,93091.11,0.47,SUP0139,18,True
PROD002377,Cooking Oil,Grocery,Max,63377.36,11.96,SUP0458,12,True
PROD002378,Fiction Novel,Books,Elite,94832.96,7.63,SUP0474,47,True
PROD002379,Running Shoes,Sports,Elite,23590.62,2.62,SUP0404,74,True
PROD002380,Smart Watch,Electronics,Prime,60328.67,9.78,SUP0294,14,True
PROD002381,Dumbbells,Sports,Pro,66739.64,21.8,SUP0357,7,True
PROD002382,Face Wash,Beauty,Nova,18366.3,10.21,SUP0408,92,True
PROD002383,Air Fryer,Home & Kitchen,Prime,38478.25,2.37,SUP0202,68,True
PROD002384,Jacket,Fashion,Urban,53888.37,11.28,SUP0399,66,True
PROD002385,Wheat Flour,Grocery,Value,41727.48,28.48,SUP0003,37,True
PROD002386,Smart Watch,Electronics,Urban,93721.52,3.47,SUP0173,98,True
PROD002387,Face Wash,Beauty,Elite,9531.88,0.79,SUP0208,69,True
PROD002388,Air Fryer,Home & Kitchen,Elite,51754.51,21.66,SUP0213,40,True
PROD002389,Football,Sports,Elite,96814.33,15.78,SUP0097,40,True
PROD002390,Kurta,Fashion,Pro,17078.2,27.63,SUP0101,36,False
PROD002391,Laptop,Electronics,Elite,70746.07,29.27,SUP0242,83,True
PROD002392,Perfume,Beauty,Urban,95988.34,18.62,SUP0213,44,True
PROD002393,Rice,Grocery,Urban,35303.06,3.44,SUP0393,71,True
PROD002394,Shampoo,Beauty,Nova,99499.11,26.68,SUP0136,38,True
PROD002395,Rice,Grocery,Max,15252.78,0.38,SUP0290,81,True
PROD002396,Data Science Book,Books,Max,45909.47,2.36,SUP0265,96,True
PROD002397,Tablet,Electronics,Urban,97302.48,29.67,SUP0138,100,True
PROD002398,Water Bottle,Home & Kitchen,Elite,88090.06,24.99,SUP0323,87,True
PROD002399,T-Shirt,Fashion,Urban,65095.8,13.49,SUP0078,25,True
PROD002400,Wireless Earbuds,Electronics,Pro,80058.88,14.42,SUP0042,81,True
PROD002401,Belt,Accessories,Pro,48061.32,18.29,SUP0393,46,True
PROD002402,Laptop,Electronics,Urban,35948.71,25.61,SUP0425,89,True
PROD002403,Wallet,Accessories,Urban,37206.47,10.7,SUP0191,20,True
PROD002404,Tea,Grocery,Value,69280.66,27.33,SUP0278,17,True
PROD002405,Kurta,Fashion,Urban,53273.44,18.87,SUP0396,78,True
PROD002406,Mixer Grinder,Home & Kitchen,Prime,5641.43,9.2,SUP0191,41,True
PROD002407,Tea,Grocery,Prime,99019.48,9.05,SUP0438,52,True
PROD002408,Smartphone,Electronics,Elite,89428.44,7.62,SUP0393,57,True
PROD002409,Formal Shirt,Fashion,Pro,38487.49,16.85,SUP0186,85,True
PROD002410,Business Book,Books,Urban,94130.15,20.11,SUP0176,11,True
PROD002411,Wireless Earbuds,Electronics,Urban,17875.78,2.92,SUP0078,19,True
PROD002412,Mixer Grinder,Home & Kitchen,Max,28576.92,25.65,SUP0039,23,True
PROD002413,Business Book,Books,Pro,23500.46,13.35,SUP0498,68,True
PROD002414,Wheat Flour,Grocery,Prime,52424.93,15.99,SUP0263,40,True
PROD002415,Wallet,Accessories,Nova,49573.5,13.54,SUP0019,8,False
PROD002416,Sunglasses,Accessories,Elite,73995.45,8.76,SUP0147,16,True
PROD002417,Formal Shirt,Fashion,Elite,79800.13,11.89,SUP0446,71,True
PROD002418,Smartphone,Electronics,Urban,7085.09,13.99,SUP0122,58,True
PROD002419,T-Shirt,Fashion,Pro,46634.55,25.25,SUP0147,81,True
PROD002420,Rice,Grocery,Urban,18583.17,16.25,SUP0310,79,True
PROD002421,Tablet,Electronics,Nova,85335.63,7.1,SUP0281,50,False
PROD002422,Formal Shirt,Fashion,Value,34249.94,9.75,SUP0105,95,True
PROD002423,Air Fryer,Home & Kitchen,Prime,12030.17,10.82,SUP0425,82,True
PROD002424,Jacket,Fashion,Prime,28490.91,14.97,SUP0178,64,True
PROD002425,Data Science Book,Books,Max,89898.07,0.23,SUP0381,23,True
PROD002426,Air Fryer,Home & Kitchen,Prime,16383.25,16.89,SUP0314,21,True
PROD002427,Tea,Grocery,Max,96092.28,21.38,SUP0207,79,True
PROD002428,Data Science Book,Books,Nova,14176.0,22.6,SUP0325,28,True
PROD002429,Coffee,Grocery,Prime,37620.99,27.29,SUP0083,62,True
PROD002430,Tablet,Electronics,Urban,80038.84,16.9,SUP0419,33,True
PROD002431,Formal Shirt,Fashion,Value,59694.2,29.36,SUP0063,68,True
PROD002432,Shampoo,Beauty,Value,82697.06,11.3,SUP0300,6,True
PROD002433,Perfume,Beauty,Value,11785.63,26.66,SUP0355,45,True
PROD002434,Mixer Grinder,Home & Kitchen,Urban,47520.72,29.14,SUP0284,48,True
PROD002435,Laptop,Electronics,Nova,49137.75,22.14,SUP0485,98,True
PROD002436,Jacket,Fashion,Prime,48787.81,10.54,SUP0292,35,True
PROD002437,Jeans,Fashion,Max,20557.24,1.81,SUP0077,90,True
PROD002438,Cricket Bat,Sports,Prime,7443.4,20.68,SUP0130,11,True
PROD002439,Business Book,Books,Max,79692.6,13.07,SUP0059,26,True
PROD002440,Storage Box,Home & Kitchen,Urban,62470.78,21.62,SUP0016,45,True
PROD002441,Phone Case,Accessories,Elite,69104.18,27.86,SUP0466,24,True
PROD002442,Tablet,Electronics,Value,58019.2,12.42,SUP0346,50,True
PROD002443,Cooking Oil,Grocery,Max,51661.07,29.5,SUP0463,42,True
PROD002444,Exam Preparation Book,Books,Elite,65932.79,10.52,SUP0296,69,True
PROD002445,Sunglasses,Accessories,Nova,41858.36,24.6,SUP0278,24,True
PROD002446,Tea,Grocery,Max,48721.41,2.74,SUP0469,15,True
PROD002447,Wireless Earbuds,Electronics,Max,71993.45,9.61,SUP0107,55,True
PROD002448,Kurta,Fashion,Value,7400.12,15.37,SUP0080,6,True
PROD002449,Face Wash,Beauty,Elite,63037.46,29.85,SUP0312,27,True
PROD002450,Bluetooth Speaker,Electronics,Urban,63603.83,5.18,SUP0489,59,True
PROD002451,Wheat Flour,Grocery,Elite,11267.3,12.03,SUP0430,26,True
PROD002452,Data Science Book,Books,Prime,95640.4,28.11,SUP0148,88,True
PROD002453,Fiction Novel,Books,Elite,47334.18,29.16,SUP0087,37,True
PROD002454,Wheat Flour,Grocery,Pro,41382.77,14.26,SUP0138,17,True
PROD002455,Tablet,Electronics,Pro,32955.6,24.85,SUP0111,62,True
PROD002456,Wireless Earbuds,Electronics,Max,64996.63,8.03,SUP0087,100,True
PROD002457,Tablet,Electronics,Pro,99938.15,21.37,SUP0462,32,True
PROD002458,Programming Book,Books,Elite,87346.67,6.22,SUP0253,33,True
PROD002459,Wheat Flour,Grocery,Value,48039.33,23.71,SUP0251,25,True
PROD002460,Cricket Bat,Sports,Pro,35280.53,25.03,SUP0108,59,True
PROD002461,Belt,Accessories,Elite,10866.5,8.46,SUP0394,68,True
PROD002462,Shampoo,Beauty,Elite,62628.45,7.69,SUP0130,16,True
PROD002463,Water Bottle,Home & Kitchen,Nova,66991.26,14.69,SUP0183,58,True
PROD002464,Smartphone,Electronics,Max,99835.68,21.72,SUP0248,24,True
PROD002465,Coffee,Grocery,Pro,79347.16,26.99,SUP0222,57,True
PROD002466,Jeans,Fashion,Pro,38153.5,7.31,SUP0318,93,True
PROD002467,Cooking Oil,Grocery,Urban,23260.61,9.21,SUP0456,45,True
PROD002468,Cricket Bat,Sports,Nova,45692.81,29.2,SUP0099,12,True
PROD002469,Kurta,Fashion,Urban,27822.0,0.75,SUP0385,85,True
PROD002470,Running Shoes,Sports,Max,34074.9,18.84,SUP0324,95,True
PROD002471,Backpack,Accessories,Prime,50770.04,28.64,SUP0269,50,True
PROD002472,Kurta,Fashion,Elite,75609.01,11.16,SUP0146,12,True
PROD002473,Bluetooth Speaker,Electronics,Urban,9395.25,26.65,SUP0101,80,True
PROD002474,Cooking Oil,Grocery,Value,33932.08,22.74,SUP0390,74,True
PROD002475,Sneakers,Fashion,Value,92775.73,23.45,SUP0102,13,True
PROD002476,Wheat Flour,Grocery,Nova,55805.36,14.9,SUP0370,60,True
PROD002477,Jeans,Fashion,Urban,16901.78,22.57,SUP0438,96,True
PROD002478,Sneakers,Fashion,Pro,39909.13,20.17,SUP0089,77,True
PROD002479,Formal Shirt,Fashion,Nova,9430.77,8.93,SUP0270,20,True
PROD002480,Football,Sports,Pro,99612.28,10.11,SUP0039,8,True
PROD002481,Wireless Earbuds,Electronics,Max,1013.1,2.06,SUP0364,43,True
PROD002482,Face Wash,Beauty,Pro,28003.7,5.85,SUP0468,17,True
PROD002483,Sunscreen,Beauty,Elite,40215.98,19.07,SUP0422,25,True
PROD002484,Programming Book,Books,Elite,77612.34,1.0,SUP0461,92,True
PROD002485,Sneakers,Fashion,Urban,62730.41,3.6,SUP0192,88,True
PROD002486,Wallet,Accessories,Max,70811.75,3.39,SUP0233,78,True
PROD002487,Programming Book,Books,Prime,15720.53,15.94,SUP0399,20,True
PROD002488,Wireless Earbuds,Electronics,Elite,96104.94,15.88,SUP0487,41,True
PROD002489,Formal Shirt,Fashion,Urban,64005.88,8.2,SUP0251,88,True
PROD002490,Jeans,Fashion,Max,26160.05,17.16,SUP0164,78,True
PROD002491,Air Fryer,Home & Kitchen,Nova,69599.63,11.04,SUP0222,9,True
PROD002492,Running Shoes,Sports,Prime,99131.06,6.1,SUP0454,83,True
PROD002493,Tablet,Electronics,Nova,33046.33,11.92,SUP0018,40,True
PROD002494,Dry Fruits,Grocery,Elite,69542.08,4.11,SUP0015,49,True
PROD002495,Data Science Book,Books,Value,63114.57,24.54,SUP0266,50,True
PROD002496,Face Wash,Beauty,Max,98863.96,3.04,SUP0362,53,True
PROD002497,Cooking Oil,Grocery,Nova,9569.02,21.29,SUP0099,45,True
PROD002498,Perfume,Beauty,Value,99030.94,26.53,SUP0024,81,True
PROD002499,Tablet,Electronics,Pro,524.96,27.92,SUP0058,35,True
PROD002500,Smart Watch,Electronics,Pro,35783.84,6.61,SUP0488,49,True
PROD002501,T-Shirt,Fashion,Elite,10193.21,22.0,SUP0491,44,True
PROD002502,Dumbbells,Sports,Max,15493.4,26.54,SUP0103,77,True
PROD002503,Exam Preparation Book,Books,Nova,67740.94,22.22,SUP0079,23,True
PROD002504,Fiction Novel,Books,Max,49308.68,0.84,SUP0437,80,True
PROD002505,Fiction Novel,Books,Value,67291.37,7.84,SUP0275,33,True
PROD002506,Fiction Novel,Books,Urban,69851.06,16.29,SUP0457,39,True
PROD002507,Water Bottle,Home & Kitchen,Pro,27638.08,23.28,SUP0372,40,True
PROD002508,Wheat Flour,Grocery,Pro,70399.9,4.28,SUP0154,96,True
PROD002509,Jeans,Fashion,Elite,18510.65,24.02,SUP0086,99,True
PROD002510,Wheat Flour,Grocery,Nova,73762.28,8.15,SUP0080,80,True
PROD002511,Belt,Accessories,Urban,44304.2,26.38,SUP0493,61,True
PROD002512,Tea,Grocery,Nova,31639.29,20.59,SUP0341,75,True
PROD002513,Sunscreen,Beauty,Urban,53321.24,23.84,SUP0478,40,True
PROD002514,Tablet,Electronics,Nova,75154.37,12.75,SUP0224,69,True
PROD002515,Water Bottle,Home & Kitchen,Urban,58745.71,21.41,SUP0421,29,True
PROD002516,Air Fryer,Home & Kitchen,Pro,3793.22,29.29,SUP0372,52,True
PROD002517,Bluetooth Speaker,Electronics,Value,20565.91,10.33,SUP0245,63,True
PROD002518,Mixer Grinder,Home & Kitchen,Nova,18278.38,19.28,SUP0120,100,True
PROD002519,Wallet,Accessories,Urban,63891.14,16.85,SUP0256,98,True
PROD002520,Kurta,Fashion,Urban,53541.18,11.41,SUP0412,83,True
PROD002521,Belt,Accessories,Urban,27840.18,20.06,SUP0166,91,True
PROD002522,Data Science Book,Books,Urban,65235.63,15.22,SUP0485,83,True
PROD002523,Programming Book,Books,Pro,13243.48,0.98,SUP0081,22,True
PROD002524,Coffee,Grocery,Nova,50336.37,13.59,SUP0143,19,True
PROD002525,Tea,Grocery,Value,73204.56,24.03,SUP0128,86,True
PROD002526,Jeans,Fashion,Urban,91338.52,23.75,SUP0349,7,True
PROD002527,Coffee,Grocery,Elite,11975.22,6.78,SUP0159,44,True
PROD002528,Rice,Grocery,Elite,84827.12,15.56,SUP0442,52,True
PROD002529,Yoga Mat,Sports,Pro,52994.36,20.71,SUP0431,36,False
PROD002530,Smart Watch,Electronics,Value,67996.99,22.22,SUP0043,39,True
PROD002531,Wireless Earbuds,Electronics,Pro,69517.53,28.06,SUP0082,83,True
PROD002532,Smartphone,Electronics,Nova,31579.33,18.41,SUP0316,64,True
PROD002533,Cooking Oil,Grocery,Elite,3879.47,7.92,SUP0356,85,True
PROD002534,Jacket,Fashion,Max,382.96,4.77,SUP0325,86,True
PROD002535,Tablet,Electronics,Max,62731.69,9.65,SUP0003,5,True
PROD002536,Wireless Earbuds,Electronics,Elite,59124.5,17.42,SUP0296,30,True
PROD002537,Tea,Grocery,Elite,37470.35,9.17,SUP0405,58,True
PROD002538,Fiction Novel,Books,Elite,72000.82,3.48,SUP0195,43,True
PROD002539,Laptop,Electronics,Max,41848.88,29.37,SUP0445,52,True
PROD002540,Formal Shirt,Fashion,Max,50512.62,27.21,SUP0366,54,True
PROD002541,Kurta,Fashion,Max,70006.05,11.29,SUP0191,24,True
PROD002542,Dumbbells,Sports,Nova,22068.17,15.29,SUP0478,52,True
PROD002543,Business Book,Books,Nova,84609.1,25.71,SUP0373,37,True
PROD002544,Cooking Oil,Grocery,Value,17222.36,26.21,SUP0286,18,True
PROD002545,Air Fryer,Home & Kitchen,Value,61602.31,15.36,SUP0139,36,True
PROD002546,Rice,Grocery,Max,18443.51,0.36,SUP0397,83,True
PROD002547,Jeans,Fashion,Elite,58466.23,7.89,SUP0255,5,True
PROD002548,Mixer Grinder,Home & Kitchen,Nova,11452.2,25.99,SUP0332,10,True
PROD002549,Kurta,Fashion,Elite,98348.21,0.79,SUP0483,59,True
PROD002550,Cooking Oil,Grocery,Value,49802.15,13.11,SUP0164,80,False
PROD002551,Smart Watch,Electronics,Prime,46119.1,14.58,SUP0295,40,True
PROD002552,Water Bottle,Home & Kitchen,Value,12817.01,19.07,SUP0129,86,True
PROD002553,Water Bottle,Home & Kitchen,Nova,40424.19,16.32,SUP0163,95,True
PROD002554,Wheat Flour,Grocery,Urban,933.83,20.5,SUP0079,5,True
PROD002555,Mixer Grinder,Home & Kitchen,Urban,56237.84,29.52,SUP0097,35,True
PROD002556,Shampoo,Beauty,Value,79967.08,16.73,SUP0318,17,True
PROD002557,Bluetooth Speaker,Electronics,Prime,12733.72,0.82,SUP0049,31,True
PROD002558,Formal Shirt,Fashion,Value,5598.98,24.49,SUP0395,31,True
PROD002559,Sunscreen,Beauty,Prime,48699.06,18.11,SUP0456,14,True
PROD002560,Laptop,Electronics,Urban,85220.17,19.57,SUP0125,51,True
PROD002561,Data Science Book,Books,Elite,31521.58,26.13,SUP0489,14,True
PROD002562,Tea,Grocery,Urban,40888.41,27.84,SUP0181,83,False
PROD002563,Yoga Mat,Sports,Pro,51849.2,27.6,SUP0258,71,True
PROD002564,Backpack,Accessories,Prime,31497.5,28.57,SUP0072,62,True
PROD002565,Tea,Grocery,Elite,57998.97,26.92,SUP0143,50,True
PROD002566,Cooking Oil,Grocery,Pro,99070.97,19.73,SUP0447,91,True
PROD002567,Rice,Grocery,Prime,30387.06,13.17,SUP0015,31,True
PROD002568,Cooking Oil,Grocery,Max,95514.7,2.66,SUP0339,52,True
PROD002569,Storage Box,Home & Kitchen,Prime,5105.06,9.86,SUP0144,25,True
PROD002570,Bedsheet,Home & Kitchen,Max,34276.45,3.59,SUP0204,50,True
PROD002571,T-Shirt,Fashion,Urban,20310.04,26.49,SUP0270,89,True
PROD002572,Sunscreen,Beauty,Urban,68259.27,3.63,SUP0140,7,True
PROD002573,Mixer Grinder,Home & Kitchen,Prime,13084.87,24.8,SUP0234,46,True
PROD002574,Bedsheet,Home & Kitchen,Pro,20296.62,0.22,SUP0136,99,True
PROD002575,Coffee,Grocery,Max,95114.55,16.2,SUP0189,21,True
PROD002576,Cooking Oil,Grocery,Prime,51033.67,23.58,SUP0439,20,True
PROD002577,Jacket,Fashion,Elite,7254.42,28.64,SUP0057,77,True
PROD002578,Wheat Flour,Grocery,Value,83895.49,1.33,SUP0292,76,True
PROD002579,T-Shirt,Fashion,Pro,56109.91,12.02,SUP0426,54,True
PROD002580,Smart Watch,Electronics,Value,9266.53,15.38,SUP0305,66,True
PROD002581,Running Shoes,Sports,Nova,92138.95,28.53,SUP0062,57,True
PROD002582,Business Book,Books,Max,41869.45,6.38,SUP0211,42,True
PROD002583,Belt,Accessories,Max,40694.45,5.6,SUP0225,18,True
PROD002584,Smart Watch,Electronics,Pro,1066.64,16.15,SUP0384,29,True
PROD002585,Football,Sports,Pro,89776.21,25.93,SUP0423,63,True
PROD002586,Dry Fruits,Grocery,Nova,94667.43,2.22,SUP0351,51,True
PROD002587,Programming Book,Books,Elite,55371.57,20.78,SUP0346,70,True
PROD002588,Wireless Earbuds,Electronics,Value,24399.92,1.0,SUP0269,61,True
PROD002589,Sneakers,Fashion,Pro,90926.96,14.51,SUP0264,39,True
PROD002590,Running Shoes,Sports,Value,76668.67,23.83,SUP0332,28,True
PROD002591,Smartphone,Electronics,Urban,30614.19,2.28,SUP0186,12,True
PROD002592,Exam Preparation Book,Books,Elite,37973.6,29.21,SUP0245,82,True
PROD002593,T-Shirt,Fashion,Pro,78746.35,9.91,SUP0403,85,True
PROD002594,Sunscreen,Beauty,Max,48130.45,19.63,SUP0076,23,True
PROD002595,Wallet,Accessories,Prime,55117.47,20.78,SUP0054,56,True
PROD002596,Smartphone,Electronics,Prime,82709.75,24.96,SUP0125,39,True
PROD002597,Business Book,Books,Urban,40212.3,9.1,SUP0391,8,True
PROD002598,Sneakers,Fashion,Urban,69089.09,2.77,SUP0053,20,True
PROD002599,Kurta,Fashion,Pro,41946.27,3.03,SUP0318,13,True
PROD002600,Tablet,Electronics,Prime,23581.97,21.19,SUP0310,38,True
PROD002601,Backpack,Accessories,Nova,5041.77,21.12,SUP0491,65,True
PROD002602,Bluetooth Speaker,Electronics,Prime,6934.49,11.35,SUP0373,39,True
PROD002603,Jacket,Fashion,Max,87400.83,25.43,SUP0022,64,True
PROD002604,Formal Shirt,Fashion,Pro,51582.11,7.79,SUP0135,31,True
PROD002605,Dry Fruits,Grocery,Prime,10280.0,19.83,SUP0094,80,True
PROD002606,Rice,Grocery,Value,71564.7,2.95,SUP0221,88,True
PROD002607,Laptop,Electronics,Elite,46673.44,3.4,SUP0252,56,True
PROD002608,Smartphone,Electronics,Elite,47234.51,7.89,SUP0099,54,True
PROD002609,Air Fryer,Home & Kitchen,Urban,26101.94,18.93,SUP0260,23,True
PROD002610,Wireless Earbuds,Electronics,Elite,5238.92,12.06,SUP0252,97,True
PROD002611,Kurta,Fashion,Urban,8624.84,3.77,SUP0126,97,True
PROD002612,Formal Shirt,Fashion,Pro,1184.99,22.3,SUP0367,77,True
PROD002613,Formal Shirt,Fashion,Pro,15341.2,22.07,SUP0235,52,True
PROD002614,Cooking Oil,Grocery,Max,86221.78,0.89,SUP0367,97,True
PROD002615,Shampoo,Beauty,Value,83443.07,14.67,SUP0001,25,True
PROD002616,Wheat Flour,Grocery,Value,83327.26,2.79,SUP0460,74,True
PROD002617,Fiction Novel,Books,Pro,95716.0,13.66,SUP0246,19,True
PROD002618,Storage Box,Home & Kitchen,Max,40546.39,26.72,SUP0308,68,True
PROD002619,Sneakers,Fashion,Urban,1499.07,27.85,SUP0170,39,True
PROD002620,Wallet,Accessories,Nova,88472.58,23.62,SUP0188,60,True
PROD002621,Laptop,Electronics,Elite,42576.88,29.96,SUP0360,77,True
PROD002622,Exam Preparation Book,Books,Urban,58065.18,9.47,SUP0243,18,True
PROD002623,Cricket Bat,Sports,Value,6520.54,4.05,SUP0327,63,True
PROD002624,Cooking Oil,Grocery,Max,29407.69,18.59,SUP0261,52,True
PROD002625,Backpack,Accessories,Max,74808.34,11.91,SUP0453,74,True
PROD002626,Smartphone,Electronics,Pro,35945.86,16.52,SUP0444,13,True
PROD002627,Coffee,Grocery,Prime,73831.18,2.79,SUP0395,70,True
PROD002628,Fiction Novel,Books,Elite,78264.21,22.77,SUP0356,17,True
PROD002629,Dry Fruits,Grocery,Pro,29645.29,19.94,SUP0465,15,True
PROD002630,Smartphone,Electronics,Prime,35634.28,17.12,SUP0390,37,True
PROD002631,Coffee,Grocery,Elite,89022.54,19.64,SUP0264,53,True
PROD002632,Air Fryer,Home & Kitchen,Elite,61131.42,28.23,SUP0189,41,True
PROD002633,Bluetooth Speaker,Electronics,Urban,9888.49,20.68,SUP0230,70,True
PROD002634,Moisturizer,Beauty,Value,25684.34,22.45,SUP0312,38,True
PROD002635,Sunglasses,Accessories,Max,37578.79,24.59,SUP0393,54,True
PROD002636,Rice,Grocery,Value,56220.52,8.37,SUP0115,44,True
PROD002637,Formal Shirt,Fashion,Elite,39194.14,6.99,SUP0218,62,True
PROD002638,Bluetooth Speaker,Electronics,Elite,2287.14,27.98,SUP0082,37,True
PROD002639,Tea,Grocery,Pro,26619.46,14.13,SUP0438,32,True
PROD002640,Wheat Flour,Grocery,Urban,50080.49,23.7,SUP0004,68,True
PROD002641,Cooking Oil,Grocery,Pro,96117.46,17.67,SUP0195,96,True
PROD002642,Perfume,Beauty,Urban,4142.18,29.94,SUP0232,17,True
PROD002643,Perfume,Beauty,Elite,16380.09,18.7,SUP0168,52,True
PROD002644,Formal Shirt,Fashion,Elite,81526.39,26.77,SUP0487,60,True
PROD002645,Yoga Mat,Sports,Value,55388.16,8.36,SUP0118,40,True
PROD002646,Tablet,Electronics,Elite,37121.23,10.3,SUP0115,21,True
PROD002647,Laptop,Electronics,Nova,81242.08,9.04,SUP0059,56,True
PROD002648,Bedsheet,Home & Kitchen,Prime,67987.16,5.59,SUP0484,89,True
PROD002649,Rice,Grocery,Pro,4718.74,21.72,SUP0042,38,True
PROD002650,Data Science Book,Books,Max,37185.86,13.39,SUP0383,75,True
PROD002651,Cooking Oil,Grocery,Prime,68836.15,12.34,SUP0282,16,True
PROD002652,Air Fryer,Home & Kitchen,Prime,90001.56,7.47,SUP0336,40,True
PROD002653,Bedsheet,Home & Kitchen,Max,20388.73,5.61,SUP0376,58,True
PROD002654,Water Bottle,Home & Kitchen,Pro,5413.54,16.48,SUP0186,50,True
PROD002655,Programming Book,Books,Urban,99004.63,29.57,SUP0429,91,True
PROD002656,Smartphone,Electronics,Max,8837.58,21.74,SUP0247,34,True
PROD002657,Wallet,Accessories,Pro,51270.83,24.47,SUP0415,13,True
PROD002658,Formal Shirt,Fashion,Elite,79754.27,24.02,SUP0280,47,True
PROD002659,Storage Box,Home & Kitchen,Max,54237.21,27.61,SUP0136,27,True
PROD002660,Rice,Grocery,Prime,9374.0,2.35,SUP0168,7,True
PROD002661,Water Bottle,Home & Kitchen,Max,71622.42,28.08,SUP0147,16,True
PROD002662,Jacket,Fashion,Elite,96289.1,2.13,SUP0153,77,True
PROD002663,Yoga Mat,Sports,Pro,91482.17,25.54,SUP0032,63,True
PROD002664,Kurta,Fashion,Elite,10421.2,8.77,SUP0370,23,True
PROD002665,Sunscreen,Beauty,Value,13447.2,1.95,SUP0248,84,False
PROD002666,Backpack,Accessories,Urban,77501.11,16.16,SUP0478,21,True
PROD002667,Rice,Grocery,Urban,71811.59,13.3,SUP0360,81,True
PROD002668,Mixer Grinder,Home & Kitchen,Nova,99015.33,22.6,SUP0331,100,True
PROD002669,Tablet,Electronics,Urban,68773.25,11.66,SUP0001,97,True
PROD002670,Rice,Grocery,Pro,73743.41,13.65,SUP0347,46,True
PROD002671,Data Science Book,Books,Elite,40599.92,26.48,SUP0439,32,True
PROD002672,Yoga Mat,Sports,Elite,37642.52,22.89,SUP0039,31,True
PROD002673,Jacket,Fashion,Elite,38633.02,27.75,SUP0367,29,True
PROD002674,Cookware Set,Home & Kitchen,Nova,3525.15,10.3,SUP0467,96,True
PROD002675,Fiction Novel,Books,Nova,87166.92,10.87,SUP0417,47,True
PROD002676,Yoga Mat,Sports,Elite,59572.37,20.21,SUP0333,31,True
PROD002677,Laptop,Electronics,Nova,21508.0,17.44,SUP0134,83,True
PROD002678,Cookware Set,Home & Kitchen,Urban,42246.6,3.94,SUP0258,47,True
PROD002679,Smartphone,Electronics,Prime,47673.32,3.58,SUP0294,95,True
PROD002680,Perfume,Beauty,Prime,10550.99,27.6,SUP0343,32,True
PROD002681,Phone Case,Accessories,Max,2715.5,23.16,SUP0327,13,True
PROD002682,Perfume,Beauty,Urban,50664.24,29.01,SUP0171,47,True
PROD002683,Exam Preparation Book,Books,Prime,69530.68,22.71,SUP0002,97,True
PROD002684,Tablet,Electronics,Pro,83072.98,9.75,SUP0495,91,True
PROD002685,Jacket,Fashion,Value,17223.63,8.66,SUP0095,46,True
PROD002686,Programming Book,Books,Elite,5958.82,7.25,SUP0461,75,True
PROD002687,Cooking Oil,Grocery,Prime,51764.35,12.73,SUP0390,43,True
PROD002688,Football,Sports,Urban,2598.58,3.57,SUP0361,38,True
PROD002689,Fiction Novel,Books,Nova,99165.77,10.21,SUP0126,33,True
PROD002690,Mixer Grinder,Home & Kitchen,Prime,77300.35,18.47,SUP0284,95,True
PROD002691,Tablet,Electronics,Pro,43954.83,20.61,SUP0010,59,True
PROD002692,Dumbbells,Sports,Value,46511.5,24.0,SUP0133,50,True
PROD002693,Dumbbells,Sports,Pro,67895.85,27.49,SUP0336,10,True
PROD002694,Cooking Oil,Grocery,Prime,81310.64,14.03,SUP0236,41,True
PROD002695,Rice,Grocery,Nova,82733.59,15.64,SUP0176,81,True
PROD002696,Tablet,Electronics,Max,86543.12,10.42,SUP0387,97,True
PROD002697,Cricket Bat,Sports,Value,53090.14,9.74,SUP0164,47,True
PROD002698,Backpack,Accessories,Value,59570.93,22.75,SUP0095,79,True
PROD002699,Sneakers,Fashion,Elite,39861.83,17.27,SUP0141,73,True
PROD002700,Rice,Grocery,Pro,72946.52,18.83,SUP0093,98,True
PROD002701,Cooking Oil,Grocery,Prime,37759.1,0.38,SUP0142,68,True
PROD002702,Bluetooth Speaker,Electronics,Pro,54459.9,23.62,SUP0402,99,True
PROD002703,Rice,Grocery,Urban,78816.66,22.8,SUP0373,32,True
PROD002704,Storage Box,Home & Kitchen,Elite,86420.25,8.19,SUP0005,60,False
PROD002705,Rice,Grocery,Elite,5823.55,23.62,SUP0140,19,False
PROD002706,Tablet,Electronics,Max,20824.62,23.89,SUP0273,41,True
PROD002707,Cookware Set,Home & Kitchen,Nova,53115.34,7.45,SUP0176,60,True
PROD002708,Wheat Flour,Grocery,Urban,37190.05,5.72,SUP0295,72,True
PROD002709,Dry Fruits,Grocery,Urban,74592.36,25.69,SUP0081,51,True
PROD002710,Programming Book,Books,Pro,87555.11,14.22,SUP0062,53,True
PROD002711,Cookware Set,Home & Kitchen,Value,37522.25,19.02,SUP0100,14,True
PROD002712,Programming Book,Books,Elite,22820.77,9.11,SUP0341,85,True
PROD002713,Sneakers,Fashion,Pro,88467.07,20.21,SUP0030,19,True
PROD002714,Running Shoes,Sports,Pro,49519.32,16.79,SUP0425,41,True
PROD002715,Cookware Set,Home & Kitchen,Nova,71306.81,21.86,SUP0276,12,True
PROD002716,Tablet,Electronics,Elite,1814.69,17.4,SUP0200,10,True
PROD002717,Cookware Set,Home & Kitchen,Elite,72146.07,2.94,SUP0460,61,True
PROD002718,Storage Box,Home & Kitchen,Value,24244.69,0.79,SUP0144,41,True
PROD002719,Cookware Set,Home & Kitchen,Max,66216.4,7.34,SUP0252,44,True
PROD002720,Air Fryer,Home & Kitchen,Nova,39899.5,28.89,SUP0484,87,True
PROD002721,Cricket Bat,Sports,Nova,65488.46,2.11,SUP0029,56,True
PROD002722,Football,Sports,Value,84937.25,29.27,SUP0265,26,True
PROD002723,Cooking Oil,Grocery,Nova,27478.01,25.34,SUP0321,17,True
PROD002724,Phone Case,Accessories,Pro,18835.19,7.27,SUP0336,78,True
PROD002725,Jacket,Fashion,Pro,72058.69,28.1,SUP0478,21,True
PROD002726,Cookware Set,Home & Kitchen,Value,20312.54,1.82,SUP0421,20,True
PROD002727,Dry Fruits,Grocery,Nova,86153.34,10.62,SUP0302,34,True
PROD002728,Programming Book,Books,Nova,24567.25,10.37,SUP0020,27,True
PROD002729,Coffee,Grocery,Elite,71285.2,27.47,SUP0211,26,True
PROD002730,Jacket,Fashion,Prime,20139.14,16.89,SUP0243,71,True
PROD002731,Sneakers,Fashion,Nova,28375.21,0.68,SUP0260,100,True
PROD002732,T-Shirt,Fashion,Prime,1352.9,21.73,SUP0097,15,True
PROD002733,Tea,Grocery,Pro,19320.27,4.97,SUP0059,84,True
PROD002734,Kurta,Fashion,Urban,82502.98,11.17,SUP0254,90,True
PROD002735,Tablet,Electronics,Prime,37490.27,2.07,SUP0359,42,True
PROD002736,Shampoo,Beauty,Value,42099.35,11.86,SUP0210,84,True
PROD002737,Dry Fruits,Grocery,Urban,73854.34,11.88,SUP0404,69,True
PROD002738,Dumbbells,Sports,Elite,22895.53,16.29,SUP0301,5,True
PROD002739,Cookware Set,Home & Kitchen,Urban,10322.28,8.19,SUP0426,100,True
PROD002740,T-Shirt,Fashion,Pro,12147.58,14.86,SUP0262,58,True
PROD002741,Smartphone,Electronics,Elite,27038.98,3.69,SUP0167,19,True
PROD002742,Football,Sports,Pro,51894.76,24.83,SUP0282,74,True
PROD002743,Coffee,Grocery,Prime,98041.12,15.45,SUP0308,35,True
PROD002744,Dry Fruits,Grocery,Urban,18425.44,14.67,SUP0099,97,True
PROD002745,Face Wash,Beauty,Prime,13138.14,7.44,SUP0185,31,True
PROD002746,Mixer Grinder,Home & Kitchen,Elite,64345.93,10.09,SUP0040,6,True
PROD002747,Wheat Flour,Grocery,Nova,59792.63,23.19,SUP0456,73,True
PROD002748,Rice,Grocery,Pro,23441.51,13.18,SUP0380,53,True
PROD002749,Rice,Grocery,Nova,74544.91,3.97,SUP0094,62,True
PROD002750,Programming Book,Books,Prime,85241.2,26.14,SUP0037,80,True
PROD002751,Water Bottle,Home & Kitchen,Value,36778.61,7.51,SUP0468,92,True
PROD002752,Kurta,Fashion,Elite,78252.41,15.23,SUP0021,51,True
PROD002753,Wallet,Accessories,Urban,99570.81,19.77,SUP0007,12,True
PROD002754,Rice,Grocery,Max,91355.12,12.36,SUP0268,50,False
PROD002755,Tea,Grocery,Max,45375.63,27.77,SUP0364,46,True
PROD002756,Air Fryer,Home & Kitchen,Prime,46469.15,24.66,SUP0444,42,True
PROD002757,Wireless Earbuds,Electronics,Prime,94590.72,16.63,SUP0456,5,True
PROD002758,Dry Fruits,Grocery,Elite,36424.72,16.45,SUP0461,33,True
PROD002759,Cricket Bat,Sports,Max,43654.12,14.98,SUP0179,94,True
PROD002760,Water Bottle,Home & Kitchen,Elite,14035.31,4.45,SUP0259,85,True
PROD002761,Moisturizer,Beauty,Prime,53127.91,25.53,SUP0002,59,True
PROD002762,Sunscreen,Beauty,Nova,4224.37,18.16,SUP0400,58,True
PROD002763,Storage Box,Home & Kitchen,Elite,70361.54,22.14,SUP0103,81,True
PROD002764,Mixer Grinder,Home & Kitchen,Max,35178.61,2.12,SUP0344,43,True
PROD002765,Football,Sports,Urban,10920.98,9.06,SUP0240,27,True
PROD002766,Wheat Flour,Grocery,Value,66035.66,7.87,SUP0377,49,True
PROD002767,T-Shirt,Fashion,Pro,71658.91,19.26,SUP0157,92,True
PROD002768,Storage Box,Home & Kitchen,Urban,15273.74,23.2,SUP0251,19,True
PROD002769,Belt,Accessories,Urban,14269.81,5.2,SUP0093,74,True
PROD002770,Smartphone,Electronics,Nova,8195.22,11.09,SUP0065,9,True
PROD002771,Moisturizer,Beauty,Elite,97471.45,18.92,SUP0013,74,True
PROD002772,Yoga Mat,Sports,Max,54810.82,21.42,SUP0278,58,True
PROD002773,Smart Watch,Electronics,Elite,77469.67,3.38,SUP0107,16,False
PROD002774,Cooking Oil,Grocery,Value,7545.09,25.18,SUP0044,92,True
PROD002775,Laptop,Electronics,Nova,7546.89,9.19,SUP0248,81,True
PROD002776,Backpack,Accessories,Value,11698.68,26.16,SUP0397,78,True
PROD002777,Laptop,Electronics,Nova,14412.5,15.0,SUP0213,7,True
PROD002778,Shampoo,Beauty,Urban,50601.79,13.73,SUP0068,47,True
PROD002779,Mixer Grinder,Home & Kitchen,Max,3050.24,3.58,SUP0251,19,True
PROD002780,Jeans,Fashion,Elite,53309.51,15.92,SUP0010,79,True
PROD002781,Laptop,Electronics,Value,40882.32,9.2,SUP0113,72,True
PROD002782,Football,Sports,Nova,7285.07,7.75,SUP0195,9,True
PROD002783,Cricket Bat,Sports,Max,78323.42,25.49,SUP0304,76,False
PROD002784,Smartphone,Electronics,Nova,92674.39,9.49,SUP0406,56,True
PROD002785,Bluetooth Speaker,Electronics,Nova,13991.02,14.72,SUP0254,24,True
PROD002786,Smartphone,Electronics,Elite,64772.24,10.44,SUP0341,62,True
PROD002787,Laptop,Electronics,Pro,18396.68,13.95,SUP0483,22,True
PROD002788,Backpack,Accessories,Pro,52140.85,16.06,SUP0181,95,True
PROD002789,Smartphone,Electronics,Max,76683.56,11.41,SUP0100,9,True
PROD002790,Kurta,Fashion,Value,43782.25,24.07,SUP0155,74,True
PROD002791,Programming Book,Books,Nova,38710.8,27.44,SUP0267,93,True
PROD002792,Tablet,Electronics,Nova,1694.15,22.61,SUP0409,11,True
PROD002793,Sunglasses,Accessories,Max,25442.05,3.59,SUP0300,36,True
PROD002794,T-Shirt,Fashion,Elite,88365.45,25.51,SUP0193,98,True
PROD002795,Wireless Earbuds,Electronics,Urban,10841.68,20.27,SUP0072,80,True
PROD002796,Wheat Flour,Grocery,Value,88257.81,10.64,SUP0448,47,True
PROD002797,Running Shoes,Sports,Nova,21961.83,9.82,SUP0363,30,True
PROD002798,Backpack,Accessories,Elite,67711.99,21.23,SUP0259,38,True
PROD002799,Phone Case,Accessories,Max,64709.03,13.9,SUP0294,61,True
PROD002800,T-Shirt,Fashion,Pro,1926.34,11.67,SUP0377,38,True
PROD002801,Data Science Book,Books,Pro,98390.87,25.81,SUP0039,40,True
PROD002802,T-Shirt,Fashion,Value,2342.29,25.83,SUP0092,78,True
PROD002803,Smartphone,Electronics,Prime,83288.03,28.82,SUP0073,59,True
PROD002804,Programming Book,Books,Elite,38966.06,21.96,SUP0230,42,True
PROD002805,Data Science Book,Books,Urban,79875.41,13.1,SUP0317,50,True
PROD002806,Rice,Grocery,Pro,39617.78,11.02,SUP0058,6,True
PROD002807,Bluetooth Speaker,Electronics,Prime,10345.82,7.55,SUP0453,27,True
PROD002808,Storage Box,Home & Kitchen,Urban,60440.61,19.98,SUP0306,90,True
PROD002809,Storage Box,Home & Kitchen,Prime,39213.0,24.23,SUP0017,12,True
PROD002810,Programming Book,Books,Value,13337.53,20.5,SUP0126,66,True
PROD002811,Jacket,Fashion,Nova,68313.44,3.32,SUP0318,51,True
PROD002812,Bluetooth Speaker,Electronics,Prime,15316.11,1.13,SUP0340,16,True
PROD002813,Belt,Accessories,Prime,97050.06,27.59,SUP0464,55,True
PROD002814,Face Wash,Beauty,Prime,58513.19,6.36,SUP0029,42,True
PROD002815,Sneakers,Fashion,Max,44792.9,6.27,SUP0327,99,True
PROD002816,Cooking Oil,Grocery,Elite,96349.63,10.27,SUP0267,78,True
PROD002817,Bedsheet,Home & Kitchen,Elite,12078.55,2.87,SUP0163,33,True
PROD002818,Storage Box,Home & Kitchen,Elite,93581.26,22.08,SUP0423,63,True
PROD002819,Cricket Bat,Sports,Max,23880.06,8.33,SUP0310,35,False
PROD002820,Smart Watch,Electronics,Value,39978.29,0.52,SUP0047,64,True
PROD002821,Running Shoes,Sports,Max,6434.38,12.89,SUP0295,35,True
PROD002822,Smartphone,Electronics,Max,9545.8,16.57,SUP0124,26,True
PROD002823,T-Shirt,Fashion,Value,14443.14,1.89,SUP0354,55,True
PROD002824,Tablet,Electronics,Elite,54262.42,16.39,SUP0087,40,True
PROD002825,Backpack,Accessories,Nova,9688.95,17.55,SUP0181,9,True
PROD002826,Rice,Grocery,Elite,48846.76,12.41,SUP0341,85,True
PROD002827,Storage Box,Home & Kitchen,Nova,84894.77,13.61,SUP0229,10,True
PROD002828,Mixer Grinder,Home & Kitchen,Urban,16185.67,22.63,SUP0016,52,True
PROD002829,Storage Box,Home & Kitchen,Elite,62549.03,26.21,SUP0201,27,True
PROD002830,Bluetooth Speaker,Electronics,Prime,41158.73,17.1,SUP0284,61,True
PROD002831,Sunglasses,Accessories,Max,83423.12,11.64,SUP0469,7,True
PROD002832,Running Shoes,Sports,Prime,36398.86,14.2,SUP0168,50,True
PROD002833,Tea,Grocery,Elite,66215.78,13.61,SUP0049,60,True
PROD002834,Cookware Set,Home & Kitchen,Value,44779.79,8.02,SUP0038,44,True
PROD002835,Wallet,Accessories,Urban,30300.91,6.28,SUP0310,74,True
PROD002836,Yoga Mat,Sports,Value,27671.31,29.41,SUP0078,5,True
PROD002837,Rice,Grocery,Max,46142.14,28.47,SUP0180,20,True
PROD002838,Laptop,Electronics,Max,20273.62,16.36,SUP0203,48,True
PROD002839,Jacket,Fashion,Urban,44371.75,11.37,SUP0302,64,True
PROD002840,Backpack,Accessories,Pro,72219.2,23.1,SUP0145,100,True
PROD002841,Sneakers,Fashion,Prime,75199.08,2.37,SUP0013,35,True
PROD002842,Wallet,Accessories,Nova,99095.28,9.43,SUP0245,75,True
PROD002843,Mixer Grinder,Home & Kitchen,Elite,34384.28,14.05,SUP0225,73,True
PROD002844,Smart Watch,Electronics,Pro,25331.06,0.72,SUP0169,80,True
PROD002845,Smartphone,Electronics,Nova,34229.26,13.79,SUP0395,76,True
PROD002846,Face Wash,Beauty,Pro,17956.31,28.57,SUP0272,38,True
PROD002847,Mixer Grinder,Home & Kitchen,Nova,8728.47,25.03,SUP0198,40,True
PROD002848,Mixer Grinder,Home & Kitchen,Urban,40986.33,24.7,SUP0380,90,True
PROD002849,Data Science Book,Books,Pro,12595.0,21.19,SUP0404,11,True
PROD002850,Water Bottle,Home & Kitchen,Value,79775.09,4.66,SUP0305,94,True
PROD002851,Smart Watch,Electronics,Prime,46638.95,8.04,SUP0467,45,True
PROD002852,Bluetooth Speaker,Electronics,Nova,45900.7,6.16,SUP0447,27,True
PROD002853,Bedsheet,Home & Kitchen,Nova,77005.75,28.84,SUP0481,30,True
PROD002854,Jeans,Fashion,Prime,63119.52,1.28,SUP0325,16,True
PROD002855,Cricket Bat,Sports,Urban,5996.43,14.7,SUP0252,10,True
PROD002856,Fiction Novel,Books,Max,53026.21,19.88,SUP0475,33,True
PROD002857,Water Bottle,Home & Kitchen,Nova,48964.53,22.28,SUP0474,61,True
PROD002858,Tea,Grocery,Urban,75709.4,14.19,SUP0262,85,True
PROD002859,Bedsheet,Home & Kitchen,Max,48907.6,29.7,SUP0155,23,True
PROD002860,Smartphone,Electronics,Value,48193.37,15.83,SUP0009,27,True
PROD002861,Wheat Flour,Grocery,Prime,81785.56,10.68,SUP0150,52,True
PROD002862,Wheat Flour,Grocery,Pro,72735.59,16.61,SUP0094,11,True
PROD002863,Cooking Oil,Grocery,Nova,16788.92,28.11,SUP0022,73,True
PROD002864,Tea,Grocery,Nova,95997.56,1.4,SUP0415,89,True
PROD002865,Mixer Grinder,Home & Kitchen,Pro,55437.49,17.74,SUP0193,70,True
PROD002866,Mixer Grinder,Home & Kitchen,Urban,6861.43,12.55,SUP0349,18,True
PROD002867,Bedsheet,Home & Kitchen,Urban,13623.83,12.84,SUP0090,36,True
PROD002868,Laptop,Electronics,Nova,67028.5,9.59,SUP0467,8,True
PROD002869,Jeans,Fashion,Nova,6727.22,7.37,SUP0138,51,True
PROD002870,Rice,Grocery,Elite,35080.52,12.96,SUP0468,30,True
PROD002871,Sunscreen,Beauty,Prime,66893.36,11.39,SUP0488,26,True
PROD002872,Dumbbells,Sports,Urban,86401.68,6.91,SUP0022,65,True
PROD002873,Perfume,Beauty,Pro,63984.07,15.79,SUP0031,42,True
PROD002874,Bedsheet,Home & Kitchen,Value,77234.45,0.61,SUP0341,93,True
PROD002875,Jeans,Fashion,Max,85122.19,26.22,SUP0241,97,True
PROD002876,Tablet,Electronics,Max,17464.35,24.11,SUP0420,65,True
PROD002877,Mixer Grinder,Home & Kitchen,Prime,65587.98,10.91,SUP0119,15,True
PROD002878,Dry Fruits,Grocery,Pro,97999.94,26.38,SUP0367,45,True
PROD002879,Fiction Novel,Books,Max,25931.81,12.67,SUP0266,26,True
PROD002880,Backpack,Accessories,Urban,58472.95,18.57,SUP0432,10,True
PROD002881,Air Fryer,Home & Kitchen,Pro,67308.88,29.72,SUP0371,10,True
PROD002882,Exam Preparation Book,Books,Nova,14404.56,10.85,SUP0250,16,True
PROD002883,Kurta,Fashion,Nova,15848.25,12.83,SUP0225,87,True
PROD002884,Face Wash,Beauty,Max,23195.63,8.56,SUP0071,80,True
PROD002885,Mixer Grinder,Home & Kitchen,Nova,90821.18,16.43,SUP0489,37,True
PROD002886,Belt,Accessories,Pro,67141.85,21.4,SUP0261,40,True
PROD002887,Football,Sports,Elite,27051.03,13.75,SUP0414,93,True
PROD002888,Coffee,Grocery,Elite,92906.13,5.72,SUP0369,23,True
PROD002889,Wireless Earbuds,Electronics,Urban,21220.06,5.44,SUP0255,86,True
PROD002890,Air Fryer,Home & Kitchen,Max,20294.29,28.42,SUP0058,14,True
PROD002891,Data Science Book,Books,Value,29661.35,8.62,SUP0461,47,True
PROD002892,Football,Sports,Urban,5239.91,29.73,SUP0483,16,True
PROD002893,Laptop,Electronics,Prime,72552.71,10.76,SUP0335,62,True
PROD002894,Wallet,Accessories,Elite,50145.35,4.66,SUP0181,50,True
PROD002895,Kurta,Fashion,Pro,18414.27,15.66,SUP0051,93,True
PROD002896,Dumbbells,Sports,Prime,78816.39,13.15,SUP0461,83,True
PROD002897,Dry Fruits,Grocery,Value,94859.28,4.63,SUP0064,52,True
PROD002898,Cricket Bat,Sports,Pro,15599.65,26.35,SUP0307,67,True
PROD002899,Dry Fruits,Grocery,Pro,45091.0,14.29,SUP0218,17,True
PROD002900,Wheat Flour,Grocery,Urban,90682.43,11.13,SUP0302,80,True
PROD002901,Cookware Set,Home & Kitchen,Elite,54123.79,20.3,SUP0325,73,True
PROD002902,Exam Preparation Book,Books,Value,62143.91,7.19,SUP0388,40,False
PROD002903,Laptop,Electronics,Max,80592.72,27.03,SUP0163,25,True
PROD002904,Rice,Grocery,Urban,63060.56,12.41,SUP0281,40,False
PROD002905,Wireless Earbuds,Electronics,Prime,93058.12,18.48,SUP0419,38,True
PROD002906,Kurta,Fashion,Nova,26752.48,28.9,SUP0256,82,True
PROD002907,Smart Watch,Electronics,Urban,28622.86,23.18,SUP0107,100,True
PROD002908,Wheat Flour,Grocery,Pro,5083.26,23.21,SUP0189,55,True
PROD002909,Cricket Bat,Sports,Elite,77970.73,7.31,SUP0334,77,True
PROD002910,Phone Case,Accessories,Value,15372.83,6.11,SUP0021,99,True
PROD002911,Wireless Earbuds,Electronics,Pro,76574.28,18.93,SUP0491,56,True
PROD002912,Water Bottle,Home & Kitchen,Prime,8445.0,29.12,SUP0147,45,True
PROD002913,Laptop,Electronics,Value,85608.69,17.75,SUP0338,72,True
PROD002914,Cricket Bat,Sports,Max,45137.74,1.65,SUP0291,5,True
PROD002915,Programming Book,Books,Pro,91507.15,19.2,SUP0176,76,True
PROD002916,Phone Case,Accessories,Prime,57218.02,27.14,SUP0062,28,True
PROD002917,Bluetooth Speaker,Electronics,Nova,23256.02,7.22,SUP0356,5,True
PROD002918,Tea,Grocery,Max,62294.09,13.9,SUP0058,10,True
PROD002919,Cooking Oil,Grocery,Max,9931.18,29.06,SUP0166,20,True
PROD002920,Dumbbells,Sports,Max,4891.32,7.77,SUP0168,50,True
PROD002921,Dry Fruits,Grocery,Value,41785.19,7.72,SUP0436,71,True
PROD002922,Water Bottle,Home & Kitchen,Urban,57751.07,25.64,SUP0477,52,True
PROD002923,Tablet,Electronics,Urban,51149.99,2.84,SUP0118,8,True
PROD002924,Yoga Mat,Sports,Max,39128.37,8.97,SUP0365,56,True
PROD002925,Cooking Oil,Grocery,Nova,73584.19,26.0,SUP0267,31,False
PROD002926,Cooking Oil,Grocery,Prime,70360.68,19.83,SUP0487,27,True
PROD002927,Dry Fruits,Grocery,Elite,19365.15,14.19,SUP0478,92,True
PROD002928,Tablet,Electronics,Urban,79546.12,3.41,SUP0498,76,True
PROD002929,Sneakers,Fashion,Pro,85561.95,29.28,SUP0017,14,True
PROD002930,Smart Watch,Electronics,Value,92579.74,22.62,SUP0060,75,True
PROD002931,Water Bottle,Home & Kitchen,Prime,6808.58,18.22,SUP0472,35,True
PROD002932,Cricket Bat,Sports,Max,16118.88,29.72,SUP0380,74,True
PROD002933,Tablet,Electronics,Prime,44110.15,20.03,SUP0306,9,True
PROD002934,Cookware Set,Home & Kitchen,Elite,66620.18,7.26,SUP0046,36,True
PROD002935,Smart Watch,Electronics,Value,52419.23,22.32,SUP0106,17,True
PROD002936,Sneakers,Fashion,Max,92602.78,21.54,SUP0230,52,True
PROD002937,Jeans,Fashion,Nova,44215.58,10.92,SUP0476,14,True
PROD002938,Belt,Accessories,Urban,20305.45,0.1,SUP0005,98,True
PROD002939,Backpack,Accessories,Pro,89104.05,0.72,SUP0462,58,True
PROD002940,Kurta,Fashion,Value,72506.2,16.52,SUP0191,59,True
PROD002941,Bluetooth Speaker,Electronics,Pro,37917.59,23.37,SUP0355,12,True
PROD002942,Rice,Grocery,Urban,57642.45,22.81,SUP0297,76,True
PROD002943,Wireless Earbuds,Electronics,Nova,37530.34,25.02,SUP0047,24,True
PROD002944,Tablet,Electronics,Pro,10363.75,2.95,SUP0295,67,True
PROD002945,Air Fryer,Home & Kitchen,Pro,35220.17,8.11,SUP0308,56,True
PROD002946,Storage Box,Home & Kitchen,Max,18418.68,28.02,SUP0409,94,True
PROD002947,Tablet,Electronics,Nova,85036.92,9.32,SUP0058,78,True
PROD002948,Business Book,Books,Urban,6762.08,22.75,SUP0114,64,True
PROD002949,Tea,Grocery,Nova,22930.85,14.68,SUP0076,29,True
PROD002950,Jeans,Fashion,Urban,22170.13,23.01,SUP0409,97,True
PROD002951,T-Shirt,Fashion,Pro,28558.79,21.89,SUP0353,82,True
PROD002952,Moisturizer,Beauty,Nova,5460.07,7.45,SUP0107,86,True
PROD002953,Formal Shirt,Fashion,Nova,12324.78,22.59,SUP0090,58,True
PROD002954,Coffee,Grocery,Max,30653.36,21.99,SUP0047,81,True
PROD002955,Bedsheet,Home & Kitchen,Nova,42652.71,15.58,SUP0172,92,True
PROD002956,Jacket,Fashion,Nova,18653.18,3.66,SUP0275,90,True
PROD002957,Water Bottle,Home & Kitchen,Value,6550.34,4.7,SUP0439,5,True
PROD002958,T-Shirt,Fashion,Prime,75598.85,2.35,SUP0285,72,True
PROD002959,Smart Watch,Electronics,Nova,35614.85,9.28,SUP0307,76,True
PROD002960,Dry Fruits,Grocery,Pro,36851.53,17.38,SUP0282,10,True
PROD002961,Tea,Grocery,Elite,64793.83,10.0,SUP0303,11,True
PROD002962,Cricket Bat,Sports,Value,72946.79,25.21,SUP0291,37,True
PROD002963,Backpack,Accessories,Elite,25537.35,8.07,SUP0032,8,True
PROD002964,Smart Watch,Electronics,Urban,44501.76,23.57,SUP0205,88,True
PROD002965,Jeans,Fashion,Max,13607.07,1.96,SUP0006,11,True
PROD002966,Backpack,Accessories,Nova,30985.94,1.7,SUP0408,74,True
PROD002967,Backpack,Accessories,Nova,39039.96,20.75,SUP0212,8,True
PROD002968,Dumbbells,Sports,Pro,92446.73,21.17,SUP0111,23,True
PROD002969,Smart Watch,Electronics,Max,50780.36,13.64,SUP0164,8,True
PROD002970,Kurta,Fashion,Pro,52450.65,18.13,SUP0290,8,True
PROD002971,Dumbbells,Sports,Max,83312.98,19.73,SUP0155,83,True
PROD002972,Data Science Book,Books,Max,39656.59,28.24,SUP0263,21,True
PROD002973,Programming Book,Books,Pro,20661.8,5.94,SUP0201,11,True
PROD002974,Water Bottle,Home & Kitchen,Elite,89909.75,25.6,SUP0312,77,True
PROD002975,Jacket,Fashion,Value,74324.48,2.99,SUP0400,80,True
PROD002976,Cricket Bat,Sports,Elite,46358.96,28.42,SUP0152,72,True
PROD002977,Wallet,Accessories,Max,54762.62,24.75,SUP0462,7,True
PROD002978,Storage Box,Home & Kitchen,Urban,42210.68,6.74,SUP0411,48,True
PROD002979,Formal Shirt,Fashion,Nova,87119.63,9.36,SUP0245,24,True
PROD002980,Sunscreen,Beauty,Urban,39496.47,8.38,SUP0147,36,True
PROD002981,Data Science Book,Books,Max,19541.53,22.63,SUP0088,82,True
PROD002982,Football,Sports,Pro,39055.04,17.98,SUP0094,71,True
PROD002983,Sunglasses,Accessories,Nova,25882.59,2.92,SUP0098,51,True
PROD002984,Fiction Novel,Books,Pro,90809.0,9.31,SUP0201,83,True
PROD002985,Smart Watch,Electronics,Elite,56824.57,10.96,SUP0099,40,True
PROD002986,Laptop,Electronics,Urban,45848.91,21.31,SUP0401,84,True
PROD002987,Exam Preparation Book,Books,Elite,38908.6,11.45,SUP0214,63,True
PROD002988,T-Shirt,Fashion,Pro,25765.83,28.28,SUP0380,22,True
PROD002989,Perfume,Beauty,Nova,20110.56,28.13,SUP0253,90,True
PROD002990,Formal Shirt,Fashion,Pro,79603.25,23.76,SUP0191,25,True
PROD002991,Yoga Mat,Sports,Prime,56715.07,19.8,SUP0435,21,True
PROD002992,Cricket Bat,Sports,Pro,42031.26,28.66,SUP0159,98,True
PROD002993,Bluetooth Speaker,Electronics,Prime,28702.76,1.6,SUP0174,9,True
PROD002994,Yoga Mat,Sports,Elite,19236.44,19.65,SUP0138,59,True
PROD002995,T-Shirt,Fashion,Value,43797.82,13.8,SUP0156,37,True
PROD002996,Storage Box,Home & Kitchen,Max,76114.24,22.08,SUP0223,81,True
PROD002997,Laptop,Electronics,Pro,77612.31,17.29,SUP0345,89,True
PROD002998,Smart Watch,Electronics,Nova,95800.9,28.3,SUP0175,62,True
PROD002999,Bedsheet,Home & Kitchen,Urban,40841.34,19.75,SUP0226,68,True
PROD003000,Perfume,Beauty,Pro,17200.04,21.61,SUP0127,96,True
PROD003001,Cooking Oil,Grocery,Urban,90907.16,1.96,SUP0300,76,True
PROD003002,Coffee,Grocery,Prime,21992.71,27.17,SUP0290,17,True
PROD003003,Tablet,Electronics,Nova,92723.66,19.16,SUP0278,37,True
PROD003004,Cookware Set,Home & Kitchen,Value,86780.86,5.74,SUP0101,48,True
PROD003005,Formal Shirt,Fashion,Nova,99087.97,15.72,SUP0191,89,True
PROD003006,Cookware Set,Home & Kitchen,Nova,17986.42,4.25,SUP0168,55,True
PROD003007,Face Wash,Beauty,Prime,83892.19,19.86,SUP0151,26,True
PROD003008,Formal Shirt,Fashion,Urban,37828.98,10.36,SUP0022,31,True
PROD003009,Football,Sports,Nova,92163.37,8.42,SUP0281,41,True
PROD003010,Tablet,Electronics,Value,34817.44,9.33,SUP0194,87,True
PROD003011,Air Fryer,Home & Kitchen,Prime,62391.03,7.72,SUP0275,58,True
PROD003012,Phone Case,Accessories,Prime,28483.47,15.27,SUP0006,36,True
PROD003013,Wheat Flour,Grocery,Nova,19294.11,26.55,SUP0447,69,True
PROD003014,Running Shoes,Sports,Urban,51998.37,13.35,SUP0228,28,True
PROD003015,Rice,Grocery,Pro,24072.8,6.87,SUP0184,11,True
PROD003016,Cookware Set,Home & Kitchen,Pro,86167.49,4.78,SUP0499,97,True
PROD003017,Sunscreen,Beauty,Prime,69050.49,9.35,SUP0353,59,True
PROD003018,Formal Shirt,Fashion,Pro,83283.74,7.32,SUP0375,62,True
PROD003019,Wallet,Accessories,Pro,11456.86,19.31,SUP0134,29,True
PROD003020,Sneakers,Fashion,Max,3717.35,27.76,SUP0350,30,True
PROD003021,Bedsheet,Home & Kitchen,Pro,93094.98,0.43,SUP0478,56,True
PROD003022,Football,Sports,Pro,12563.31,6.25,SUP0028,62,True
PROD003023,Business Book,Books,Nova,70267.55,13.08,SUP0333,37,True
PROD003024,Backpack,Accessories,Prime,66192.26,20.26,SUP0415,98,True
PROD003025,Cooking Oil,Grocery,Nova,89569.73,13.67,SUP0259,50,True
PROD003026,Sunglasses,Accessories,Urban,2885.05,16.7,SUP0169,35,True
PROD003027,Sunglasses,Accessories,Urban,83816.44,26.23,SUP0284,36,True
PROD003028,Cricket Bat,Sports,Urban,95540.42,2.45,SUP0222,35,True
PROD003029,Business Book,Books,Nova,822.82,2.44,SUP0283,88,True
PROD003030,Moisturizer,Beauty,Max,66949.79,21.24,SUP0386,13,True
PROD003031,Tea,Grocery,Pro,451.79,18.57,SUP0161,55,True
PROD003032,Phone Case,Accessories,Pro,76667.3,5.37,SUP0138,22,True
PROD003033,Coffee,Grocery,Prime,79787.45,8.95,SUP0019,83,True
PROD003034,Wallet,Accessories,Pro,34462.74,13.24,SUP0482,78,True
PROD003035,Kurta,Fashion,Nova,14799.28,22.99,SUP0184,77,True
PROD003036,Perfume,Beauty,Max,63176.55,13.55,SUP0463,24,True
PROD003037,Shampoo,Beauty,Urban,25501.4,10.73,SUP0461,37,True
PROD003038,Kurta,Fashion,Nova,76123.16,9.68,SUP0500,42,True
PROD003039,Water Bottle,Home & Kitchen,Max,71173.31,15.62,SUP0322,73,True
PROD003040,Water Bottle,Home & Kitchen,Max,69851.88,5.35,SUP0408,47,True
PROD003041,Moisturizer,Beauty,Prime,95157.73,0.54,SUP0111,86,True
PROD003042,Dry Fruits,Grocery,Prime,37225.23,4.48,SUP0274,65,True
PROD003043,Cookware Set,Home & Kitchen,Value,46633.12,0.78,SUP0086,13,False
PROD003044,Data Science Book,Books,Max,57839.43,28.0,SUP0348,97,True
PROD003045,Bluetooth Speaker,Electronics,Value,25516.53,13.75,SUP0200,76,True
PROD003046,Air Fryer,Home & Kitchen,Urban,62392.49,13.41,SUP0107,49,False
PROD003047,Phone Case,Accessories,Pro,71005.21,9.97,SUP0398,47,True
PROD003048,T-Shirt,Fashion,Elite,5824.35,27.5,SUP0495,22,True
PROD003049,Sneakers,Fashion,Prime,46302.11,14.23,SUP0025,81,True
PROD003050,Bedsheet,Home & Kitchen,Value,80254.29,29.0,SUP0393,26,True
PROD003051,Sunscreen,Beauty,Elite,5857.71,27.37,SUP0365,28,True
PROD003052,Sunglasses,Accessories,Elite,62902.27,0.88,SUP0039,27,True
PROD003053,Jeans,Fashion,Nova,16590.74,19.75,SUP0407,28,True
PROD003054,Dry Fruits,Grocery,Value,71795.95,25.68,SUP0092,48,True
PROD003055,Laptop,Electronics,Urban,31117.54,20.96,SUP0249,61,True
PROD003056,Jeans,Fashion,Pro,59698.9,24.71,SUP0381,75,True
PROD003057,Storage Box,Home & Kitchen,Prime,26473.99,22.0,SUP0404,48,True
PROD003058,Data Science Book,Books,Prime,7005.56,16.17,SUP0111,39,True
PROD003059,Sneakers,Fashion,Urban,2943.49,5.67,SUP0453,30,True
PROD003060,Coffee,Grocery,Nova,70538.78,12.58,SUP0431,78,True
PROD003061,Jacket,Fashion,Urban,81915.26,4.68,SUP0441,34,True
PROD003062,Kurta,Fashion,Pro,28580.01,22.62,SUP0132,61,True
PROD003063,Running Shoes,Sports,Max,90411.05,26.45,SUP0134,71,True
PROD003064,Smartphone,Electronics,Urban,57401.27,15.78,SUP0034,72,True
PROD003065,Sunglasses,Accessories,Prime,88309.91,20.41,SUP0152,17,True
PROD003066,Jeans,Fashion,Nova,90590.2,13.71,SUP0123,52,True
PROD003067,Perfume,Beauty,Prime,98875.74,17.19,SUP0435,99,True
PROD003068,Dry Fruits,Grocery,Max,98194.71,13.94,SUP0025,13,True
PROD003069,Mixer Grinder,Home & Kitchen,Elite,21657.59,20.7,SUP0121,69,True
PROD003070,Kurta,Fashion,Prime,24688.26,2.91,SUP0452,20,True
PROD003071,Tablet,Electronics,Pro,58514.0,28.85,SUP0270,66,True
PROD003072,Exam Preparation Book,Books,Prime,68073.59,15.53,SUP0241,97,True
PROD003073,Mixer Grinder,Home & Kitchen,Nova,9776.02,20.33,SUP0329,100,True
PROD003074,Coffee,Grocery,Pro,1813.06,7.19,SUP0464,40,True
PROD003075,Wheat Flour,Grocery,Max,75227.72,13.9,SUP0365,37,True
PROD003076,Tea,Grocery,Urban,96364.33,2.59,SUP0421,63,True
PROD003077,Cooking Oil,Grocery,Nova,97019.31,29.21,SUP0247,46,True
PROD003078,Air Fryer,Home & Kitchen,Urban,20864.04,28.43,SUP0363,53,True
PROD003079,Coffee,Grocery,Elite,96437.12,25.07,SUP0180,23,True
PROD003080,Laptop,Electronics,Urban,36317.4,26.34,SUP0335,84,True
PROD003081,Formal Shirt,Fashion,Max,58041.65,9.51,SUP0419,58,True
PROD003082,Mixer Grinder,Home & Kitchen,Prime,82257.12,16.37,SUP0380,63,True
PROD003083,Dry Fruits,Grocery,Pro,77488.23,23.82,SUP0436,72,True
PROD003084,Storage Box,Home & Kitchen,Pro,70381.04,23.9,SUP0485,87,True
PROD003085,Football,Sports,Urban,18880.81,13.77,SUP0406,75,True
PROD003086,Air Fryer,Home & Kitchen,Value,37576.47,27.29,SUP0290,90,True
PROD003087,Wireless Earbuds,Electronics,Pro,13639.85,23.92,SUP0125,99,True
PROD003088,Face Wash,Beauty,Prime,74115.21,16.95,SUP0298,97,True
PROD003089,Bedsheet,Home & Kitchen,Urban,21331.59,20.94,SUP0215,18,True
PROD003090,Sunscreen,Beauty,Elite,66369.34,8.89,SUP0418,38,True
PROD003091,Tea,Grocery,Prime,90700.84,8.45,SUP0110,64,True
PROD003092,Wheat Flour,Grocery,Urban,80669.45,20.28,SUP0125,20,True
PROD003093,Mixer Grinder,Home & Kitchen,Nova,60492.87,16.03,SUP0119,63,True
PROD003094,Wallet,Accessories,Nova,79417.15,19.39,SUP0126,19,True
PROD003095,Sunscreen,Beauty,Urban,39241.64,4.58,SUP0375,38,True
PROD003096,Coffee,Grocery,Prime,14612.81,21.35,SUP0039,84,True
PROD003097,Kurta,Fashion,Prime,33672.03,5.63,SUP0227,48,True
PROD003098,Phone Case,Accessories,Pro,13222.58,9.96,SUP0118,58,True
PROD003099,Kurta,Fashion,Max,34702.76,17.32,SUP0205,39,True
PROD003100,Dumbbells,Sports,Prime,98996.32,28.71,SUP0300,98,True
PROD003101,Running Shoes,Sports,Prime,18371.73,20.65,SUP0460,43,True
PROD003102,Shampoo,Beauty,Prime,66487.19,22.73,SUP0285,36,True
PROD003103,Jacket,Fashion,Value,81724.93,25.9,SUP0287,38,True
PROD003104,Air Fryer,Home & Kitchen,Prime,52263.19,26.08,SUP0063,46,False
PROD003105,Face Wash,Beauty,Urban,69241.09,25.91,SUP0140,46,True
PROD003106,Face Wash,Beauty,Elite,9808.99,15.24,SUP0464,30,True
PROD003107,Business Book,Books,Value,64145.98,19.72,SUP0177,96,True
PROD003108,Kurta,Fashion,Pro,11975.79,11.96,SUP0023,66,False
PROD003109,Sunscreen,Beauty,Elite,85892.19,21.71,SUP0094,8,True
PROD003110,Sunscreen,Beauty,Urban,21616.49,29.18,SUP0460,95,True
PROD003111,Face Wash,Beauty,Value,21003.61,18.4,SUP0207,100,True
PROD003112,Perfume,Beauty,Nova,31560.94,28.63,SUP0038,10,True
PROD003113,Laptop,Electronics,Pro,66039.41,1.0,SUP0288,13,True
PROD003114,Football,Sports,Value,82565.49,14.87,SUP0377,13,True
PROD003115,Jeans,Fashion,Urban,96287.25,20.14,SUP0453,42,True
PROD003116,Bedsheet,Home & Kitchen,Nova,63019.48,10.8,SUP0066,50,True
PROD003117,Programming Book,Books,Prime,47483.64,8.81,SUP0006,64,True
PROD003118,Jeans,Fashion,Max,67271.83,25.76,SUP0127,71,True
PROD003119,Cricket Bat,Sports,Prime,38738.99,29.12,SUP0390,29,True
PROD003120,Cricket Bat,Sports,Elite,18623.1,8.88,SUP0029,31,True
PROD003121,Water Bottle,Home & Kitchen,Urban,50895.92,8.61,SUP0425,77,True
PROD003122,Sneakers,Fashion,Urban,2030.37,15.77,SUP0389,26,True
PROD003123,Perfume,Beauty,Urban,18327.45,17.01,SUP0106,81,True
PROD003124,Business Book,Books,Nova,26504.45,12.3,SUP0187,43,True
PROD003125,Water Bottle,Home & Kitchen,Max,85210.1,9.73,SUP0472,16,True
PROD003126,Bedsheet,Home & Kitchen,Value,6059.1,3.25,SUP0216,20,True
PROD003127,Dumbbells,Sports,Max,46071.05,1.0,SUP0153,81,True
PROD003128,Mixer Grinder,Home & Kitchen,Nova,36272.22,25.54,SUP0373,29,True
PROD003129,Storage Box,Home & Kitchen,Max,75375.22,24.21,SUP0416,96,True
PROD003130,Face Wash,Beauty,Urban,52557.39,19.85,SUP0492,72,True
PROD003131,Storage Box,Home & Kitchen,Max,3146.6,19.22,SUP0372,82,True
PROD003132,Belt,Accessories,Urban,13531.8,4.35,SUP0117,63,True
PROD003133,Exam Preparation Book,Books,Prime,72634.87,11.85,SUP0167,26,True
PROD003134,Exam Preparation Book,Books,Value,30591.04,23.87,SUP0283,51,True
PROD003135,Programming Book,Books,Prime,50970.61,4.53,SUP0137,98,True
PROD003136,Belt,Accessories,Max,89261.31,10.37,SUP0059,41,False
PROD003137,Shampoo,Beauty,Urban,5093.68,22.39,SUP0128,100,True
PROD003138,Kurta,Fashion,Max,65420.37,19.16,SUP0192,40,True
PROD003139,Business Book,Books,Prime,27131.19,17.66,SUP0136,29,True
PROD003140,Dumbbells,Sports,Value,20061.24,18.69,SUP0083,5,True
PROD003141,Storage Box,Home & Kitchen,Pro,20592.65,19.36,SUP0268,31,True
PROD003142,T-Shirt,Fashion,Urban,23260.99,4.32,SUP0352,37,True
PROD003143,Storage Box,Home & Kitchen,Value,58483.21,26.17,SUP0004,74,True
PROD003144,Jeans,Fashion,Max,93652.99,16.57,SUP0096,90,True
PROD003145,Kurta,Fashion,Max,49757.88,18.24,SUP0139,20,True
PROD003146,Rice,Grocery,Nova,93839.21,19.52,SUP0356,66,True
PROD003147,Data Science Book,Books,Elite,82213.63,24.91,SUP0362,23,True
PROD003148,Running Shoes,Sports,Value,61281.24,2.95,SUP0063,46,False
PROD003149,Bluetooth Speaker,Electronics,Prime,58724.62,7.16,SUP0316,18,True
PROD003150,Bluetooth Speaker,Electronics,Prime,43245.38,26.15,SUP0189,88,True
PROD003151,Wheat Flour,Grocery,Urban,49040.93,20.05,SUP0461,33,True
PROD003152,Bluetooth Speaker,Electronics,Prime,98218.91,13.91,SUP0458,77,True
PROD003153,Storage Box,Home & Kitchen,Elite,13306.1,11.54,SUP0213,22,True
PROD003154,Smart Watch,Electronics,Nova,52283.4,28.63,SUP0016,8,True
PROD003155,Formal Shirt,Fashion,Nova,36517.69,12.56,SUP0298,32,True
PROD003156,Wheat Flour,Grocery,Urban,65026.27,26.41,SUP0429,80,True
PROD003157,Wheat Flour,Grocery,Nova,66819.64,15.51,SUP0264,20,True
PROD003158,Cookware Set,Home & Kitchen,Urban,71681.29,9.88,SUP0299,63,True
PROD003159,Yoga Mat,Sports,Prime,92134.71,9.09,SUP0499,78,True
PROD003160,Tablet,Electronics,Pro,43753.15,15.16,SUP0040,31,True
PROD003161,Wireless Earbuds,Electronics,Nova,47759.63,19.84,SUP0248,58,True
PROD003162,Sunglasses,Accessories,Prime,9326.83,4.58,SUP0162,73,True
PROD003163,Programming Book,Books,Pro,56465.11,11.56,SUP0189,86,True
PROD003164,Business Book,Books,Urban,67713.65,6.66,SUP0270,66,True
PROD003165,Shampoo,Beauty,Elite,3584.1,19.04,SUP0185,86,True
PROD003166,Cricket Bat,Sports,Max,79588.5,23.28,SUP0143,89,True
PROD003167,Dumbbells,Sports,Prime,67287.94,8.85,SUP0270,12,True
PROD003168,Phone Case,Accessories,Pro,49489.43,29.89,SUP0379,52,True
PROD003169,Formal Shirt,Fashion,Prime,37014.76,4.87,SUP0247,43,True
PROD003170,Phone Case,Accessories,Elite,44643.54,5.7,SUP0200,95,True
PROD003171,Backpack,Accessories,Urban,64151.92,18.02,SUP0480,68,True
PROD003172,Moisturizer,Beauty,Urban,73441.5,17.56,SUP0021,46,True
PROD003173,Bluetooth Speaker,Electronics,Urban,92271.34,27.24,SUP0093,34,True
PROD003174,Laptop,Electronics,Pro,19263.27,12.63,SUP0496,19,True
PROD003175,Jacket,Fashion,Elite,47670.36,0.89,SUP0004,18,True
PROD003176,Coffee,Grocery,Urban,79241.72,28.14,SUP0298,87,True
PROD003177,Mixer Grinder,Home & Kitchen,Value,45453.99,20.82,SUP0195,42,True
PROD003178,Phone Case,Accessories,Elite,83734.72,6.82,SUP0288,96,True
PROD003179,Smartphone,Electronics,Prime,69779.39,19.63,SUP0147,92,True
PROD003180,Rice,Grocery,Urban,34532.15,17.69,SUP0045,30,True
PROD003181,Dumbbells,Sports,Max,60794.97,20.81,SUP0310,31,True
PROD003182,Wallet,Accessories,Prime,2103.53,11.05,SUP0064,85,True
PROD003183,Smartphone,Electronics,Elite,14731.5,8.85,SUP0114,81,True
PROD003184,Smartphone,Electronics,Elite,63877.34,13.06,SUP0480,31,True
PROD003185,Sunglasses,Accessories,Prime,38630.48,18.91,SUP0389,11,True
PROD003186,Football,Sports,Urban,80563.94,5.77,SUP0401,63,True
PROD003187,Rice,Grocery,Urban,26536.83,17.31,SUP0426,47,True
PROD003188,Moisturizer,Beauty,Elite,94440.37,1.39,SUP0035,75,True
PROD003189,Laptop,Electronics,Prime,51987.6,6.13,SUP0200,7,True
PROD003190,Cookware Set,Home & Kitchen,Value,55811.85,20.68,SUP0110,91,True
PROD003191,Moisturizer,Beauty,Prime,24627.34,15.02,SUP0332,79,True
PROD003192,Shampoo,Beauty,Nova,40673.98,29.68,SUP0301,82,True
PROD003193,Mixer Grinder,Home & Kitchen,Prime,60733.81,11.83,SUP0466,84,True
PROD003194,Smart Watch,Electronics,Nova,14160.47,19.78,SUP0264,8,True
PROD003195,Smart Watch,Electronics,Value,61059.72,16.16,SUP0221,31,True
PROD003196,Bedsheet,Home & Kitchen,Value,85590.86,18.82,SUP0129,66,True
PROD003197,Jacket,Fashion,Prime,6730.88,3.57,SUP0115,6,True
PROD003198,Wireless Earbuds,Electronics,Pro,69484.88,7.76,SUP0243,29,True
PROD003199,Smart Watch,Electronics,Pro,6134.77,28.81,SUP0206,24,True
PROD003200,Cooking Oil,Grocery,Pro,97685.43,1.26,SUP0433,83,True
PROD003201,Sunglasses,Accessories,Urban,51133.04,9.93,SUP0015,83,True
PROD003202,Cooking Oil,Grocery,Max,38011.38,27.54,SUP0042,73,True
PROD003203,Wireless Earbuds,Electronics,Prime,8648.09,19.1,SUP0193,85,True
PROD003204,Exam Preparation Book,Books,Max,64575.37,25.72,SUP0066,37,True
PROD003205,Jacket,Fashion,Elite,43346.08,9.47,SUP0339,87,True
PROD003206,Bluetooth Speaker,Electronics,Pro,46399.96,25.46,SUP0302,84,True
PROD003207,Dry Fruits,Grocery,Pro,41118.34,27.49,SUP0448,43,True
PROD003208,Belt,Accessories,Prime,55925.62,28.43,SUP0059,21,True
PROD003209,Cookware Set,Home & Kitchen,Max,80444.33,11.88,SUP0163,82,True
PROD003210,Running Shoes,Sports,Prime,69384.32,16.56,SUP0391,69,True
PROD003211,Running Shoes,Sports,Max,13504.07,6.0,SUP0035,66,True
PROD003212,Dry Fruits,Grocery,Elite,22436.14,15.48,SUP0194,60,True
PROD003213,T-Shirt,Fashion,Prime,40283.0,9.54,SUP0161,45,True
PROD003214,Wheat Flour,Grocery,Pro,57564.75,23.97,SUP0113,61,True
PROD003215,Running Shoes,Sports,Prime,44421.65,0.23,SUP0053,92,True
PROD003216,T-Shirt,Fashion,Max,89992.01,4.88,SUP0169,10,True
PROD003217,Bluetooth Speaker,Electronics,Elite,92168.45,4.76,SUP0117,23,True
PROD003218,Smart Watch,Electronics,Pro,33073.82,16.46,SUP0092,51,True
PROD003219,Air Fryer,Home & Kitchen,Nova,91549.98,9.12,SUP0313,43,True
PROD003220,Smart Watch,Electronics,Pro,28064.38,7.53,SUP0360,30,True
PROD003221,Dry Fruits,Grocery,Pro,26776.96,15.46,SUP0435,80,True
PROD003222,Programming Book,Books,Urban,46443.75,19.61,SUP0439,17,True
PROD003223,Tea,Grocery,Nova,93162.37,1.03,SUP0377,25,True
PROD003224,Face Wash,Beauty,Urban,86577.79,20.68,SUP0410,10,True
PROD003225,Shampoo,Beauty,Elite,57290.62,20.01,SUP0314,95,True
PROD003226,Belt,Accessories,Pro,7283.46,9.13,SUP0219,72,True
PROD003227,Running Shoes,Sports,Urban,29945.36,17.26,SUP0459,19,True
PROD003228,Water Bottle,Home & Kitchen,Pro,40772.11,6.69,SUP0391,94,True
PROD003229,Programming Book,Books,Elite,88509.48,8.4,SUP0401,56,True
PROD003230,Tea,Grocery,Max,22616.73,1.42,SUP0333,40,True
PROD003231,Tablet,Electronics,Pro,18406.0,11.68,SUP0202,33,True
PROD003232,Laptop,Electronics,Pro,26508.14,17.41,SUP0160,90,True
PROD003233,Business Book,Books,Elite,77099.9,7.49,SUP0382,82,True
PROD003234,Bedsheet,Home & Kitchen,Elite,4649.47,26.07,SUP0065,61,True
PROD003235,Sunglasses,Accessories,Max,17126.24,18.97,SUP0226,14,True
PROD003236,T-Shirt,Fashion,Elite,68236.69,7.96,SUP0411,42,True
PROD003237,Belt,Accessories,Urban,8689.16,2.44,SUP0390,15,True
PROD003238,Bluetooth Speaker,Electronics,Urban,48481.75,1.77,SUP0429,29,True
PROD003239,Air Fryer,Home & Kitchen,Pro,91471.63,15.58,SUP0142,15,True
PROD003240,Coffee,Grocery,Prime,26308.35,24.19,SUP0192,94,True
PROD003241,Kurta,Fashion,Urban,94136.39,14.0,SUP0226,41,True
PROD003242,Cooking Oil,Grocery,Pro,89528.52,1.53,SUP0018,44,False
PROD003243,Tablet,Electronics,Urban,75042.59,18.36,SUP0316,93,True
PROD003244,Wireless Earbuds,Electronics,Urban,17051.45,29.71,SUP0306,36,True
PROD003245,Bedsheet,Home & Kitchen,Pro,96342.04,23.55,SUP0060,74,True
PROD003246,Exam Preparation Book,Books,Prime,56407.43,26.58,SUP0154,6,True
PROD003247,Smartphone,Electronics,Prime,39027.31,1.23,SUP0261,96,True
PROD003248,Sunscreen,Beauty,Prime,36312.33,5.71,SUP0032,95,True
PROD003249,Smart Watch,Electronics,Value,76422.38,0.29,SUP0139,34,True
PROD003250,Running Shoes,Sports,Max,70546.29,18.53,SUP0436,8,True
PROD003251,Dumbbells,Sports,Elite,16382.41,25.77,SUP0325,85,True
PROD003252,Coffee,Grocery,Value,4896.15,6.82,SUP0260,31,True
PROD003253,Tablet,Electronics,Elite,68166.68,28.88,SUP0019,81,True
PROD003254,Kurta,Fashion,Urban,61038.94,2.52,SUP0191,95,True
PROD003255,Phone Case,Accessories,Pro,59336.65,1.4,SUP0383,35,True
PROD003256,Tablet,Electronics,Urban,87521.21,2.51,SUP0056,56,True
PROD003257,Running Shoes,Sports,Elite,30442.22,14.35,SUP0401,96,True
PROD003258,Jacket,Fashion,Pro,20930.16,26.58,SUP0498,41,True
PROD003259,Football,Sports,Pro,30029.95,23.37,SUP0302,10,True
PROD003260,Belt,Accessories,Urban,68625.03,6.93,SUP0123,46,False
PROD003261,Tablet,Electronics,Nova,32083.58,25.55,SUP0131,14,True
PROD003262,Football,Sports,Nova,65316.68,13.38,SUP0040,31,False
PROD003263,Business Book,Books,Urban,78833.45,5.34,SUP0146,47,True
PROD003264,Sneakers,Fashion,Elite,59266.51,9.82,SUP0130,23,True
PROD003265,Cookware Set,Home & Kitchen,Pro,65569.67,13.78,SUP0218,61,True
PROD003266,Storage Box,Home & Kitchen,Nova,60770.58,13.98,SUP0046,75,True
PROD003267,T-Shirt,Fashion,Nova,1642.29,6.35,SUP0222,38,True
PROD003268,Sunglasses,Accessories,Prime,13228.94,8.73,SUP0416,92,True
PROD003269,Formal Shirt,Fashion,Urban,90030.33,26.83,SUP0130,83,True
PROD003270,Perfume,Beauty,Value,39308.28,7.21,SUP0045,92,True
PROD003271,Face Wash,Beauty,Prime,27929.28,26.52,SUP0078,29,True
PROD003272,Water Bottle,Home & Kitchen,Urban,83286.65,28.09,SUP0223,92,True
PROD003273,Tablet,Electronics,Prime,24920.62,22.48,SUP0125,34,True
PROD003274,Running Shoes,Sports,Prime,80570.44,15.44,SUP0311,40,True
PROD003275,Cookware Set,Home & Kitchen,Urban,87487.89,17.04,SUP0164,27,True
PROD003276,Formal Shirt,Fashion,Pro,17241.42,4.55,SUP0122,27,True
PROD003277,Jeans,Fashion,Pro,56119.8,14.08,SUP0101,67,True
PROD003278,Face Wash,Beauty,Prime,36861.2,10.51,SUP0419,18,True
PROD003279,Air Fryer,Home & Kitchen,Nova,90989.21,1.79,SUP0464,75,True
PROD003280,Air Fryer,Home & Kitchen,Pro,5778.26,17.06,SUP0285,73,True
PROD003281,Jeans,Fashion,Value,48327.1,2.47,SUP0345,24,True
PROD003282,Dry Fruits,Grocery,Urban,93610.43,8.81,SUP0248,69,True
PROD003283,Football,Sports,Pro,10152.77,10.6,SUP0312,54,True
PROD003284,Water Bottle,Home & Kitchen,Value,67641.54,13.11,SUP0146,96,True
PROD003285,Tablet,Electronics,Elite,37112.68,19.05,SUP0166,28,True
PROD003286,Jeans,Fashion,Value,43534.54,24.71,SUP0080,83,True
PROD003287,Exam Preparation Book,Books,Max,74988.69,12.0,SUP0466,21,True
PROD003288,Jacket,Fashion,Prime,94567.76,14.56,SUP0441,81,True
PROD003289,Backpack,Accessories,Prime,31218.62,17.84,SUP0230,12,True
PROD003290,T-Shirt,Fashion,Elite,10852.15,19.78,SUP0054,8,True
PROD003291,Running Shoes,Sports,Urban,36468.12,26.92,SUP0455,33,True
PROD003292,Sneakers,Fashion,Pro,64033.38,9.57,SUP0069,24,True
PROD003293,Jacket,Fashion,Elite,79257.85,1.41,SUP0197,72,True
PROD003294,Jeans,Fashion,Urban,33392.27,22.29,SUP0020,31,True
PROD003295,Smart Watch,Electronics,Pro,10244.9,24.67,SUP0108,18,True
PROD003296,Sunscreen,Beauty,Urban,9130.2,16.87,SUP0085,35,True
PROD003297,Bluetooth Speaker,Electronics,Pro,87114.64,28.85,SUP0369,25,True
PROD003298,Jeans,Fashion,Elite,36657.38,4.26,SUP0240,83,True
PROD003299,Smartphone,Electronics,Prime,29634.7,20.16,SUP0487,78,True
PROD003300,Mixer Grinder,Home & Kitchen,Pro,34826.39,3.89,SUP0473,67,True
PROD003301,Cooking Oil,Grocery,Value,2680.71,19.61,SUP0189,11,True
PROD003302,Wireless Earbuds,Electronics,Nova,6675.99,29.88,SUP0101,42,True
PROD003303,Tea,Grocery,Nova,57397.67,10.74,SUP0067,36,True
PROD003304,Phone Case,Accessories,Max,95865.75,3.96,SUP0202,12,True
PROD003305,Cricket Bat,Sports,Elite,24670.65,25.88,SUP0049,77,True
PROD003306,Air Fryer,Home & Kitchen,Urban,65497.59,29.41,SUP0327,14,True
PROD003307,Wheat Flour,Grocery,Nova,17229.92,17.11,SUP0270,48,True
PROD003308,Dumbbells,Sports,Pro,9620.43,22.64,SUP0129,96,True
PROD003309,Bedsheet,Home & Kitchen,Pro,63387.8,26.32,SUP0379,16,True
PROD003310,Bluetooth Speaker,Electronics,Max,65430.67,20.18,SUP0212,66,True
PROD003311,Bedsheet,Home & Kitchen,Nova,3006.5,13.27,SUP0380,7,True
PROD003312,Backpack,Accessories,Nova,89497.54,0.64,SUP0473,54,True
PROD003313,Dry Fruits,Grocery,Pro,75856.71,14.38,SUP0207,10,True
PROD003314,Coffee,Grocery,Pro,74664.79,23.52,SUP0209,22,True
PROD003315,Cookware Set,Home & Kitchen,Prime,91501.92,26.49,SUP0477,71,True
PROD003316,Wheat Flour,Grocery,Max,9622.19,19.94,SUP0370,85,True
PROD003317,Laptop,Electronics,Elite,60799.62,26.12,SUP0214,19,True
PROD003318,Wireless Earbuds,Electronics,Max,74562.1,22.38,SUP0409,6,True
PROD003319,Business Book,Books,Urban,18629.42,16.81,SUP0405,33,True
PROD003320,Cookware Set,Home & Kitchen,Max,36995.16,16.05,SUP0134,60,True
PROD003321,Running Shoes,Sports,Value,22083.73,26.62,SUP0098,30,True
PROD003322,Wheat Flour,Grocery,Urban,11537.96,16.74,SUP0020,10,True
PROD003323,Dry Fruits,Grocery,Elite,17341.27,17.81,SUP0351,81,True
PROD003324,Smart Watch,Electronics,Max,31882.96,10.33,SUP0223,30,True
PROD003325,Formal Shirt,Fashion,Max,15968.78,2.19,SUP0038,18,True
PROD003326,Fiction Novel,Books,Max,97929.63,2.22,SUP0357,15,True
PROD003327,Dry Fruits,Grocery,Prime,39472.19,3.23,SUP0422,8,True
PROD003328,Bluetooth Speaker,Electronics,Max,22263.92,27.31,SUP0092,31,True
PROD003329,Tea,Grocery,Pro,60742.36,26.23,SUP0077,44,False
PROD003330,Face Wash,Beauty,Pro,61473.59,27.81,SUP0334,73,True
PROD003331,Rice,Grocery,Urban,85473.91,7.05,SUP0066,19,False
PROD003332,Wallet,Accessories,Nova,16547.21,25.81,SUP0436,18,True
PROD003333,T-Shirt,Fashion,Prime,94905.89,27.48,SUP0244,81,True
PROD003334,Rice,Grocery,Urban,65378.77,5.09,SUP0388,18,True
PROD003335,Air Fryer,Home & Kitchen,Pro,61514.32,20.75,SUP0248,56,True
PROD003336,Exam Preparation Book,Books,Pro,46659.49,11.81,SUP0375,97,True
PROD003337,Jacket,Fashion,Value,50282.61,20.07,SUP0069,53,True
PROD003338,T-Shirt,Fashion,Pro,81399.16,26.24,SUP0012,85,True
PROD003339,Cookware Set,Home & Kitchen,Urban,2884.05,27.51,SUP0337,49,True
PROD003340,Rice,Grocery,Urban,66497.96,0.23,SUP0033,51,True
PROD003341,Yoga Mat,Sports,Nova,76573.14,17.42,SUP0084,21,True
PROD003342,Exam Preparation Book,Books,Pro,81442.91,29.26,SUP0286,55,True
PROD003343,Water Bottle,Home & Kitchen,Urban,86423.13,16.43,SUP0114,9,True
PROD003344,Wheat Flour,Grocery,Prime,36054.5,9.82,SUP0376,62,True
PROD003345,Backpack,Accessories,Pro,49673.03,2.79,SUP0070,87,True
PROD003346,Bluetooth Speaker,Electronics,Pro,36429.69,5.05,SUP0463,8,True
PROD003347,Wheat Flour,Grocery,Value,62532.56,2.35,SUP0456,19,True
PROD003348,Backpack,Accessories,Nova,76643.43,19.4,SUP0178,13,True
PROD003349,Rice,Grocery,Max,36953.46,11.72,SUP0203,33,True
PROD003350,Dry Fruits,Grocery,Max,51645.92,22.9,SUP0081,68,True
PROD003351,Jacket,Fashion,Max,31059.03,17.42,SUP0410,47,True
PROD003352,Football,Sports,Pro,13762.09,24.68,SUP0197,26,True
PROD003353,Sunglasses,Accessories,Nova,75209.28,28.46,SUP0465,89,False
PROD003354,Tablet,Electronics,Prime,44783.55,20.75,SUP0435,59,True
PROD003355,Shampoo,Beauty,Nova,16799.19,5.91,SUP0067,70,True
PROD003356,Backpack,Accessories,Urban,15397.55,11.28,SUP0151,33,True
PROD003357,Moisturizer,Beauty,Prime,94088.94,6.85,SUP0494,99,True
PROD003358,Dumbbells,Sports,Value,43711.52,29.7,SUP0452,53,True
PROD003359,Perfume,Beauty,Nova,63386.47,3.31,SUP0481,13,True
PROD003360,Tea,Grocery,Pro,72794.57,22.86,SUP0467,52,True
PROD003361,Belt,Accessories,Urban,62772.81,19.62,SUP0106,67,True
PROD003362,Wallet,Accessories,Pro,22578.49,22.56,SUP0112,9,True
PROD003363,Fiction Novel,Books,Nova,38708.97,1.78,SUP0029,24,True
PROD003364,Cookware Set,Home & Kitchen,Urban,7166.64,18.73,SUP0281,67,False
PROD003365,Mixer Grinder,Home & Kitchen,Nova,52964.84,7.6,SUP0381,78,True
PROD003366,Storage Box,Home & Kitchen,Pro,44124.41,24.75,SUP0430,10,True
PROD003367,Cookware Set,Home & Kitchen,Value,65741.48,29.45,SUP0028,94,True
PROD003368,Sneakers,Fashion,Pro,59899.2,7.22,SUP0020,58,True
PROD003369,Mixer Grinder,Home & Kitchen,Pro,33300.58,17.34,SUP0459,68,True
PROD003370,Laptop,Electronics,Elite,46766.68,22.92,SUP0204,83,True
PROD003371,Cookware Set,Home & Kitchen,Nova,30934.55,21.16,SUP0054,40,True
PROD003372,Air Fryer,Home & Kitchen,Pro,77147.83,9.31,SUP0351,36,True
PROD003373,Programming Book,Books,Elite,8987.17,17.71,SUP0033,62,True
PROD003374,Belt,Accessories,Max,81366.75,10.42,SUP0256,39,True
PROD003375,Coffee,Grocery,Urban,4257.62,20.11,SUP0142,100,False
PROD003376,Running Shoes,Sports,Max,80916.41,15.72,SUP0176,71,True
PROD003377,Backpack,Accessories,Nova,66412.58,0.76,SUP0467,56,False
PROD003378,Shampoo,Beauty,Pro,19942.0,26.57,SUP0133,45,True
PROD003379,Fiction Novel,Books,Prime,52343.84,15.3,SUP0357,48,True
PROD003380,Bluetooth Speaker,Electronics,Nova,12544.57,14.06,SUP0315,100,True
PROD003381,Bluetooth Speaker,Electronics,Pro,81199.98,14.74,SUP0010,24,True
PROD003382,Programming Book,Books,Urban,30473.29,5.25,SUP0386,75,True
PROD003383,Cricket Bat,Sports,Prime,88838.07,18.17,SUP0020,86,True
PROD003384,Phone Case,Accessories,Urban,91260.36,4.12,SUP0376,95,True
PROD003385,Data Science Book,Books,Nova,75106.33,18.53,SUP0498,73,True
PROD003386,Data Science Book,Books,Max,52913.91,25.5,SUP0429,62,True
PROD003387,Jeans,Fashion,Pro,99713.88,18.47,SUP0212,77,True
PROD003388,Bedsheet,Home & Kitchen,Urban,70849.56,9.72,SUP0299,76,True
PROD003389,Smartphone,Electronics,Pro,12999.83,0.96,SUP0241,17,True
PROD003390,Cooking Oil,Grocery,Nova,40425.22,10.61,SUP0336,13,True
PROD003391,Coffee,Grocery,Urban,29539.93,2.87,SUP0255,82,True
PROD003392,Dumbbells,Sports,Prime,49783.64,13.21,SUP0012,90,True
PROD003393,Cricket Bat,Sports,Pro,32924.8,20.66,SUP0039,78,True
PROD003394,Football,Sports,Urban,11488.29,21.01,SUP0174,74,True
PROD003395,Coffee,Grocery,Elite,18521.8,3.08,SUP0194,55,True
PROD003396,Exam Preparation Book,Books,Nova,49263.33,12.8,SUP0201,69,True
PROD003397,Jeans,Fashion,Nova,32831.58,15.53,SUP0338,72,True
PROD003398,Bluetooth Speaker,Electronics,Max,45720.74,21.7,SUP0099,54,True
PROD003399,Wallet,Accessories,Elite,23773.76,9.72,SUP0105,61,True
PROD003400,Bluetooth Speaker,Electronics,Max,2721.25,19.81,SUP0138,13,True
PROD003401,Rice,Grocery,Pro,17800.36,27.02,SUP0322,10,True
PROD003402,Backpack,Accessories,Nova,86523.31,12.46,SUP0141,96,True
PROD003403,Face Wash,Beauty,Value,30321.25,22.79,SUP0132,18,True
PROD003404,Mixer Grinder,Home & Kitchen,Pro,71023.93,8.0,SUP0167,16,True
PROD003405,Face Wash,Beauty,Pro,67823.0,27.75,SUP0024,32,True
PROD003406,Tea,Grocery,Nova,27415.8,22.51,SUP0461,36,True
PROD003407,Rice,Grocery,Elite,76824.9,1.79,SUP0111,93,True
PROD003408,T-Shirt,Fashion,Urban,61559.45,26.85,SUP0038,50,True
PROD003409,Wireless Earbuds,Electronics,Prime,6481.58,22.96,SUP0353,81,True
PROD003410,Cookware Set,Home & Kitchen,Nova,30161.18,4.69,SUP0321,45,True
PROD003411,Bluetooth Speaker,Electronics,Elite,76038.98,7.18,SUP0283,96,True
PROD003412,Sunscreen,Beauty,Pro,3812.09,14.83,SUP0331,98,True
PROD003413,Cookware Set,Home & Kitchen,Prime,93584.93,24.2,SUP0485,43,True
PROD003414,Fiction Novel,Books,Elite,78988.12,25.77,SUP0092,45,True
PROD003415,Rice,Grocery,Urban,37056.34,25.17,SUP0220,13,True
PROD003416,Sunglasses,Accessories,Nova,27536.27,1.63,SUP0412,13,True
PROD003417,Water Bottle,Home & Kitchen,Max,77450.64,10.19,SUP0090,23,True
PROD003418,Sunglasses,Accessories,Max,81507.12,11.27,SUP0446,20,True
PROD003419,Sunscreen,Beauty,Urban,66848.38,19.31,SUP0486,68,True
PROD003420,Football,Sports,Urban,29764.77,1.8,SUP0173,86,True
PROD003421,Water Bottle,Home & Kitchen,Elite,30775.76,18.1,SUP0260,42,True
PROD003422,Football,Sports,Max,55543.49,13.97,SUP0351,9,True
PROD003423,Face Wash,Beauty,Pro,71550.51,21.86,SUP0122,35,True
PROD003424,Perfume,Beauty,Prime,82561.47,17.8,SUP0121,67,True
PROD003425,Perfume,Beauty,Max,53233.11,10.74,SUP0488,19,True
PROD003426,Wireless Earbuds,Electronics,Elite,29453.74,3.08,SUP0268,8,True
PROD003427,Phone Case,Accessories,Elite,76511.12,26.53,SUP0346,8,True
PROD003428,Air Fryer,Home & Kitchen,Elite,11740.07,19.68,SUP0443,11,True
PROD003429,Tablet,Electronics,Urban,30927.25,16.28,SUP0383,38,True
PROD003430,Moisturizer,Beauty,Elite,58957.98,29.01,SUP0267,67,True
PROD003431,Mixer Grinder,Home & Kitchen,Urban,58934.58,5.16,SUP0359,30,True
PROD003432,Cookware Set,Home & Kitchen,Max,75683.77,23.61,SUP0457,41,True
PROD003433,Bedsheet,Home & Kitchen,Elite,82852.59,10.13,SUP0460,36,True
PROD003434,Belt,Accessories,Value,74904.46,12.67,SUP0328,5,True
PROD003435,Wheat Flour,Grocery,Urban,35149.09,16.19,SUP0406,54,True
PROD003436,Wallet,Accessories,Pro,27917.8,18.5,SUP0295,78,True
PROD003437,Yoga Mat,Sports,Value,3029.76,13.9,SUP0333,9,True
PROD003438,Sneakers,Fashion,Urban,91555.62,19.08,SUP0202,38,True
PROD003439,Cooking Oil,Grocery,Prime,9049.63,17.14,SUP0130,56,True
PROD003440,Air Fryer,Home & Kitchen,Pro,51595.8,13.78,SUP0447,91,True
PROD003441,Sunglasses,Accessories,Value,85108.08,8.39,SUP0469,15,True
PROD003442,Yoga Mat,Sports,Value,16309.89,25.32,SUP0072,80,True
PROD003443,Yoga Mat,Sports,Elite,23125.41,19.97,SUP0114,32,True
PROD003444,Air Fryer,Home & Kitchen,Value,72403.4,17.58,SUP0349,27,True
PROD003445,Cricket Bat,Sports,Elite,98029.75,13.63,SUP0165,68,True
PROD003446,Fiction Novel,Books,Pro,3971.86,17.24,SUP0444,70,True
PROD003447,Football,Sports,Prime,78750.97,10.22,SUP0395,94,True
PROD003448,Air Fryer,Home & Kitchen,Elite,31608.65,10.71,SUP0396,17,True
PROD003449,Rice,Grocery,Max,87027.82,29.88,SUP0230,77,True
PROD003450,Dumbbells,Sports,Urban,21281.28,12.41,SUP0494,80,False
PROD003451,Programming Book,Books,Pro,91346.08,19.49,SUP0086,66,True
PROD003452,Exam Preparation Book,Books,Urban,57486.09,26.86,SUP0197,96,True
PROD003453,Smart Watch,Electronics,Urban,36997.36,15.5,SUP0397,19,True
PROD003454,Programming Book,Books,Urban,9813.24,20.37,SUP0435,61,True
PROD003455,Shampoo,Beauty,Urban,39221.9,8.6,SUP0352,53,True
PROD003456,Phone Case,Accessories,Prime,26670.57,24.81,SUP0400,66,True
PROD003457,Data Science Book,Books,Elite,46299.76,24.02,SUP0350,8,True
PROD003458,Sunscreen,Beauty,Prime,39745.21,25.28,SUP0458,62,True
PROD003459,Programming Book,Books,Elite,2945.41,2.03,SUP0491,94,True
PROD003460,Cooking Oil,Grocery,Elite,60767.19,16.75,SUP0300,52,True
PROD003461,Bedsheet,Home & Kitchen,Urban,1984.88,22.72,SUP0389,53,True
PROD003462,Jacket,Fashion,Value,19038.22,6.64,SUP0171,91,True
PROD003463,Perfume,Beauty,Value,65458.41,21.62,SUP0059,90,True
PROD003464,Laptop,Electronics,Urban,6315.75,21.62,SUP0164,33,True
PROD003465,Smartphone,Electronics,Nova,53393.18,2.62,SUP0070,41,True
PROD003466,Backpack,Accessories,Nova,10061.5,18.25,SUP0360,77,True
PROD003467,Backpack,Accessories,Elite,54688.23,24.12,SUP0144,58,True
PROD003468,Wallet,Accessories,Value,28287.77,19.93,SUP0053,69,True
PROD003469,Rice,Grocery,Value,71957.13,28.46,SUP0319,9,True
PROD003470,Dumbbells,Sports,Pro,81916.28,8.75,SUP0077,26,True
PROD003471,Rice,Grocery,Prime,13226.73,11.27,SUP0011,60,True
PROD003472,Perfume,Beauty,Pro,51558.77,0.74,SUP0379,27,True
PROD003473,Tea,Grocery,Value,16651.43,6.59,SUP0240,75,True
PROD003474,Bluetooth Speaker,Electronics,Prime,45734.87,13.44,SUP0049,35,True
PROD003475,Bluetooth Speaker,Electronics,Prime,6699.05,12.18,SUP0202,38,True
PROD003476,Air Fryer,Home & Kitchen,Max,6185.8,8.07,SUP0376,74,False
PROD003477,Perfume,Beauty,Urban,33068.24,15.84,SUP0500,55,True
PROD003478,Tablet,Electronics,Prime,12846.03,1.62,SUP0304,92,True
PROD003479,Football,Sports,Pro,25199.65,12.13,SUP0411,64,True
PROD003480,Bluetooth Speaker,Electronics,Max,48758.72,21.73,SUP0068,31,True
PROD003481,Bluetooth Speaker,Electronics,Urban,52675.45,27.44,SUP0193,99,True
PROD003482,Water Bottle,Home & Kitchen,Max,99110.45,29.35,SUP0441,14,True
PROD003483,Sunscreen,Beauty,Urban,12441.93,11.88,SUP0351,97,True
PROD003484,Wallet,Accessories,Elite,23803.92,14.25,SUP0494,12,True
PROD003485,Cookware Set,Home & Kitchen,Pro,67399.86,13.75,SUP0212,32,True
PROD003486,Shampoo,Beauty,Max,3477.68,6.3,SUP0058,60,True
PROD003487,Tablet,Electronics,Elite,44886.91,9.47,SUP0466,76,True
PROD003488,Kurta,Fashion,Prime,16298.29,24.86,SUP0285,33,True
PROD003489,Moisturizer,Beauty,Prime,12117.52,1.54,SUP0340,36,True
PROD003490,Tablet,Electronics,Elite,62202.79,8.9,SUP0278,39,True
PROD003491,Football,Sports,Elite,56905.93,20.41,SUP0051,17,True
PROD003492,Air Fryer,Home & Kitchen,Value,19493.15,0.35,SUP0454,5,True
PROD003493,Smart Watch,Electronics,Pro,49373.27,1.43,SUP0067,70,True
PROD003494,Wheat Flour,Grocery,Pro,95828.56,22.97,SUP0175,73,True
PROD003495,Water Bottle,Home & Kitchen,Elite,1525.7,2.61,SUP0021,54,True
PROD003496,Cooking Oil,Grocery,Nova,4651.06,17.75,SUP0077,82,True
PROD003497,Bluetooth Speaker,Electronics,Max,35391.14,12.01,SUP0013,68,True
PROD003498,Cookware Set,Home & Kitchen,Value,87956.09,2.23,SUP0402,50,True
PROD003499,Smartphone,Electronics,Prime,81054.55,21.75,SUP0066,100,True
PROD003500,Backpack,Accessories,Max,46588.43,0.91,SUP0349,54,True
PROD003501,Smart Watch,Electronics,Value,56060.61,17.81,SUP0327,50,True
PROD003502,Formal Shirt,Fashion,Max,69775.15,10.23,SUP0322,97,True
PROD003503,Sunglasses,Accessories,Value,77627.27,20.76,SUP0168,6,True
PROD003504,Dry Fruits,Grocery,Nova,18766.26,25.77,SUP0186,67,True
PROD003505,Business Book,Books,Value,98177.93,25.36,SUP0028,55,True
PROD003506,T-Shirt,Fashion,Urban,58092.83,21.09,SUP0029,92,True
PROD003507,Mixer Grinder,Home & Kitchen,Pro,95933.87,11.61,SUP0141,76,True
PROD003508,Wallet,Accessories,Prime,59195.83,8.54,SUP0211,44,True
PROD003509,Rice,Grocery,Prime,62471.07,1.65,SUP0039,76,True
PROD003510,Storage Box,Home & Kitchen,Elite,79115.41,22.64,SUP0208,87,True
PROD003511,Mixer Grinder,Home & Kitchen,Value,11513.11,11.75,SUP0048,26,True
PROD003512,Tablet,Electronics,Elite,84894.46,2.66,SUP0177,81,True
PROD003513,Tablet,Electronics,Prime,66479.79,27.12,SUP0450,89,True
PROD003514,Dry Fruits,Grocery,Pro,84166.52,20.53,SUP0357,18,True
PROD003515,Football,Sports,Nova,48465.48,13.98,SUP0055,65,True
PROD003516,Bluetooth Speaker,Electronics,Value,78861.77,13.64,SUP0488,62,True
PROD003517,Sneakers,Fashion,Prime,2321.45,0.59,SUP0292,73,True
PROD003518,Bluetooth Speaker,Electronics,Elite,67415.59,21.5,SUP0412,72,True
PROD003519,Laptop,Electronics,Urban,55179.06,8.2,SUP0499,74,True
PROD003520,Backpack,Accessories,Pro,98735.3,14.76,SUP0296,90,True
PROD003521,Sneakers,Fashion,Urban,73767.59,28.32,SUP0210,84,True
PROD003522,Sunscreen,Beauty,Pro,986.89,23.17,SUP0065,85,True
PROD003523,Bluetooth Speaker,Electronics,Elite,69672.5,20.04,SUP0125,97,True
PROD003524,Data Science Book,Books,Max,73378.03,1.31,SUP0079,45,True
PROD003525,Sunscreen,Beauty,Prime,63600.12,18.89,SUP0467,69,True
PROD003526,Air Fryer,Home & Kitchen,Nova,99421.87,14.12,SUP0201,49,True
PROD003527,Wheat Flour,Grocery,Max,54528.98,17.21,SUP0108,98,True
PROD003528,Yoga Mat,Sports,Nova,34773.41,4.11,SUP0282,6,True
PROD003529,Cookware Set,Home & Kitchen,Urban,99053.14,1.05,SUP0360,60,True
PROD003530,Cricket Bat,Sports,Max,28124.19,9.48,SUP0232,41,True
PROD003531,Dry Fruits,Grocery,Urban,50190.09,7.66,SUP0430,57,True
PROD003532,Air Fryer,Home & Kitchen,Max,71509.8,28.36,SUP0151,41,False
PROD003533,Belt,Accessories,Elite,18038.8,1.89,SUP0141,67,True
PROD003534,Mixer Grinder,Home & Kitchen,Urban,98830.26,26.52,SUP0287,49,True
PROD003535,Shampoo,Beauty,Prime,51892.13,16.74,SUP0402,38,True
PROD003536,Business Book,Books,Elite,62748.2,14.12,SUP0085,66,True
PROD003537,Dumbbells,Sports,Urban,73540.18,7.09,SUP0110,28,True
PROD003538,Sunglasses,Accessories,Nova,20732.56,13.67,SUP0306,10,True
PROD003539,Jeans,Fashion,Nova,8197.98,19.9,SUP0155,29,True
PROD003540,Wheat Flour,Grocery,Nova,52772.39,11.79,SUP0426,21,True
PROD003541,Sunscreen,Beauty,Elite,16217.08,0.3,SUP0430,75,True
PROD003542,Perfume,Beauty,Prime,30614.29,16.55,SUP0347,33,True
PROD003543,Yoga Mat,Sports,Urban,23841.97,2.26,SUP0003,70,True
PROD003544,Football,Sports,Prime,26409.54,20.61,SUP0416,45,True
PROD003545,Phone Case,Accessories,Value,37574.4,28.72,SUP0307,78,True
PROD003546,Rice,Grocery,Nova,48242.03,15.82,SUP0076,22,True
PROD003547,Perfume,Beauty,Max,45351.07,4.66,SUP0348,94,True
PROD003548,Sunglasses,Accessories,Nova,14623.48,0.9,SUP0082,79,False
PROD003549,Kurta,Fashion,Pro,79674.1,0.12,SUP0010,7,True
PROD003550,Data Science Book,Books,Max,19636.61,2.33,SUP0401,23,True
PROD003551,Storage Box,Home & Kitchen,Prime,82943.62,12.5,SUP0205,18,True
PROD003552,Sunscreen,Beauty,Urban,2164.64,24.81,SUP0209,22,False
PROD003553,Jeans,Fashion,Max,68764.31,21.4,SUP0111,25,True
PROD003554,Sunglasses,Accessories,Urban,60967.82,28.49,SUP0170,84,True
PROD003555,Storage Box,Home & Kitchen,Pro,55493.7,12.3,SUP0376,8,True
PROD003556,Moisturizer,Beauty,Prime,15269.6,16.78,SUP0111,36,True
PROD003557,Smartphone,Electronics,Urban,78905.71,14.95,SUP0032,24,True
PROD003558,Cookware Set,Home & Kitchen,Prime,27493.81,12.53,SUP0435,76,True
PROD003559,Sunscreen,Beauty,Max,90439.07,20.88,SUP0018,82,True
PROD003560,Storage Box,Home & Kitchen,Pro,48544.99,28.63,SUP0385,72,True
PROD003561,Data Science Book,Books,Urban,73225.93,10.78,SUP0449,96,True
PROD003562,Wireless Earbuds,Electronics,Pro,72450.25,17.84,SUP0251,90,True
PROD003563,Jeans,Fashion,Nova,95505.9,24.2,SUP0127,94,True
PROD003564,Fiction Novel,Books,Elite,80615.52,4.21,SUP0289,81,True
PROD003565,Perfume,Beauty,Value,63400.27,15.96,SUP0357,35,False
PROD003566,Cooking Oil,Grocery,Elite,45753.25,26.14,SUP0076,37,True
PROD003567,Cookware Set,Home & Kitchen,Max,72838.21,15.54,SUP0193,33,True
PROD003568,Perfume,Beauty,Nova,65977.17,13.95,SUP0044,72,False
PROD003569,T-Shirt,Fashion,Prime,28860.69,18.28,SUP0495,16,True
PROD003570,Programming Book,Books,Urban,19390.43,28.52,SUP0425,94,True
PROD003571,Programming Book,Books,Pro,31193.78,6.46,SUP0087,35,True
PROD003572,Sunscreen,Beauty,Pro,16301.01,10.42,SUP0344,85,True
PROD003573,Sneakers,Fashion,Prime,1686.14,5.15,SUP0060,35,True
PROD003574,Running Shoes,Sports,Prime,97837.1,9.43,SUP0425,45,True
PROD003575,Cricket Bat,Sports,Elite,6303.54,12.43,SUP0194,95,True
PROD003576,Smartphone,Electronics,Prime,26791.88,10.0,SUP0456,36,True
PROD003577,Business Book,Books,Urban,94427.55,25.95,SUP0021,95,True
PROD003578,Storage Box,Home & Kitchen,Max,39723.58,13.3,SUP0377,5,True
PROD003579,Moisturizer,Beauty,Nova,26959.34,6.78,SUP0401,21,True
PROD003580,Shampoo,Beauty,Value,13562.8,12.7,SUP0114,80,True
PROD003581,Bluetooth Speaker,Electronics,Urban,59900.3,11.5,SUP0041,54,True
PROD003582,Backpack,Accessories,Value,44856.99,1.68,SUP0082,82,True
PROD003583,Bedsheet,Home & Kitchen,Nova,4450.67,1.56,SUP0114,18,True
PROD003584,Tablet,Electronics,Pro,3575.09,20.25,SUP0397,27,True
PROD003585,Moisturizer,Beauty,Nova,23721.19,16.92,SUP0371,6,True
PROD003586,Bedsheet,Home & Kitchen,Value,16935.71,2.5,SUP0263,100,True
PROD003587,Sunscreen,Beauty,Nova,3374.04,21.42,SUP0300,59,True
PROD003588,Exam Preparation Book,Books,Max,90956.84,15.78,SUP0258,35,True
PROD003589,Sneakers,Fashion,Pro,6199.55,19.49,SUP0162,70,False
PROD003590,Face Wash,Beauty,Elite,25831.85,18.19,SUP0108,10,True
PROD003591,Smart Watch,Electronics,Elite,61555.84,23.63,SUP0233,53,True
PROD003592,Phone Case,Accessories,Elite,25138.14,0.31,SUP0284,77,True
PROD003593,Air Fryer,Home & Kitchen,Pro,86179.12,13.04,SUP0333,53,True
PROD003594,Perfume,Beauty,Max,69200.1,9.98,SUP0231,71,True
PROD003595,Dry Fruits,Grocery,Max,39059.83,13.0,SUP0033,90,True
PROD003596,Tea,Grocery,Elite,76448.14,9.36,SUP0379,23,True
PROD003597,Yoga Mat,Sports,Nova,17105.3,16.04,SUP0395,86,True
PROD003598,T-Shirt,Fashion,Elite,5210.72,26.59,SUP0385,83,True
PROD003599,Bluetooth Speaker,Electronics,Pro,98453.89,9.37,SUP0199,46,True
PROD003600,Yoga Mat,Sports,Pro,12036.31,1.84,SUP0260,94,True
PROD003601,Bluetooth Speaker,Electronics,Max,59991.06,16.85,SUP0193,24,True
PROD003602,Storage Box,Home & Kitchen,Elite,30517.9,23.86,SUP0057,22,False
PROD003603,Rice,Grocery,Nova,88576.46,2.18,SUP0404,9,True
PROD003604,Exam Preparation Book,Books,Elite,99708.58,10.98,SUP0215,23,True
PROD003605,Coffee,Grocery,Value,2588.02,29.7,SUP0386,22,True
PROD003606,Exam Preparation Book,Books,Pro,63923.1,1.48,SUP0385,87,True
PROD003607,Dry Fruits,Grocery,Prime,19283.94,4.7,SUP0476,54,True
PROD003608,Business Book,Books,Urban,16220.43,13.08,SUP0341,12,True
PROD003609,Coffee,Grocery,Value,84997.26,18.36,SUP0396,71,True
PROD003610,Moisturizer,Beauty,Prime,14432.03,18.42,SUP0006,42,True
PROD003611,Dry Fruits,Grocery,Max,74398.59,19.56,SUP0291,49,True
PROD003612,Shampoo,Beauty,Pro,23957.8,29.81,SUP0164,86,True
PROD003613,Water Bottle,Home & Kitchen,Urban,41987.25,21.45,SUP0370,23,True
PROD003614,Yoga Mat,Sports,Elite,24722.33,5.27,SUP0133,99,True
PROD003615,T-Shirt,Fashion,Value,59930.67,20.79,SUP0099,40,True
PROD003616,Yoga Mat,Sports,Nova,78802.65,9.83,SUP0326,93,True
PROD003617,Tablet,Electronics,Nova,11445.15,3.04,SUP0467,60,True
PROD003618,Air Fryer,Home & Kitchen,Urban,72484.64,2.25,SUP0202,78,True
PROD003619,Sunscreen,Beauty,Prime,89994.68,21.22,SUP0390,27,True
PROD003620,Smart Watch,Electronics,Urban,35970.89,2.78,SUP0001,46,True
PROD003621,Tea,Grocery,Pro,5053.46,25.9,SUP0330,86,True
PROD003622,Rice,Grocery,Elite,36301.39,25.97,SUP0260,85,True
PROD003623,Bedsheet,Home & Kitchen,Nova,86913.73,23.93,SUP0111,31,True
PROD003624,Formal Shirt,Fashion,Prime,39031.08,5.87,SUP0227,69,True
PROD003625,Kurta,Fashion,Nova,14902.46,13.64,SUP0377,93,True
PROD003626,Rice,Grocery,Urban,74598.55,7.92,SUP0444,61,True
PROD003627,Bedsheet,Home & Kitchen,Prime,90832.25,16.75,SUP0055,85,True
PROD003628,Yoga Mat,Sports,Nova,60846.03,20.96,SUP0351,70,True
PROD003629,Phone Case,Accessories,Pro,40093.06,7.03,SUP0312,17,True
PROD003630,Rice,Grocery,Elite,25992.33,24.05,SUP0132,26,True
PROD003631,Running Shoes,Sports,Nova,11733.35,13.4,SUP0208,36,True
PROD003632,Tea,Grocery,Value,95849.86,4.23,SUP0113,44,True
PROD003633,Yoga Mat,Sports,Pro,73637.37,3.16,SUP0334,53,True
PROD003634,Water Bottle,Home & Kitchen,Pro,60966.29,16.92,SUP0436,5,True
PROD003635,Tea,Grocery,Value,33253.26,25.99,SUP0493,35,True
PROD003636,Phone Case,Accessories,Elite,12778.94,5.7,SUP0415,83,True
PROD003637,Face Wash,Beauty,Elite,70831.79,22.94,SUP0267,30,True
PROD003638,Laptop,Electronics,Prime,45451.7,10.11,SUP0149,44,True
PROD003639,Phone Case,Accessories,Urban,21336.42,18.91,SUP0374,41,True
PROD003640,Bluetooth Speaker,Electronics,Pro,55607.83,8.11,SUP0255,83,True
PROD003641,Data Science Book,Books,Elite,1897.4,7.61,SUP0165,8,True
PROD003642,Mixer Grinder,Home & Kitchen,Elite,18906.16,24.73,SUP0446,21,True
PROD003643,Phone Case,Accessories,Max,88809.34,25.95,SUP0487,88,True
PROD003644,Sneakers,Fashion,Elite,59295.83,3.44,SUP0080,44,True
PROD003645,Storage Box,Home & Kitchen,Elite,72599.85,21.24,SUP0054,66,True
PROD003646,Laptop,Electronics,Prime,57193.35,29.4,SUP0125,31,True
PROD003647,Cricket Bat,Sports,Max,75586.6,5.0,SUP0112,15,False
PROD003648,Wireless Earbuds,Electronics,Pro,85174.51,27.03,SUP0174,62,False
PROD003649,Formal Shirt,Fashion,Elite,25352.21,20.44,SUP0162,33,True
PROD003650,Yoga Mat,Sports,Elite,26278.17,6.52,SUP0146,19,True
PROD003651,Belt,Accessories,Value,16549.96,2.49,SUP0114,42,True
PROD003652,Phone Case,Accessories,Elite,39657.46,23.56,SUP0007,21,True
PROD003653,Wallet,Accessories,Value,46845.04,17.45,SUP0033,48,True
PROD003654,Sneakers,Fashion,Elite,93275.23,17.49,SUP0147,34,True
PROD003655,Dumbbells,Sports,Value,49408.69,25.25,SUP0459,62,True
PROD003656,Face Wash,Beauty,Nova,99782.22,26.13,SUP0108,61,True
PROD003657,Dumbbells,Sports,Prime,18907.15,10.71,SUP0418,25,True
PROD003658,Kurta,Fashion,Urban,8080.51,11.49,SUP0290,91,True
PROD003659,Jacket,Fashion,Urban,61558.49,1.61,SUP0082,61,True
PROD003660,Air Fryer,Home & Kitchen,Nova,70818.92,3.99,SUP0476,81,True
PROD003661,Mixer Grinder,Home & Kitchen,Elite,19454.0,28.51,SUP0137,63,True
PROD003662,Smart Watch,Electronics,Urban,25968.44,9.02,SUP0388,55,True
PROD003663,Fiction Novel,Books,Elite,72851.7,28.42,SUP0154,94,True
PROD003664,Smartphone,Electronics,Elite,40303.27,9.23,SUP0302,15,True
PROD003665,Dumbbells,Sports,Max,41884.47,29.8,SUP0267,28,True
PROD003666,Air Fryer,Home & Kitchen,Elite,22784.4,8.57,SUP0444,37,True
PROD003667,Jeans,Fashion,Urban,56409.13,9.17,SUP0268,49,True
PROD003668,Sunscreen,Beauty,Urban,29973.36,2.86,SUP0007,99,True
PROD003669,Storage Box,Home & Kitchen,Max,87036.53,22.29,SUP0279,62,True
PROD003670,Moisturizer,Beauty,Prime,82763.96,0.91,SUP0290,14,False
PROD003671,Shampoo,Beauty,Pro,11023.89,1.76,SUP0437,49,True
PROD003672,T-Shirt,Fashion,Elite,11038.56,25.77,SUP0246,73,True
PROD003673,Bedsheet,Home & Kitchen,Prime,69573.05,27.59,SUP0369,69,True
PROD003674,Wallet,Accessories,Nova,23313.49,19.55,SUP0232,6,True
PROD003675,Business Book,Books,Urban,90131.51,27.57,SUP0076,74,True
PROD003676,Business Book,Books,Nova,52799.11,29.14,SUP0144,60,True
PROD003677,Wheat Flour,Grocery,Elite,92678.41,6.02,SUP0466,88,True
PROD003678,Exam Preparation Book,Books,Elite,80214.79,11.54,SUP0485,66,True
PROD003679,Smart Watch,Electronics,Pro,33743.94,26.66,SUP0113,46,True
PROD003680,Tablet,Electronics,Pro,32723.76,29.79,SUP0224,81,True
PROD003681,Football,Sports,Urban,87835.17,9.1,SUP0268,34,True
PROD003682,Air Fryer,Home & Kitchen,Prime,76158.29,12.26,SUP0059,45,True
PROD003683,Mixer Grinder,Home & Kitchen,Prime,27798.91,8.45,SUP0420,8,True
PROD003684,Coffee,Grocery,Prime,42720.11,14.83,SUP0365,27,True
PROD003685,Phone Case,Accessories,Urban,92873.35,26.09,SUP0253,35,True
PROD003686,Tea,Grocery,Max,114.86,2.19,SUP0140,87,True
PROD003687,Tablet,Electronics,Nova,92036.83,2.01,SUP0374,87,True
PROD003688,Mixer Grinder,Home & Kitchen,Urban,3041.56,1.78,SUP0477,12,True
PROD003689,Bluetooth Speaker,Electronics,Prime,61656.73,0.82,SUP0207,14,True
PROD003690,Sneakers,Fashion,Urban,23166.57,2.75,SUP0347,28,True
PROD003691,Rice,Grocery,Max,55155.41,0.87,SUP0354,67,True
PROD003692,Wheat Flour,Grocery,Pro,51155.0,7.17,SUP0208,30,True
PROD003693,Wheat Flour,Grocery,Prime,40033.44,29.04,SUP0085,22,True
PROD003694,Wheat Flour,Grocery,Max,82586.97,14.63,SUP0309,18,True
PROD003695,Cooking Oil,Grocery,Nova,52506.53,18.64,SUP0148,60,True
PROD003696,Wireless Earbuds,Electronics,Prime,67702.74,24.1,SUP0458,98,True
PROD003697,Backpack,Accessories,Pro,18219.88,4.72,SUP0283,33,True
PROD003698,Belt,Accessories,Prime,39498.54,12.81,SUP0175,21,True
PROD003699,Wireless Earbuds,Electronics,Urban,45155.59,19.77,SUP0232,67,True
PROD003700,Wireless Earbuds,Electronics,Value,94468.13,12.15,SUP0173,59,True
PROD003701,Dumbbells,Sports,Elite,83204.82,8.69,SUP0253,59,True
PROD003702,Storage Box,Home & Kitchen,Prime,80226.73,20.03,SUP0029,97,True
PROD003703,Storage Box,Home & Kitchen,Elite,20545.84,16.6,SUP0435,25,True
PROD003704,Football,Sports,Max,99754.21,23.98,SUP0153,65,True
PROD003705,Exam Preparation Book,Books,Nova,1526.28,29.98,SUP0312,74,True
PROD003706,Sunscreen,Beauty,Pro,25115.29,14.15,SUP0446,80,True
PROD003707,Jacket,Fashion,Elite,92081.42,17.17,SUP0068,21,True
PROD003708,Sunscreen,Beauty,Urban,62224.15,15.19,SUP0055,69,True
PROD003709,Rice,Grocery,Nova,38869.0,19.82,SUP0220,96,True
PROD003710,Laptop,Electronics,Value,70805.73,10.72,SUP0026,76,True
PROD003711,Yoga Mat,Sports,Pro,8551.06,19.15,SUP0425,100,True
PROD003712,Sunglasses,Accessories,Nova,8246.74,7.79,SUP0185,74,True
PROD003713,Laptop,Electronics,Elite,28248.84,2.09,SUP0336,60,True
PROD003714,Formal Shirt,Fashion,Nova,7001.8,27.26,SUP0403,13,True
PROD003715,Football,Sports,Urban,3046.02,19.68,SUP0153,35,True
PROD003716,Jacket,Fashion,Max,64508.63,8.82,SUP0497,58,True
PROD003717,Wireless Earbuds,Electronics,Pro,62780.69,29.52,SUP0361,65,True
PROD003718,Perfume,Beauty,Elite,87400.87,2.53,SUP0344,93,True
PROD003719,Water Bottle,Home & Kitchen,Max,18642.83,14.33,SUP0455,50,True
PROD003720,Cricket Bat,Sports,Max,73374.49,11.2,SUP0061,33,True
PROD003721,Smartphone,Electronics,Nova,97825.11,28.25,SUP0372,14,True
PROD003722,Dry Fruits,Grocery,Elite,36457.43,14.02,SUP0304,80,True
PROD003723,Storage Box,Home & Kitchen,Max,88740.29,25.2,SUP0004,77,True
PROD003724,Laptop,Electronics,Prime,55586.3,24.8,SUP0462,80,True
PROD003725,Smartphone,Electronics,Max,22140.35,8.84,SUP0191,60,True
PROD003726,Cricket Bat,Sports,Max,81891.24,0.91,SUP0083,6,True
PROD003727,Sneakers,Fashion,Max,48818.51,1.95,SUP0127,56,True
PROD003728,Jacket,Fashion,Max,90798.38,18.42,SUP0036,18,True
PROD003729,Smart Watch,Electronics,Pro,62973.98,18.54,SUP0104,29,True
PROD003730,Wallet,Accessories,Urban,59071.27,7.15,SUP0110,89,True
PROD003731,Data Science Book,Books,Prime,6861.73,0.67,SUP0086,87,True
PROD003732,Air Fryer,Home & Kitchen,Nova,76184.83,9.2,SUP0422,61,True
PROD003733,Cricket Bat,Sports,Urban,6308.23,8.32,SUP0299,46,True
PROD003734,Jeans,Fashion,Elite,23442.71,19.34,SUP0082,11,True
PROD003735,Programming Book,Books,Nova,2312.96,8.17,SUP0017,10,True
PROD003736,Bedsheet,Home & Kitchen,Elite,70311.48,7.4,SUP0492,65,True
PROD003737,Sunglasses,Accessories,Urban,8644.37,8.74,SUP0367,59,True
PROD003738,Perfume,Beauty,Urban,77671.34,10.65,SUP0106,95,True
PROD003739,Water Bottle,Home & Kitchen,Prime,15082.04,1.48,SUP0186,93,True
PROD003740,Bluetooth Speaker,Electronics,Urban,23600.81,23.6,SUP0409,79,True
PROD003741,Wireless Earbuds,Electronics,Value,50923.69,23.48,SUP0107,86,True
PROD003742,Backpack,Accessories,Nova,58429.84,16.25,SUP0303,32,True
PROD003743,Wallet,Accessories,Prime,37482.61,26.61,SUP0134,31,True
PROD003744,Cooking Oil,Grocery,Elite,77955.67,14.02,SUP0325,89,True
PROD003745,Wheat Flour,Grocery,Pro,87063.31,14.07,SUP0405,20,True
PROD003746,Rice,Grocery,Nova,76194.77,26.97,SUP0353,44,True
PROD003747,Wireless Earbuds,Electronics,Pro,10507.39,18.48,SUP0331,13,True
PROD003748,Kurta,Fashion,Pro,41073.31,24.4,SUP0366,24,True
PROD003749,Formal Shirt,Fashion,Nova,87658.3,13.34,SUP0231,74,True
PROD003750,Bluetooth Speaker,Electronics,Max,29716.18,24.26,SUP0288,53,True
PROD003751,Cookware Set,Home & Kitchen,Urban,15034.65,23.26,SUP0410,62,True
PROD003752,Kurta,Fashion,Elite,94020.38,15.61,SUP0369,74,True
PROD003753,Phone Case,Accessories,Nova,44169.44,24.46,SUP0437,90,True
PROD003754,Phone Case,Accessories,Value,70613.4,13.3,SUP0317,74,True
PROD003755,Formal Shirt,Fashion,Value,76828.24,1.51,SUP0381,70,True
PROD003756,Water Bottle,Home & Kitchen,Max,4475.49,16.67,SUP0409,79,True
PROD003757,Football,Sports,Max,91176.52,11.24,SUP0352,65,True
PROD003758,Coffee,Grocery,Elite,77489.75,12.01,SUP0209,41,True
PROD003759,Programming Book,Books,Urban,75418.45,17.29,SUP0420,76,False
PROD003760,Yoga Mat,Sports,Elite,90834.53,10.85,SUP0044,69,True
PROD003761,Perfume,Beauty,Prime,60524.29,0.73,SUP0179,100,True
PROD003762,Jeans,Fashion,Prime,8661.17,7.19,SUP0332,37,True
PROD003763,Data Science Book,Books,Value,424.67,9.51,SUP0106,21,True
PROD003764,Face Wash,Beauty,Prime,27001.35,10.84,SUP0404,28,True
PROD003765,Fiction Novel,Books,Nova,46089.23,28.81,SUP0428,87,True
PROD003766,Perfume,Beauty,Urban,69980.44,8.8,SUP0474,35,False
PROD003767,Cricket Bat,Sports,Pro,16068.48,25.18,SUP0411,59,True
PROD003768,Smart Watch,Electronics,Nova,39841.62,19.69,SUP0016,13,True
PROD003769,Moisturizer,Beauty,Nova,66272.91,13.39,SUP0323,14,True
PROD003770,Tablet,Electronics,Pro,65782.39,22.33,SUP0379,71,True
PROD003771,Wireless Earbuds,Electronics,Value,42662.98,19.31,SUP0105,96,True
PROD003772,Bedsheet,Home & Kitchen,Max,92783.54,13.82,SUP0431,60,True
PROD003773,Water Bottle,Home & Kitchen,Pro,37221.04,8.53,SUP0037,45,True
PROD003774,Smartphone,Electronics,Nova,84403.06,11.97,SUP0251,61,True
PROD003775,Coffee,Grocery,Pro,50620.48,9.44,SUP0019,29,True
PROD003776,Programming Book,Books,Nova,55043.7,2.01,SUP0040,69,True
PROD003777,Tea,Grocery,Elite,95686.22,20.51,SUP0400,65,True
PROD003778,Backpack,Accessories,Value,24640.07,28.38,SUP0183,77,True
PROD003779,Wheat Flour,Grocery,Elite,51389.52,6.48,SUP0500,98,True
PROD003780,Jacket,Fashion,Elite,3794.21,14.79,SUP0485,54,True
PROD003781,Storage Box,Home & Kitchen,Max,67114.71,14.83,SUP0368,27,True
PROD003782,Formal Shirt,Fashion,Prime,16578.67,18.08,SUP0396,93,True
PROD003783,Wallet,Accessories,Nova,59021.03,23.72,SUP0077,11,True
PROD003784,Laptop,Electronics,Elite,53461.81,22.47,SUP0082,83,True
PROD003785,Wheat Flour,Grocery,Pro,88108.17,23.91,SUP0184,89,True
PROD003786,Cookware Set,Home & Kitchen,Value,95536.5,25.29,SUP0270,42,True
PROD003787,Kurta,Fashion,Nova,93965.14,25.44,SUP0008,61,True
PROD003788,Smartphone,Electronics,Nova,86835.22,16.05,SUP0156,7,True
PROD003789,Sneakers,Fashion,Urban,70578.36,5.2,SUP0390,45,True
PROD003790,Shampoo,Beauty,Prime,9896.07,24.9,SUP0076,78,True
PROD003791,Bluetooth Speaker,Electronics,Nova,2246.39,1.25,SUP0418,15,True
PROD003792,Rice,Grocery,Urban,42781.72,6.09,SUP0442,62,True
PROD003793,Kurta,Fashion,Pro,97312.44,28.52,SUP0366,12,True
PROD003794,Dry Fruits,Grocery,Max,24436.94,29.41,SUP0290,85,True
PROD003795,Perfume,Beauty,Max,72565.83,9.93,SUP0141,94,True
PROD003796,Smart Watch,Electronics,Pro,72298.73,23.2,SUP0275,27,True
PROD003797,Football,Sports,Nova,12378.17,29.48,SUP0393,99,True
PROD003798,Mixer Grinder,Home & Kitchen,Pro,3526.38,17.61,SUP0145,97,True
PROD003799,Wallet,Accessories,Nova,70781.95,18.89,SUP0082,30,True
PROD003800,Formal Shirt,Fashion,Urban,90738.43,28.42,SUP0261,14,True
PROD003801,Rice,Grocery,Urban,75605.76,14.01,SUP0153,84,True
PROD003802,Business Book,Books,Elite,10879.97,15.93,SUP0093,43,True
PROD003803,Wheat Flour,Grocery,Pro,95124.2,26.76,SUP0491,93,True
PROD003804,Mixer Grinder,Home & Kitchen,Pro,1824.16,19.87,SUP0473,62,True
PROD003805,Smart Watch,Electronics,Prime,45206.38,20.88,SUP0148,32,True
PROD003806,Business Book,Books,Elite,16605.57,27.24,SUP0101,73,True
PROD003807,Water Bottle,Home & Kitchen,Prime,73165.62,27.15,SUP0012,42,True
PROD003808,Laptop,Electronics,Value,77650.11,15.64,SUP0011,72,True
PROD003809,Phone Case,Accessories,Pro,43820.2,23.71,SUP0488,89,True
PROD003810,Cookware Set,Home & Kitchen,Elite,21458.19,22.98,SUP0227,14,True
PROD003811,Data Science Book,Books,Max,24730.77,10.72,SUP0126,35,True
PROD003812,Jacket,Fashion,Pro,36709.93,3.44,SUP0356,56,True
PROD003813,Wireless Earbuds,Electronics,Pro,3300.85,28.88,SUP0467,15,True
PROD003814,Sunglasses,Accessories,Urban,71280.37,26.74,SUP0425,51,True
PROD003815,Tea,Grocery,Elite,72065.14,15.07,SUP0022,33,True
PROD003816,Jeans,Fashion,Pro,64137.58,22.58,SUP0324,83,True
PROD003817,Water Bottle,Home & Kitchen,Urban,80328.04,8.99,SUP0007,90,True
PROD003818,Rice,Grocery,Elite,9589.94,29.56,SUP0249,29,True
PROD003819,Bedsheet,Home & Kitchen,Max,92377.17,10.96,SUP0356,90,True
PROD003820,Laptop,Electronics,Prime,75804.72,20.71,SUP0011,18,True
PROD003821,Mixer Grinder,Home & Kitchen,Urban,67561.73,29.88,SUP0254,53,True
PROD003822,Formal Shirt,Fashion,Max,73211.41,16.39,SUP0191,65,True
PROD003823,Wireless Earbuds,Electronics,Urban,98560.22,23.88,SUP0076,93,True
PROD003824,Wallet,Accessories,Elite,88916.61,29.78,SUP0157,89,True
PROD003825,Sunscreen,Beauty,Elite,78279.36,19.21,SUP0340,30,True
PROD003826,Kurta,Fashion,Elite,49106.42,1.76,SUP0095,21,True
PROD003827,Perfume,Beauty,Value,44403.16,5.86,SUP0068,16,True
PROD003828,Tablet,Electronics,Nova,15408.6,2.67,SUP0450,38,True
PROD003829,Sunglasses,Accessories,Nova,30960.69,10.18,SUP0092,66,True
PROD003830,Mixer Grinder,Home & Kitchen,Elite,59209.23,24.93,SUP0356,89,True
PROD003831,Bedsheet,Home & Kitchen,Max,52495.29,26.16,SUP0035,81,True
PROD003832,Sunscreen,Beauty,Prime,14832.35,24.9,SUP0154,89,True
PROD003833,Sunglasses,Accessories,Max,60599.96,10.11,SUP0191,69,True
PROD003834,Bluetooth Speaker,Electronics,Value,91293.01,18.74,SUP0482,24,True
PROD003835,Sunglasses,Accessories,Max,86233.78,1.21,SUP0496,44,True
PROD003836,Sneakers,Fashion,Max,81630.64,20.42,SUP0053,19,True
PROD003837,Sunglasses,Accessories,Max,16602.95,28.81,SUP0150,65,True
PROD003838,Face Wash,Beauty,Elite,87445.62,1.5,SUP0204,5,True
PROD003839,Smart Watch,Electronics,Max,93847.76,28.67,SUP0219,73,True
PROD003840,Cooking Oil,Grocery,Urban,41891.02,18.87,SUP0318,72,True
PROD003841,Data Science Book,Books,Prime,22914.53,1.0,SUP0420,50,True
PROD003842,Water Bottle,Home & Kitchen,Max,42951.46,4.52,SUP0369,87,True
PROD003843,Mixer Grinder,Home & Kitchen,Nova,70416.14,6.26,SUP0454,41,True
PROD003844,Smart Watch,Electronics,Value,48486.04,28.33,SUP0463,88,True
PROD003845,Sunglasses,Accessories,Nova,49200.4,5.22,SUP0173,35,True
PROD003846,Sunscreen,Beauty,Max,69960.62,10.63,SUP0060,61,True
PROD003847,Tea,Grocery,Prime,1275.08,17.22,SUP0003,59,True
PROD003848,Cooking Oil,Grocery,Prime,65506.58,7.33,SUP0129,42,True
PROD003849,Smartphone,Electronics,Prime,79843.09,28.27,SUP0094,22,True
PROD003850,Laptop,Electronics,Prime,50542.69,1.63,SUP0125,37,True
PROD003851,Dry Fruits,Grocery,Prime,15637.75,6.74,SUP0252,67,True
PROD003852,Exam Preparation Book,Books,Prime,30886.32,29.14,SUP0499,77,True
PROD003853,Water Bottle,Home & Kitchen,Nova,94428.45,29.62,SUP0190,63,True
PROD003854,Sneakers,Fashion,Max,93279.92,23.09,SUP0086,54,True
PROD003855,Exam Preparation Book,Books,Value,96714.79,26.83,SUP0371,9,True
PROD003856,Bluetooth Speaker,Electronics,Urban,99788.03,27.57,SUP0208,28,True
PROD003857,Smartphone,Electronics,Urban,80717.93,2.54,SUP0165,69,True
PROD003858,Perfume,Beauty,Max,29359.65,21.53,SUP0364,97,True
PROD003859,Coffee,Grocery,Value,53550.59,7.32,SUP0345,51,True
PROD003860,Bluetooth Speaker,Electronics,Prime,12275.7,14.48,SUP0445,26,True
PROD003861,Mixer Grinder,Home & Kitchen,Pro,91651.37,21.68,SUP0467,59,True
PROD003862,Wheat Flour,Grocery,Nova,78065.49,16.18,SUP0224,16,True
PROD003863,Air Fryer,Home & Kitchen,Urban,49007.77,4.54,SUP0242,33,True
PROD003864,Sunglasses,Accessories,Nova,44257.1,4.42,SUP0055,81,True
PROD003865,Water Bottle,Home & Kitchen,Urban,71625.11,6.83,SUP0205,16,True
PROD003866,Smart Watch,Electronics,Pro,36769.04,7.22,SUP0039,86,True
PROD003867,Football,Sports,Pro,15334.88,13.15,SUP0424,55,True
PROD003868,Dumbbells,Sports,Nova,83700.57,21.64,SUP0486,39,True
PROD003869,Fiction Novel,Books,Nova,6268.62,29.49,SUP0487,7,True
PROD003870,Dry Fruits,Grocery,Nova,84193.89,23.06,SUP0101,27,True
PROD003871,Dry Fruits,Grocery,Value,88954.57,1.36,SUP0247,30,True
PROD003872,Wheat Flour,Grocery,Pro,97834.77,18.81,SUP0400,22,True
PROD003873,Kurta,Fashion,Max,81478.47,15.56,SUP0162,73,True
PROD003874,Rice,Grocery,Urban,31582.95,19.19,SUP0037,52,True
PROD003875,Cooking Oil,Grocery,Prime,18466.61,11.84,SUP0191,30,True
PROD003876,Jeans,Fashion,Max,44240.36,25.77,SUP0303,82,True
PROD003877,Face Wash,Beauty,Nova,20208.71,16.3,SUP0340,21,True
PROD003878,Bedsheet,Home & Kitchen,Nova,7079.9,21.69,SUP0392,21,True
PROD003879,Air Fryer,Home & Kitchen,Prime,25709.74,22.95,SUP0393,99,True
PROD003880,Smartphone,Electronics,Elite,80173.63,21.97,SUP0131,44,False
PROD003881,Tea,Grocery,Max,58465.48,17.19,SUP0264,55,True
PROD003882,Backpack,Accessories,Nova,19148.68,0.84,SUP0279,9,True
PROD003883,Belt,Accessories,Pro,31259.92,22.51,SUP0140,66,True
PROD003884,Sneakers,Fashion,Max,52930.13,12.1,SUP0447,92,True
PROD003885,Formal Shirt,Fashion,Elite,76843.57,2.88,SUP0445,73,True
PROD003886,Laptop,Electronics,Pro,25494.33,23.63,SUP0473,74,True
PROD003887,Dry Fruits,Grocery,Nova,65508.17,9.47,SUP0446,33,True
PROD003888,Bluetooth Speaker,Electronics,Prime,78521.44,2.55,SUP0333,31,True
PROD003889,Bedsheet,Home & Kitchen,Value,57720.88,8.99,SUP0130,72,True
PROD003890,Formal Shirt,Fashion,Max,61838.55,9.84,SUP0043,44,True
PROD003891,Wallet,Accessories,Prime,12460.5,16.21,SUP0041,18,True
PROD003892,Moisturizer,Beauty,Urban,47190.6,24.71,SUP0207,60,True
PROD003893,Coffee,Grocery,Urban,47041.76,8.93,SUP0191,87,True
PROD003894,Face Wash,Beauty,Prime,97512.11,28.86,SUP0276,61,True
PROD003895,Formal Shirt,Fashion,Nova,21946.1,22.56,SUP0080,66,True
PROD003896,Air Fryer,Home & Kitchen,Max,21435.26,3.88,SUP0084,81,True
PROD003897,Wireless Earbuds,Electronics,Pro,90790.17,5.95,SUP0200,10,True
PROD003898,Perfume,Beauty,Max,87771.6,20.67,SUP0296,61,True
PROD003899,Sunscreen,Beauty,Elite,52249.85,9.96,SUP0143,51,True
PROD003900,Jacket,Fashion,Elite,43957.53,14.2,SUP0372,20,True
PROD003901,Dry Fruits,Grocery,Prime,75753.78,24.31,SUP0025,97,True
PROD003902,Face Wash,Beauty,Nova,17521.28,7.78,SUP0052,31,True
PROD003903,T-Shirt,Fashion,Max,19607.87,19.91,SUP0471,67,True
PROD003904,Air Fryer,Home & Kitchen,Nova,22720.11,7.34,SUP0190,90,True
PROD003905,Tea,Grocery,Max,81924.02,6.8,SUP0302,96,True
PROD003906,Tea,Grocery,Prime,16024.18,16.11,SUP0237,48,True
PROD003907,Moisturizer,Beauty,Value,29477.74,23.11,SUP0172,10,True
PROD003908,Jeans,Fashion,Elite,3449.83,18.16,SUP0097,40,True
PROD003909,Dry Fruits,Grocery,Elite,5554.82,14.08,SUP0314,34,True
PROD003910,Tablet,Electronics,Urban,38088.97,20.13,SUP0390,20,True
PROD003911,Yoga Mat,Sports,Nova,94882.75,2.52,SUP0479,15,True
PROD003912,Face Wash,Beauty,Urban,49769.99,13.82,SUP0033,58,True
PROD003913,Football,Sports,Nova,83057.74,13.67,SUP0268,95,True
PROD003914,Rice,Grocery,Elite,56794.12,0.9,SUP0063,32,True
PROD003915,Jeans,Fashion,Prime,98890.12,20.92,SUP0154,43,True
PROD003916,Storage Box,Home & Kitchen,Nova,82805.02,20.56,SUP0049,23,True
PROD003917,Sunglasses,Accessories,Prime,92429.51,11.2,SUP0034,36,True
PROD003918,Mixer Grinder,Home & Kitchen,Value,21138.94,7.73,SUP0288,98,True
PROD003919,Jeans,Fashion,Urban,37479.49,13.91,SUP0439,32,True
PROD003920,Yoga Mat,Sports,Value,70977.06,1.0,SUP0013,15,True
PROD003921,Sneakers,Fashion,Urban,56115.66,0.33,SUP0083,8,False
PROD003922,Bluetooth Speaker,Electronics,Urban,7798.24,2.36,SUP0287,63,True
PROD003923,Wireless Earbuds,Electronics,Elite,16933.74,26.89,SUP0012,38,True
PROD003924,Fiction Novel,Books,Elite,34007.9,14.14,SUP0044,36,True
PROD003925,Football,Sports,Prime,29932.08,9.19,SUP0428,80,True
PROD003926,Data Science Book,Books,Prime,96318.08,9.56,SUP0170,42,True
PROD003927,Air Fryer,Home & Kitchen,Max,8846.68,17.32,SUP0408,84,True
PROD003928,Exam Preparation Book,Books,Pro,80124.56,25.03,SUP0258,22,True
PROD003929,Face Wash,Beauty,Urban,88926.38,7.75,SUP0131,63,True
PROD003930,Wireless Earbuds,Electronics,Urban,81314.13,4.99,SUP0126,72,True
PROD003931,Smart Watch,Electronics,Urban,86157.05,25.02,SUP0314,83,True
PROD003932,Formal Shirt,Fashion,Prime,90205.03,12.9,SUP0248,23,True
PROD003933,Wheat Flour,Grocery,Elite,87202.53,23.85,SUP0133,16,True
PROD003934,Wireless Earbuds,Electronics,Pro,46016.48,11.14,SUP0186,67,True
PROD003935,Cricket Bat,Sports,Pro,29849.69,4.43,SUP0115,96,False
PROD003936,T-Shirt,Fashion,Elite,81985.09,6.83,SUP0129,94,True
PROD003937,T-Shirt,Fashion,Max,85623.63,14.68,SUP0359,42,True
PROD003938,Coffee,Grocery,Elite,63948.8,28.12,SUP0194,27,True
PROD003939,Belt,Accessories,Pro,5962.58,2.55,SUP0450,29,True
PROD003940,Perfume,Beauty,Pro,16390.31,5.77,SUP0419,49,True
PROD003941,Dry Fruits,Grocery,Pro,77693.81,20.01,SUP0483,91,True
PROD003942,Jacket,Fashion,Max,34688.54,22.64,SUP0444,18,False
PROD003943,Data Science Book,Books,Max,58843.06,28.35,SUP0148,33,True
PROD003944,Jeans,Fashion,Urban,81894.78,23.71,SUP0013,12,True
PROD003945,Water Bottle,Home & Kitchen,Prime,87149.32,5.23,SUP0232,89,True
PROD003946,Running Shoes,Sports,Max,19415.06,4.76,SUP0279,85,True
PROD003947,Smart Watch,Electronics,Elite,20085.83,20.8,SUP0148,15,True
PROD003948,Jeans,Fashion,Nova,69381.83,19.48,SUP0401,89,True
PROD003949,Cookware Set,Home & Kitchen,Urban,16451.31,23.98,SUP0322,96,False
PROD003950,Moisturizer,Beauty,Max,88184.81,11.19,SUP0369,53,True
PROD003951,Shampoo,Beauty,Prime,2081.04,7.37,SUP0365,98,True
PROD003952,Jeans,Fashion,Prime,65401.16,20.99,SUP0291,36,True
PROD003953,Tablet,Electronics,Pro,35867.25,27.19,SUP0229,100,False
PROD003954,Exam Preparation Book,Books,Prime,4494.72,7.72,SUP0013,31,False
PROD003955,Storage Box,Home & Kitchen,Pro,55713.84,4.42,SUP0058,69,True
PROD003956,Backpack,Accessories,Max,86021.88,8.15,SUP0083,27,True
PROD003957,Jeans,Fashion,Nova,97389.2,6.42,SUP0300,49,True
PROD003958,Tablet,Electronics,Elite,32710.74,3.38,SUP0036,84,True
PROD003959,Sunglasses,Accessories,Elite,56261.62,12.42,SUP0240,19,True
PROD003960,Business Book,Books,Pro,88893.71,8.69,SUP0357,23,True
PROD003961,Smart Watch,Electronics,Value,50111.17,25.09,SUP0029,43,False
PROD003962,Wheat Flour,Grocery,Pro,34117.63,29.37,SUP0340,16,True
PROD003963,Backpack,Accessories,Nova,9375.67,16.37,SUP0244,54,True
PROD003964,Smart Watch,Electronics,Elite,52474.04,8.68,SUP0040,23,True
PROD003965,Cookware Set,Home & Kitchen,Urban,18143.5,28.45,SUP0238,29,True
PROD003966,Cookware Set,Home & Kitchen,Urban,36999.73,7.45,SUP0015,82,True
PROD003967,Bedsheet,Home & Kitchen,Elite,96867.04,0.61,SUP0107,11,True
PROD003968,Data Science Book,Books,Elite,95790.8,25.61,SUP0049,80,True
PROD003969,Bluetooth Speaker,Electronics,Pro,90799.07,20.75,SUP0058,47,True
PROD003970,Wheat Flour,Grocery,Nova,1936.83,15.41,SUP0496,100,True
PROD003971,Sunscreen,Beauty,Max,15043.83,2.2,SUP0342,15,True
PROD003972,Water Bottle,Home & Kitchen,Elite,50106.17,26.73,SUP0378,20,True
PROD003973,Water Bottle,Home & Kitchen,Max,91368.02,22.5,SUP0393,76,True
PROD003974,Bluetooth Speaker,Electronics,Elite,94682.97,4.67,SUP0037,74,True
PROD003975,Bluetooth Speaker,Electronics,Nova,52721.63,22.08,SUP0258,14,True
PROD003976,Dumbbells,Sports,Prime,13320.0,16.44,SUP0294,29,True
PROD003977,Smart Watch,Electronics,Pro,39702.46,0.41,SUP0259,83,True
PROD003978,Jacket,Fashion,Elite,52738.23,22.87,SUP0226,71,True
PROD003979,Yoga Mat,Sports,Pro,38295.26,8.5,SUP0128,90,True
PROD003980,Backpack,Accessories,Urban,75575.57,3.57,SUP0331,94,True
PROD003981,Smartphone,Electronics,Nova,81867.77,8.73,SUP0307,27,True
PROD003982,Smart Watch,Electronics,Prime,36094.92,8.78,SUP0476,22,True
PROD003983,Sneakers,Fashion,Nova,42415.55,2.53,SUP0387,51,True
PROD003984,Water Bottle,Home & Kitchen,Urban,86235.05,12.53,SUP0445,8,True
PROD003985,Sunglasses,Accessories,Prime,60997.37,8.63,SUP0388,11,True
PROD003986,Exam Preparation Book,Books,Max,55282.85,11.75,SUP0493,55,True
PROD003987,Mixer Grinder,Home & Kitchen,Prime,84223.17,24.6,SUP0455,97,True
PROD003988,Football,Sports,Nova,76719.25,10.5,SUP0267,6,True
PROD003989,Wheat Flour,Grocery,Nova,37060.12,15.51,SUP0436,41,True
PROD003990,Laptop,Electronics,Elite,82989.78,27.15,SUP0230,67,True
PROD003991,Water Bottle,Home & Kitchen,Pro,35895.88,23.55,SUP0290,92,True
PROD003992,Belt,Accessories,Value,75196.38,10.18,SUP0224,21,True
PROD003993,Sunglasses,Accessories,Value,84561.06,0.35,SUP0445,93,True
PROD003994,Perfume,Beauty,Prime,13523.73,21.11,SUP0187,91,True
PROD003995,Perfume,Beauty,Value,72364.22,7.59,SUP0273,69,True
PROD003996,Cooking Oil,Grocery,Max,39266.31,8.47,SUP0192,89,True
PROD003997,Sunscreen,Beauty,Prime,23704.84,13.33,SUP0146,82,True
PROD003998,Cooking Oil,Grocery,Nova,99149.55,9.83,SUP0386,76,True
PROD003999,Belt,Accessories,Value,48402.57,29.0,SUP0251,44,True
PROD004000,Face Wash,Beauty,Nova,7894.66,13.17,SUP0124,8,True
PROD004001,Wheat Flour,Grocery,Urban,23989.89,14.63,SUP0359,77,True
PROD004002,Mixer Grinder,Home & Kitchen,Elite,28897.67,2.33,SUP0170,29,True
PROD004003,Tea,Grocery,Nova,23880.72,25.3,SUP0468,61,True
PROD004004,Water Bottle,Home & Kitchen,Urban,96808.05,15.98,SUP0285,97,True
PROD004005,Jeans,Fashion,Value,23860.93,6.12,SUP0236,97,True
PROD004006,Tablet,Electronics,Value,73450.21,1.63,SUP0188,100,True
PROD004007,Smart Watch,Electronics,Nova,46493.87,19.51,SUP0316,39,True
PROD004008,Data Science Book,Books,Prime,72298.4,19.09,SUP0123,97,True
PROD004009,Perfume,Beauty,Urban,50943.79,12.45,SUP0233,72,True
PROD004010,Face Wash,Beauty,Value,26870.27,27.59,SUP0229,44,True
PROD004011,Jacket,Fashion,Nova,13000.57,13.47,SUP0022,29,True
PROD004012,Moisturizer,Beauty,Urban,15768.0,9.39,SUP0425,74,True
PROD004013,Smart Watch,Electronics,Elite,51472.75,18.62,SUP0238,13,True
PROD004014,Smart Watch,Electronics,Max,34612.85,10.19,SUP0483,16,True
PROD004015,Sunscreen,Beauty,Max,21747.05,16.4,SUP0033,88,True
PROD004016,Rice,Grocery,Prime,79896.44,6.28,SUP0088,76,True
PROD004017,Sunscreen,Beauty,Value,21123.65,29.84,SUP0410,85,True
PROD004018,Mixer Grinder,Home & Kitchen,Max,87142.76,0.24,SUP0240,13,True
PROD004019,Bluetooth Speaker,Electronics,Prime,23481.22,21.31,SUP0237,54,True
PROD004020,Dry Fruits,Grocery,Elite,19363.9,0.21,SUP0124,24,True
PROD004021,Laptop,Electronics,Urban,5756.99,0.84,SUP0301,7,True
PROD004022,Face Wash,Beauty,Elite,82837.03,12.61,SUP0322,28,True
PROD004023,Fiction Novel,Books,Prime,24588.74,4.29,SUP0037,40,False
PROD004024,Air Fryer,Home & Kitchen,Prime,79205.72,3.7,SUP0309,37,True
PROD004025,Jacket,Fashion,Pro,51298.36,2.41,SUP0208,20,True
PROD004026,Wheat Flour,Grocery,Max,73779.6,10.97,SUP0150,70,True
PROD004027,Perfume,Beauty,Nova,11628.57,12.66,SUP0115,49,True
PROD004028,T-Shirt,Fashion,Elite,43004.57,26.66,SUP0114,10,True
PROD004029,Shampoo,Beauty,Elite,80937.66,8.09,SUP0114,12,True
PROD004030,Rice,Grocery,Urban,9220.98,8.66,SUP0030,50,True
PROD004031,Laptop,Electronics,Max,41063.82,20.21,SUP0486,38,True
PROD004032,Wireless Earbuds,Electronics,Elite,79563.37,13.13,SUP0310,80,True
PROD004033,Programming Book,Books,Prime,61616.27,19.67,SUP0344,21,True
PROD004034,Jeans,Fashion,Elite,84636.38,17.13,SUP0088,37,True
PROD004035,Sneakers,Fashion,Prime,43255.1,25.81,SUP0336,50,True
PROD004036,Tea,Grocery,Elite,49328.06,14.15,SUP0450,45,True
PROD004037,Cooking Oil,Grocery,Nova,44638.29,6.34,SUP0130,62,True
PROD004038,Smartphone,Electronics,Value,24249.49,17.61,SUP0395,24,True
PROD004039,Mixer Grinder,Home & Kitchen,Pro,75426.83,14.8,SUP0365,46,True
PROD004040,Backpack,Accessories,Urban,68875.65,12.57,SUP0369,99,False
PROD004041,Smartphone,Electronics,Prime,30947.24,28.48,SUP0472,77,True
PROD004042,Sunscreen,Beauty,Prime,6589.04,16.88,SUP0427,90,True
PROD004043,Perfume,Beauty,Urban,35242.14,24.63,SUP0435,62,True
PROD004044,Bluetooth Speaker,Electronics,Prime,93038.67,24.35,SUP0245,97,True
PROD004045,Tea,Grocery,Urban,80015.07,26.72,SUP0423,30,True
PROD004046,Business Book,Books,Prime,64563.92,5.29,SUP0010,55,True
PROD004047,Air Fryer,Home & Kitchen,Value,69364.24,12.22,SUP0107,79,True
PROD004048,Running Shoes,Sports,Urban,71960.41,23.15,SUP0499,59,True
PROD004049,Shampoo,Beauty,Value,54438.77,24.01,SUP0165,47,True
PROD004050,Phone Case,Accessories,Max,14818.68,4.85,SUP0078,20,True
PROD004051,Jacket,Fashion,Elite,14180.54,13.41,SUP0053,74,True
PROD004052,Cooking Oil,Grocery,Elite,99511.46,16.34,SUP0274,96,True
PROD004053,Storage Box,Home & Kitchen,Urban,68349.47,16.71,SUP0195,75,True
PROD004054,Cooking Oil,Grocery,Elite,18205.91,20.53,SUP0327,6,True
PROD004055,Wallet,Accessories,Elite,64677.51,18.96,SUP0302,33,True
PROD004056,Belt,Accessories,Nova,15722.68,29.97,SUP0073,92,True
PROD004057,Smartphone,Electronics,Urban,82823.47,6.06,SUP0201,33,True
PROD004058,Business Book,Books,Pro,34588.56,2.9,SUP0150,88,True
PROD004059,Coffee,Grocery,Pro,26868.8,24.94,SUP0316,100,True
PROD004060,Jeans,Fashion,Urban,35578.73,1.51,SUP0320,29,True
PROD004061,Sneakers,Fashion,Nova,82056.83,25.9,SUP0324,41,True
PROD004062,Jeans,Fashion,Elite,74170.6,23.32,SUP0408,59,True
PROD004063,Smartphone,Electronics,Prime,22515.12,2.8,SUP0081,32,True
PROD004064,Kurta,Fashion,Prime,51322.22,11.93,SUP0404,47,True
PROD004065,Kurta,Fashion,Max,22969.02,1.66,SUP0384,69,True
PROD004066,Tea,Grocery,Pro,77432.89,6.59,SUP0394,36,True
PROD004067,Wheat Flour,Grocery,Prime,62959.25,22.03,SUP0112,94,True
PROD004068,Bedsheet,Home & Kitchen,Prime,32220.48,9.47,SUP0216,74,True
PROD004069,Shampoo,Beauty,Prime,79638.09,21.37,SUP0084,39,True
PROD004070,Formal Shirt,Fashion,Pro,96988.81,7.44,SUP0341,64,True
PROD004071,Coffee,Grocery,Nova,96252.8,12.41,SUP0490,29,True
PROD004072,Phone Case,Accessories,Pro,56427.13,22.14,SUP0206,46,True
PROD004073,Cookware Set,Home & Kitchen,Max,53636.12,20.69,SUP0217,77,True
PROD004074,Smart Watch,Electronics,Urban,48759.6,23.81,SUP0009,61,True
PROD004075,T-Shirt,Fashion,Urban,36787.43,0.3,SUP0354,5,True
PROD004076,Tea,Grocery,Pro,37596.22,1.28,SUP0080,76,True
PROD004077,Coffee,Grocery,Max,91445.12,10.62,SUP0477,24,True
PROD004078,Mixer Grinder,Home & Kitchen,Pro,57317.2,24.64,SUP0176,45,True
PROD004079,Running Shoes,Sports,Prime,92693.27,14.6,SUP0444,73,True
PROD004080,Water Bottle,Home & Kitchen,Pro,70474.92,27.77,SUP0218,59,True
PROD004081,Air Fryer,Home & Kitchen,Pro,35641.54,7.4,SUP0365,14,True
PROD004082,Tablet,Electronics,Prime,43348.9,24.89,SUP0018,97,True
PROD004083,Cookware Set,Home & Kitchen,Prime,64704.47,7.79,SUP0162,91,True
PROD004084,Jeans,Fashion,Nova,28420.22,20.85,SUP0246,26,True
PROD004085,Smart Watch,Electronics,Prime,6931.57,5.81,SUP0299,54,True
PROD004086,T-Shirt,Fashion,Urban,62759.22,15.74,SUP0251,91,True
PROD004087,Programming Book,Books,Urban,17930.36,12.22,SUP0199,90,True
PROD004088,Bluetooth Speaker,Electronics,Pro,41716.54,22.12,SUP0443,91,True
PROD004089,Mixer Grinder,Home & Kitchen,Urban,95741.79,8.95,SUP0330,21,True
PROD004090,Smart Watch,Electronics,Elite,60261.88,8.5,SUP0343,34,True
PROD004091,Business Book,Books,Nova,57554.45,16.27,SUP0381,96,True
PROD004092,Formal Shirt,Fashion,Value,991.91,18.64,SUP0386,76,True
PROD004093,Shampoo,Beauty,Pro,85461.95,13.16,SUP0229,27,False
PROD004094,Bluetooth Speaker,Electronics,Prime,46659.72,6.21,SUP0305,78,True
PROD004095,Football,Sports,Prime,82311.8,22.98,SUP0072,19,False
PROD004096,Cookware Set,Home & Kitchen,Nova,88576.99,25.38,SUP0430,11,True
PROD004097,Football,Sports,Max,52556.24,13.82,SUP0078,70,True
PROD004098,Air Fryer,Home & Kitchen,Urban,89965.49,24.66,SUP0447,16,True
PROD004099,Mixer Grinder,Home & Kitchen,Prime,92083.48,24.9,SUP0172,6,True
PROD004100,Water Bottle,Home & Kitchen,Pro,16678.06,6.63,SUP0107,17,True
PROD004101,Tea,Grocery,Nova,33412.55,29.12,SUP0384,61,True
PROD004102,Wallet,Accessories,Prime,58026.48,24.06,SUP0383,97,True
PROD004103,Smart Watch,Electronics,Prime,51977.3,3.57,SUP0387,36,True
PROD004104,Jacket,Fashion,Nova,44081.53,0.93,SUP0185,35,True
PROD004105,T-Shirt,Fashion,Elite,91258.62,8.71,SUP0265,14,True
PROD004106,Smart Watch,Electronics,Elite,53463.59,10.1,SUP0160,23,True
PROD004107,Water Bottle,Home & Kitchen,Urban,79606.7,29.16,SUP0046,45,True
PROD004108,Smart Watch,Electronics,Nova,61316.08,28.62,SUP0281,13,True
PROD004109,Sneakers,Fashion,Elite,16356.42,8.67,SUP0381,15,True
PROD004110,Tea,Grocery,Elite,82767.86,28.12,SUP0191,71,True
PROD004111,Cooking Oil,Grocery,Value,83083.86,23.05,SUP0245,63,True
PROD004112,Coffee,Grocery,Pro,59744.06,10.59,SUP0446,91,True
PROD004113,Air Fryer,Home & Kitchen,Max,30299.14,14.81,SUP0162,15,True
PROD004114,Yoga Mat,Sports,Max,75859.33,21.95,SUP0438,55,True
PROD004115,Rice,Grocery,Value,2968.49,10.53,SUP0002,57,True
PROD004116,Running Shoes,Sports,Urban,22739.93,21.86,SUP0005,50,True
PROD004117,Smart Watch,Electronics,Pro,61634.7,19.66,SUP0253,95,True
PROD004118,T-Shirt,Fashion,Max,27122.09,14.6,SUP0493,85,True
PROD004119,Wallet,Accessories,Nova,59128.74,9.46,SUP0012,46,True
PROD004120,Wireless Earbuds,Electronics,Elite,56659.07,3.17,SUP0011,36,True
PROD004121,Sunscreen,Beauty,Elite,50645.1,16.95,SUP0268,31,True
PROD004122,Bluetooth Speaker,Electronics,Elite,41895.04,11.95,SUP0170,36,True
PROD004123,Storage Box,Home & Kitchen,Prime,2545.11,0.12,SUP0008,84,True
PROD004124,Mixer Grinder,Home & Kitchen,Nova,46929.3,0.26,SUP0377,99,True
PROD004125,Programming Book,Books,Prime,16602.78,23.73,SUP0351,34,True
PROD004126,Business Book,Books,Value,303.07,13.69,SUP0464,11,True
PROD004127,Tablet,Electronics,Elite,77274.04,28.99,SUP0052,62,True
PROD004128,Laptop,Electronics,Elite,83384.37,6.94,SUP0017,59,True
PROD004129,Jacket,Fashion,Elite,48826.98,10.81,SUP0005,47,True
PROD004130,Formal Shirt,Fashion,Pro,77783.31,23.84,SUP0352,59,True
PROD004131,Business Book,Books,Max,18026.26,8.89,SUP0373,100,True
PROD004132,Dry Fruits,Grocery,Pro,38814.06,6.97,SUP0429,11,True
PROD004133,Face Wash,Beauty,Max,22985.05,18.99,SUP0192,33,True
PROD004134,Sunscreen,Beauty,Elite,96504.33,15.91,SUP0491,70,True
PROD004135,Wireless Earbuds,Electronics,Urban,9768.92,4.76,SUP0465,95,True
PROD004136,Yoga Mat,Sports,Nova,4123.56,3.71,SUP0242,7,True
PROD004137,Programming Book,Books,Urban,92786.46,18.08,SUP0079,77,True
PROD004138,Cricket Bat,Sports,Elite,45094.22,13.31,SUP0373,98,True
PROD004139,Dry Fruits,Grocery,Pro,91595.33,26.43,SUP0291,24,True
PROD004140,Smart Watch,Electronics,Max,79623.9,19.87,SUP0447,17,True
PROD004141,Cookware Set,Home & Kitchen,Prime,94920.25,20.28,SUP0448,53,True
PROD004142,Storage Box,Home & Kitchen,Max,69239.08,4.14,SUP0247,50,True
PROD004143,Laptop,Electronics,Prime,61082.65,12.45,SUP0340,17,True
PROD004144,Phone Case,Accessories,Urban,80476.58,29.82,SUP0448,7,True
PROD004145,Rice,Grocery,Pro,53550.92,11.23,SUP0388,39,True
PROD004146,Jacket,Fashion,Prime,57392.74,4.8,SUP0314,19,True
PROD004147,Data Science Book,Books,Max,54902.88,21.11,SUP0482,65,True
PROD004148,Dumbbells,Sports,Urban,70647.91,21.46,SUP0235,75,True
PROD004149,Sneakers,Fashion,Elite,8810.57,15.69,SUP0390,100,True
PROD004150,Sunglasses,Accessories,Pro,71107.71,25.52,SUP0267,58,True
PROD004151,Cooking Oil,Grocery,Prime,83953.09,8.08,SUP0348,46,True
PROD004152,Business Book,Books,Elite,54097.56,27.11,SUP0194,32,True
PROD004153,Smart Watch,Electronics,Prime,19130.78,22.64,SUP0424,71,True
PROD004154,Running Shoes,Sports,Elite,5435.41,24.14,SUP0397,29,True
PROD004155,Smartphone,Electronics,Pro,40003.49,12.81,SUP0407,63,True
PROD004156,Wireless Earbuds,Electronics,Urban,68646.59,21.77,SUP0332,26,True
PROD004157,Dry Fruits,Grocery,Urban,31324.0,3.25,SUP0058,65,True
PROD004158,Bluetooth Speaker,Electronics,Max,7685.64,4.53,SUP0238,53,True
PROD004159,Tablet,Electronics,Value,57911.76,15.57,SUP0179,80,True
PROD004160,Jeans,Fashion,Value,96419.1,1.53,SUP0140,77,True
PROD004161,Kurta,Fashion,Urban,14293.28,4.82,SUP0329,32,True
PROD004162,Tablet,Electronics,Value,51511.54,22.67,SUP0145,31,True
PROD004163,Storage Box,Home & Kitchen,Urban,29896.35,8.55,SUP0302,11,True
PROD004164,Football,Sports,Elite,23462.18,9.77,SUP0088,48,True
PROD004165,Running Shoes,Sports,Pro,63457.37,27.79,SUP0125,5,True
PROD004166,Wireless Earbuds,Electronics,Nova,69170.57,12.95,SUP0221,89,True
PROD004167,Laptop,Electronics,Nova,56444.48,12.38,SUP0159,14,True
PROD004168,Wireless Earbuds,Electronics,Elite,27681.59,2.96,SUP0461,46,True
PROD004169,Smartphone,Electronics,Elite,87221.32,18.37,SUP0362,95,True
PROD004170,Yoga Mat,Sports,Value,1482.97,11.62,SUP0500,91,True
PROD004171,Smartphone,Electronics,Nova,11322.29,6.59,SUP0497,96,True
PROD004172,Smartphone,Electronics,Elite,34564.81,21.99,SUP0498,26,True
PROD004173,Sneakers,Fashion,Prime,1261.22,25.01,SUP0273,75,True
PROD004174,Face Wash,Beauty,Elite,69742.0,16.13,SUP0047,32,True
PROD004175,Cookware Set,Home & Kitchen,Urban,97932.45,10.3,SUP0141,51,True
PROD004176,Cookware Set,Home & Kitchen,Urban,68137.25,5.92,SUP0045,15,True
PROD004177,Jacket,Fashion,Nova,10698.58,12.37,SUP0266,64,True
PROD004178,T-Shirt,Fashion,Value,88424.62,8.53,SUP0303,16,True
PROD004179,Laptop,Electronics,Max,79315.27,10.28,SUP0486,95,True
PROD004180,Belt,Accessories,Value,81848.2,29.53,SUP0050,99,True
PROD004181,Tea,Grocery,Pro,50031.24,5.82,SUP0188,21,True
PROD004182,Jeans,Fashion,Pro,77644.77,14.58,SUP0320,66,True
PROD004183,Wallet,Accessories,Max,20055.71,12.18,SUP0181,90,True
PROD004184,Kurta,Fashion,Elite,30088.46,13.04,SUP0315,25,True
PROD004185,Cooking Oil,Grocery,Max,97260.42,2.82,SUP0330,21,True
PROD004186,Cookware Set,Home & Kitchen,Prime,19615.15,4.41,SUP0411,21,True
PROD004187,Formal Shirt,Fashion,Prime,92664.15,2.45,SUP0118,24,True
PROD004188,Smartphone,Electronics,Prime,87403.08,19.58,SUP0472,88,True
PROD004189,Jacket,Fashion,Prime,84474.1,20.78,SUP0316,54,True
PROD004190,Formal Shirt,Fashion,Elite,39314.31,23.32,SUP0465,85,True
PROD004191,Coffee,Grocery,Nova,68355.66,10.15,SUP0169,24,True
PROD004192,Bluetooth Speaker,Electronics,Prime,71822.69,21.77,SUP0040,26,True
PROD004193,Tablet,Electronics,Max,62619.74,13.84,SUP0191,35,True
PROD004194,Wireless Earbuds,Electronics,Prime,227.44,24.17,SUP0339,21,True
PROD004195,Storage Box,Home & Kitchen,Value,66274.34,12.93,SUP0318,11,True
PROD004196,Tablet,Electronics,Max,77768.01,23.03,SUP0455,22,True
PROD004197,Belt,Accessories,Nova,45037.0,0.97,SUP0168,63,True
PROD004198,Sunscreen,Beauty,Urban,81197.78,0.37,SUP0410,22,True
PROD004199,Moisturizer,Beauty,Elite,17090.03,8.14,SUP0374,77,True
PROD004200,Bedsheet,Home & Kitchen,Urban,5453.88,11.47,SUP0407,86,True
PROD004201,Bedsheet,Home & Kitchen,Prime,32739.77,22.31,SUP0223,92,True
PROD004202,Tablet,Electronics,Prime,48134.28,16.87,SUP0464,50,True
PROD004203,Smartphone,Electronics,Max,27779.31,28.4,SUP0100,93,True
PROD004204,Dry Fruits,Grocery,Urban,74302.55,4.07,SUP0462,83,True
PROD004205,Sneakers,Fashion,Elite,41556.96,7.93,SUP0298,59,True
PROD004206,Smartphone,Electronics,Pro,51064.53,16.91,SUP0400,67,True
PROD004207,Business Book,Books,Elite,54148.68,6.39,SUP0393,56,True
PROD004208,Tablet,Electronics,Value,7309.88,19.84,SUP0115,13,True
PROD004209,Tablet,Electronics,Nova,25326.68,22.63,SUP0116,39,True
PROD004210,Running Shoes,Sports,Elite,59488.84,21.9,SUP0253,97,True
PROD004211,Formal Shirt,Fashion,Nova,44912.75,19.61,SUP0084,83,True
PROD004212,Dry Fruits,Grocery,Nova,85768.72,1.73,SUP0028,93,True
PROD004213,Storage Box,Home & Kitchen,Prime,3338.95,25.48,SUP0247,89,True
PROD004214,Bluetooth Speaker,Electronics,Value,32736.94,1.29,SUP0259,79,True
PROD004215,Mixer Grinder,Home & Kitchen,Nova,60873.14,18.18,SUP0155,45,True
PROD004216,Programming Book,Books,Urban,4264.41,28.64,SUP0072,34,True
PROD004217,Belt,Accessories,Value,44153.87,5.51,SUP0190,89,True
PROD004218,Dumbbells,Sports,Value,61636.55,21.9,SUP0035,35,True
PROD004219,Air Fryer,Home & Kitchen,Prime,91044.07,10.91,SUP0264,99,True
PROD004220,Wireless Earbuds,Electronics,Max,9881.36,20.09,SUP0351,29,True
PROD004221,Formal Shirt,Fashion,Elite,48921.8,6.92,SUP0407,48,True
PROD004222,Formal Shirt,Fashion,Urban,11174.27,16.73,SUP0360,28,True
PROD004223,Smart Watch,Electronics,Pro,33505.46,0.73,SUP0433,35,False
PROD004224,Shampoo,Beauty,Max,17163.28,9.55,SUP0410,91,True
PROD004225,Sneakers,Fashion,Pro,60276.03,7.89,SUP0250,10,True
PROD004226,Perfume,Beauty,Prime,74202.04,7.14,SUP0368,58,True
PROD004227,Face Wash,Beauty,Max,2022.42,6.44,SUP0235,17,True
PROD004228,Water Bottle,Home & Kitchen,Value,33215.82,25.6,SUP0352,9,True
PROD004229,Yoga Mat,Sports,Pro,47015.37,4.58,SUP0127,12,True
PROD004230,Smartphone,Electronics,Nova,78642.45,4.4,SUP0196,27,True
PROD004231,Sunscreen,Beauty,Max,86179.92,6.51,SUP0239,100,True
PROD004232,Wireless Earbuds,Electronics,Nova,21017.58,6.04,SUP0024,17,True
PROD004233,Programming Book,Books,Prime,57045.65,27.03,SUP0356,72,True
PROD004234,Storage Box,Home & Kitchen,Elite,85170.74,10.23,SUP0253,15,True
PROD004235,Cookware Set,Home & Kitchen,Max,27261.13,3.46,SUP0278,19,True
PROD004236,Smartphone,Electronics,Prime,86622.16,22.14,SUP0094,78,True
PROD004237,Dry Fruits,Grocery,Elite,16254.49,7.35,SUP0310,47,True
PROD004238,Wheat Flour,Grocery,Urban,76552.67,8.41,SUP0452,26,True
PROD004239,Programming Book,Books,Value,15567.1,21.05,SUP0271,85,True
PROD004240,Smart Watch,Electronics,Urban,667.07,15.27,SUP0393,47,False
PROD004241,Rice,Grocery,Pro,58227.46,10.28,SUP0116,22,True
PROD004242,Yoga Mat,Sports,Prime,87815.16,18.59,SUP0492,54,False
PROD004243,Dry Fruits,Grocery,Value,62658.73,19.9,SUP0416,42,True
PROD004244,Mixer Grinder,Home & Kitchen,Pro,99507.17,27.23,SUP0208,51,True
PROD004245,Smartphone,Electronics,Pro,65901.52,9.1,SUP0417,60,True
PROD004246,Sunglasses,Accessories,Prime,79316.47,13.42,SUP0469,85,True
PROD004247,Belt,Accessories,Prime,40836.73,21.2,SUP0415,50,True
PROD004248,Football,Sports,Prime,14981.76,11.17,SUP0213,33,True
PROD004249,Water Bottle,Home & Kitchen,Nova,44624.71,20.49,SUP0094,34,True
PROD004250,Yoga Mat,Sports,Elite,47442.37,15.76,SUP0144,88,True
PROD004251,Exam Preparation Book,Books,Pro,67707.31,4.16,SUP0095,32,True
PROD004252,Storage Box,Home & Kitchen,Prime,56559.03,15.22,SUP0401,86,True
PROD004253,Laptop,Electronics,Elite,13155.78,17.19,SUP0166,63,True
PROD004254,Smartphone,Electronics,Pro,75894.44,6.08,SUP0189,13,True
PROD004255,Smart Watch,Electronics,Nova,21351.43,2.24,SUP0379,64,True
PROD004256,Tea,Grocery,Nova,34915.82,16.6,SUP0018,53,True
PROD004257,Sneakers,Fashion,Pro,50414.77,0.77,SUP0481,64,True
PROD004258,Formal Shirt,Fashion,Pro,7278.08,11.58,SUP0131,6,True
PROD004259,Laptop,Electronics,Pro,3025.93,7.24,SUP0132,33,True
PROD004260,Cooking Oil,Grocery,Nova,43215.74,25.5,SUP0490,49,True
PROD004261,Bedsheet,Home & Kitchen,Elite,64669.1,26.7,SUP0219,77,True
PROD004262,Belt,Accessories,Prime,71506.43,22.59,SUP0279,6,True
PROD004263,Belt,Accessories,Nova,58825.63,17.21,SUP0190,30,True
PROD004264,Exam Preparation Book,Books,Pro,98394.6,22.83,SUP0275,6,True
PROD004265,Shampoo,Beauty,Elite,87991.02,15.19,SUP0017,95,True
PROD004266,Wireless Earbuds,Electronics,Nova,60915.7,6.74,SUP0242,90,True
PROD004267,Mixer Grinder,Home & Kitchen,Elite,47965.42,3.72,SUP0115,23,True
PROD004268,Bedsheet,Home & Kitchen,Nova,73682.33,10.88,SUP0490,23,True
PROD004269,Face Wash,Beauty,Value,81354.12,14.49,SUP0001,62,True
PROD004270,Formal Shirt,Fashion,Prime,94413.46,15.6,SUP0206,13,True
PROD004271,Sneakers,Fashion,Nova,51979.73,24.97,SUP0456,51,True
PROD004272,Storage Box,Home & Kitchen,Nova,14766.73,4.1,SUP0411,81,False
PROD004273,Formal Shirt,Fashion,Elite,94388.04,22.73,SUP0198,31,True
PROD004274,Face Wash,Beauty,Nova,98132.62,29.5,SUP0296,82,True
PROD004275,Wallet,Accessories,Pro,76522.42,12.64,SUP0387,100,True
PROD004276,Tea,Grocery,Max,20178.2,26.43,SUP0422,65,True
PROD004277,Tea,Grocery,Nova,38840.64,23.96,SUP0409,55,True
PROD004278,Kurta,Fashion,Prime,12208.36,1.14,SUP0454,85,True
PROD004279,Cookware Set,Home & Kitchen,Elite,88355.89,12.58,SUP0327,17,True
PROD004280,Sunscreen,Beauty,Urban,32018.68,2.1,SUP0426,67,True
PROD004281,Bluetooth Speaker,Electronics,Pro,34360.41,16.58,SUP0196,83,True
PROD004282,Tablet,Electronics,Elite,25403.22,13.37,SUP0449,27,True
PROD004283,Cricket Bat,Sports,Urban,2022.77,17.05,SUP0061,57,True
PROD004284,Sunscreen,Beauty,Prime,56627.75,22.01,SUP0182,79,True
PROD004285,Laptop,Electronics,Nova,54462.4,24.94,SUP0190,40,True
PROD004286,Fiction Novel,Books,Max,5345.43,18.1,SUP0411,82,True
PROD004287,Bedsheet,Home & Kitchen,Value,7919.57,10.89,SUP0344,88,True
PROD004288,Backpack,Accessories,Elite,97891.11,8.42,SUP0270,70,True
PROD004289,Smartphone,Electronics,Nova,98657.66,2.48,SUP0353,13,True
PROD004290,Kurta,Fashion,Pro,26551.31,27.26,SUP0254,13,True
PROD004291,Face Wash,Beauty,Nova,16508.29,13.95,SUP0285,39,True
PROD004292,Cricket Bat,Sports,Value,30953.05,23.68,SUP0128,40,True
PROD004293,Smartphone,Electronics,Prime,24587.17,22.06,SUP0451,10,True
PROD004294,Coffee,Grocery,Nova,84999.59,8.44,SUP0043,40,True
PROD004295,Air Fryer,Home & Kitchen,Elite,31202.81,16.55,SUP0500,49,True
PROD004296,Wallet,Accessories,Max,35505.55,4.07,SUP0007,44,True
PROD004297,Running Shoes,Sports,Elite,75355.76,24.29,SUP0322,95,True
PROD004298,Bluetooth Speaker,Electronics,Elite,46793.86,0.85,SUP0453,47,True
PROD004299,Perfume,Beauty,Elite,41747.36,0.15,SUP0497,52,True
PROD004300,Sunscreen,Beauty,Pro,87186.13,17.31,SUP0419,22,True
PROD004301,Smartphone,Electronics,Value,71447.16,23.43,SUP0484,98,True
PROD004302,Kurta,Fashion,Elite,40619.63,14.55,SUP0099,18,True
PROD004303,Smartphone,Electronics,Prime,63200.0,13.89,SUP0201,84,True
PROD004304,Jacket,Fashion,Max,76016.82,13.74,SUP0197,77,True
PROD004305,Formal Shirt,Fashion,Pro,64432.73,26.43,SUP0100,40,True
PROD004306,Wallet,Accessories,Urban,70794.01,24.17,SUP0344,59,True
PROD004307,Face Wash,Beauty,Elite,68642.96,12.01,SUP0336,89,True
PROD004308,Smartphone,Electronics,Elite,80778.7,22.92,SUP0136,98,True
PROD004309,Wheat Flour,Grocery,Pro,34436.87,5.09,SUP0256,21,True
PROD004310,Exam Preparation Book,Books,Elite,16926.85,5.16,SUP0486,98,True
PROD004311,Air Fryer,Home & Kitchen,Prime,87595.18,26.18,SUP0289,21,True
PROD004312,Formal Shirt,Fashion,Value,94397.23,20.4,SUP0491,49,True
PROD004313,Mixer Grinder,Home & Kitchen,Pro,38249.18,6.89,SUP0448,76,True
PROD004314,Sneakers,Fashion,Pro,65165.28,18.06,SUP0284,84,True
PROD004315,Mixer Grinder,Home & Kitchen,Nova,15265.22,11.96,SUP0373,44,True
PROD004316,Bedsheet,Home & Kitchen,Max,21881.9,7.1,SUP0034,14,True
PROD004317,Jeans,Fashion,Value,30416.85,10.88,SUP0240,57,True
PROD004318,Bedsheet,Home & Kitchen,Nova,28725.65,9.32,SUP0332,45,True
PROD004319,Cricket Bat,Sports,Max,55638.85,10.82,SUP0322,43,True
PROD004320,Bedsheet,Home & Kitchen,Elite,36491.73,19.57,SUP0373,88,False
PROD004321,Phone Case,Accessories,Urban,32661.09,17.95,SUP0233,27,True
PROD004322,Football,Sports,Max,20741.05,7.55,SUP0235,13,True
PROD004323,Data Science Book,Books,Max,91185.1,3.97,SUP0291,34,True
PROD004324,Belt,Accessories,Max,14046.16,3.53,SUP0122,22,True
PROD004325,Business Book,Books,Max,39581.63,9.2,SUP0212,25,True
PROD004326,Smartphone,Electronics,Max,51056.04,7.99,SUP0227,16,True
PROD004327,Data Science Book,Books,Pro,72625.37,18.25,SUP0469,70,True
PROD004328,Face Wash,Beauty,Nova,34945.95,17.67,SUP0332,39,True
PROD004329,Tablet,Electronics,Pro,5461.16,6.93,SUP0385,17,True
PROD004330,Laptop,Electronics,Pro,78816.98,17.87,SUP0356,12,True
PROD004331,Dry Fruits,Grocery,Max,88180.41,3.86,SUP0078,88,True
PROD004332,Coffee,Grocery,Prime,73741.29,2.52,SUP0289,80,True
PROD004333,Phone Case,Accessories,Elite,60951.32,29.36,SUP0338,85,True
PROD004334,Yoga Mat,Sports,Urban,35434.07,21.77,SUP0085,9,True
PROD004335,Bluetooth Speaker,Electronics,Pro,30514.51,24.95,SUP0438,88,True
PROD004336,Sunscreen,Beauty,Max,90648.67,22.8,SUP0176,10,False
PROD004337,Data Science Book,Books,Pro,36080.75,8.59,SUP0020,37,True
PROD004338,Dry Fruits,Grocery,Urban,55262.83,22.64,SUP0207,56,True
PROD004339,Cookware Set,Home & Kitchen,Elite,4472.47,20.36,SUP0086,8,True
PROD004340,Coffee,Grocery,Value,26612.29,12.8,SUP0267,57,True
PROD004341,Rice,Grocery,Urban,90472.57,2.81,SUP0392,59,True
PROD004342,Tea,Grocery,Pro,73929.98,15.42,SUP0310,5,True
PROD004343,Bluetooth Speaker,Electronics,Urban,54854.8,23.84,SUP0124,14,True
PROD004344,Rice,Grocery,Urban,77142.18,11.71,SUP0019,71,True
PROD004345,Moisturizer,Beauty,Nova,8647.5,0.71,SUP0074,51,True
PROD004346,Running Shoes,Sports,Max,69010.0,7.0,SUP0282,56,True
PROD004347,Moisturizer,Beauty,Prime,50651.1,6.23,SUP0202,97,True
PROD004348,Face Wash,Beauty,Pro,88777.08,16.67,SUP0326,99,True
PROD004349,Wallet,Accessories,Nova,55986.16,1.54,SUP0037,23,True
PROD004350,Smartphone,Electronics,Elite,82499.68,21.82,SUP0341,89,True
PROD004351,Coffee,Grocery,Pro,46205.67,24.35,SUP0453,84,True
PROD004352,Smart Watch,Electronics,Max,62475.85,6.79,SUP0463,11,True
PROD004353,Laptop,Electronics,Urban,44747.83,16.79,SUP0285,94,False
PROD004354,Laptop,Electronics,Value,57406.36,22.63,SUP0135,62,True
PROD004355,Cookware Set,Home & Kitchen,Pro,95912.38,4.13,SUP0167,72,True
PROD004356,Smart Watch,Electronics,Nova,75618.97,12.35,SUP0412,57,True
PROD004357,Jacket,Fashion,Urban,38215.13,6.98,SUP0344,53,True
PROD004358,T-Shirt,Fashion,Max,72718.65,13.97,SUP0145,36,True
PROD004359,T-Shirt,Fashion,Max,62223.88,22.21,SUP0249,56,True
PROD004360,Sneakers,Fashion,Nova,66811.15,21.66,SUP0127,12,True
PROD004361,Laptop,Electronics,Max,55294.92,27.5,SUP0207,92,True
PROD004362,Sunscreen,Beauty,Elite,58674.76,0.68,SUP0166,23,True
PROD004363,Coffee,Grocery,Max,49518.85,18.9,SUP0475,80,True
PROD004364,Mixer Grinder,Home & Kitchen,Value,93831.63,28.44,SUP0200,75,True
PROD004365,Mixer Grinder,Home & Kitchen,Max,21507.57,4.26,SUP0244,87,True
PROD004366,Cricket Bat,Sports,Pro,42924.7,23.5,SUP0257,26,True
PROD004367,Tablet,Electronics,Nova,89765.01,10.95,SUP0088,91,True
PROD004368,Business Book,Books,Nova,1225.37,8.82,SUP0465,21,True
PROD004369,T-Shirt,Fashion,Nova,68992.99,24.13,SUP0276,83,True
PROD004370,Data Science Book,Books,Max,61113.24,15.45,SUP0416,42,True
PROD004371,Running Shoes,Sports,Nova,47922.48,4.83,SUP0172,47,True
PROD004372,Wheat Flour,Grocery,Prime,67926.54,13.32,SUP0280,79,True
PROD004373,Sunglasses,Accessories,Prime,64611.28,27.1,SUP0263,12,True
PROD004374,Smart Watch,Electronics,Pro,65071.6,2.58,SUP0055,71,True
PROD004375,Cooking Oil,Grocery,Urban,65544.36,5.41,SUP0268,56,True
PROD004376,Formal Shirt,Fashion,Nova,87092.34,11.74,SUP0454,87,True
PROD004377,Sneakers,Fashion,Max,59116.46,21.6,SUP0280,15,True
PROD004378,Phone Case,Accessories,Nova,60527.79,18.04,SUP0371,98,True
PROD004379,Laptop,Electronics,Elite,58519.89,16.4,SUP0221,97,True
PROD004380,Fiction Novel,Books,Max,64216.24,27.53,SUP0159,65,True
PROD004381,Data Science Book,Books,Elite,16125.42,8.44,SUP0210,15,True
PROD004382,Dumbbells,Sports,Value,40016.83,13.24,SUP0117,34,True
PROD004383,Kurta,Fashion,Pro,56783.2,0.6,SUP0045,24,True
PROD004384,Moisturizer,Beauty,Pro,79850.38,19.53,SUP0364,55,True
PROD004385,Phone Case,Accessories,Urban,77374.11,12.11,SUP0463,96,True
PROD004386,Mixer Grinder,Home & Kitchen,Urban,77260.81,22.65,SUP0457,59,True
PROD004387,Coffee,Grocery,Nova,68766.39,28.74,SUP0249,97,True
PROD004388,Sneakers,Fashion,Max,51012.09,27.22,SUP0192,60,True
PROD004389,Fiction Novel,Books,Elite,15983.62,7.97,SUP0311,37,True
PROD004390,Sneakers,Fashion,Value,22302.57,13.31,SUP0012,27,True
PROD004391,T-Shirt,Fashion,Max,53085.44,14.6,SUP0306,88,True
PROD004392,Water Bottle,Home & Kitchen,Urban,83906.76,6.72,SUP0052,63,True
PROD004393,Perfume,Beauty,Nova,18669.0,11.56,SUP0389,53,True
PROD004394,Running Shoes,Sports,Prime,64989.03,6.1,SUP0466,19,True
PROD004395,Exam Preparation Book,Books,Pro,10103.33,24.63,SUP0398,11,True
PROD004396,Kurta,Fashion,Max,99539.33,10.95,SUP0107,46,True
PROD004397,Yoga Mat,Sports,Max,91085.02,18.12,SUP0482,48,True
PROD004398,Jacket,Fashion,Elite,86281.02,4.35,SUP0240,88,True
PROD004399,Exam Preparation Book,Books,Prime,1348.0,18.2,SUP0007,40,True
PROD004400,Sunglasses,Accessories,Elite,19491.29,12.59,SUP0474,52,True
PROD004401,Running Shoes,Sports,Max,8577.45,0.51,SUP0091,13,True
PROD004402,Formal Shirt,Fashion,Nova,95104.25,21.01,SUP0237,30,True
PROD004403,Dumbbells,Sports,Nova,74492.63,5.21,SUP0002,24,True
PROD004404,Storage Box,Home & Kitchen,Max,38295.04,11.1,SUP0167,99,True
PROD004405,Smartphone,Electronics,Value,3429.33,18.87,SUP0248,96,True
PROD004406,Mixer Grinder,Home & Kitchen,Urban,67356.36,28.85,SUP0077,11,True
PROD004407,Dumbbells,Sports,Prime,91112.04,28.31,SUP0440,15,True
PROD004408,Rice,Grocery,Max,15735.25,29.21,SUP0089,89,True
PROD004409,Cricket Bat,Sports,Prime,25244.89,16.28,SUP0022,7,True
PROD004410,Rice,Grocery,Nova,7075.98,19.91,SUP0463,73,True
PROD004411,Moisturizer,Beauty,Pro,78338.28,22.09,SUP0008,19,True
PROD004412,Cooking Oil,Grocery,Nova,12178.69,17.15,SUP0187,84,True
PROD004413,Cooking Oil,Grocery,Urban,9277.1,21.93,SUP0061,97,True
PROD004414,Bluetooth Speaker,Electronics,Elite,63354.94,9.57,SUP0420,44,True
PROD004415,Bedsheet,Home & Kitchen,Nova,1365.54,21.21,SUP0409,46,True
PROD004416,Cooking Oil,Grocery,Prime,17699.6,26.06,SUP0496,9,True
PROD004417,Air Fryer,Home & Kitchen,Max,48581.28,28.67,SUP0016,61,True
PROD004418,Jacket,Fashion,Prime,94120.1,20.02,SUP0072,75,True
PROD004419,Bedsheet,Home & Kitchen,Prime,38554.92,0.62,SUP0351,28,True
PROD004420,Yoga Mat,Sports,Prime,43486.78,20.93,SUP0259,40,True
PROD004421,Cookware Set,Home & Kitchen,Max,24305.33,14.97,SUP0010,72,True
PROD004422,Wireless Earbuds,Electronics,Prime,42456.04,11.77,SUP0316,21,True
PROD004423,Bedsheet,Home & Kitchen,Urban,67480.22,10.99,SUP0249,97,True
PROD004424,Cricket Bat,Sports,Value,67021.53,8.17,SUP0066,11,True
PROD004425,Formal Shirt,Fashion,Value,57769.69,12.96,SUP0401,11,True
PROD004426,Running Shoes,Sports,Value,75884.83,28.15,SUP0496,62,True
PROD004427,Wallet,Accessories,Prime,60697.76,22.59,SUP0486,22,True
PROD004428,Perfume,Beauty,Max,36545.95,22.83,SUP0454,42,False
PROD004429,Sunglasses,Accessories,Max,68043.6,4.23,SUP0239,19,False
PROD004430,Sunglasses,Accessories,Value,14314.24,26.42,SUP0271,85,True
PROD004431,Cricket Bat,Sports,Prime,25885.59,20.73,SUP0469,45,True
PROD004432,Wallet,Accessories,Urban,35555.59,8.18,SUP0407,86,False
PROD004433,Sneakers,Fashion,Pro,55926.5,6.45,SUP0202,49,True
PROD004434,Bluetooth Speaker,Electronics,Pro,93478.79,13.89,SUP0477,34,True
PROD004435,Wireless Earbuds,Electronics,Urban,88161.62,7.72,SUP0169,86,True
PROD004436,Jeans,Fashion,Nova,71252.54,6.2,SUP0478,5,True
PROD004437,Jacket,Fashion,Urban,69254.8,5.67,SUP0094,78,True
PROD004438,Smartphone,Electronics,Prime,10942.51,8.26,SUP0243,99,True
PROD004439,Wheat Flour,Grocery,Nova,99680.97,6.35,SUP0330,32,True
PROD004440,Exam Preparation Book,Books,Pro,53727.9,14.05,SUP0246,79,True
PROD004441,Coffee,Grocery,Nova,64801.8,28.9,SUP0141,51,True
PROD004442,Fiction Novel,Books,Prime,18677.88,6.52,SUP0264,96,True
PROD004443,Smartphone,Electronics,Value,46187.64,25.63,SUP0452,60,True
PROD004444,Running Shoes,Sports,Nova,10629.05,11.25,SUP0228,95,True
PROD004445,Jacket,Fashion,Value,24499.2,2.24,SUP0482,69,True
PROD004446,Belt,Accessories,Urban,69074.84,17.16,SUP0417,43,True
PROD004447,Wallet,Accessories,Pro,7964.04,13.52,SUP0135,13,True
PROD004448,Dumbbells,Sports,Elite,2472.33,1.51,SUP0386,46,True
PROD004449,Sneakers,Fashion,Max,56994.53,8.24,SUP0360,10,True
PROD004450,Belt,Accessories,Max,99990.73,27.25,SUP0126,5,True
PROD004451,Jeans,Fashion,Pro,50843.96,23.67,SUP0132,79,True
PROD004452,Wireless Earbuds,Electronics,Pro,73417.22,28.3,SUP0299,18,True
PROD004453,Cooking Oil,Grocery,Max,63990.22,2.04,SUP0302,41,True
PROD004454,Jacket,Fashion,Urban,6321.02,15.01,SUP0335,84,True
PROD004455,Smart Watch,Electronics,Nova,42384.52,1.45,SUP0288,83,True
PROD004456,Moisturizer,Beauty,Urban,82065.8,8.13,SUP0165,74,True
PROD004457,Cookware Set,Home & Kitchen,Max,3558.75,3.08,SUP0344,70,True
PROD004458,Air Fryer,Home & Kitchen,Elite,24004.42,9.62,SUP0052,13,True
PROD004459,Programming Book,Books,Max,91925.24,29.62,SUP0348,65,True
PROD004460,Tea,Grocery,Pro,34823.05,6.94,SUP0160,14,True
PROD004461,Water Bottle,Home & Kitchen,Urban,94804.02,12.62,SUP0111,33,True
PROD004462,Formal Shirt,Fashion,Pro,71509.13,7.0,SUP0321,48,True
PROD004463,Exam Preparation Book,Books,Elite,94763.58,10.82,SUP0486,6,True
PROD004464,Tablet,Electronics,Pro,68643.43,15.57,SUP0191,88,True
PROD004465,Tablet,Electronics,Pro,22558.81,29.12,SUP0439,21,True
PROD004466,Mixer Grinder,Home & Kitchen,Urban,76003.16,16.93,SUP0018,99,True
PROD004467,Tea,Grocery,Urban,91928.47,20.26,SUP0243,24,True
PROD004468,Fiction Novel,Books,Prime,90406.58,22.44,SUP0349,25,True
PROD004469,Wireless Earbuds,Electronics,Elite,13869.02,8.24,SUP0143,8,True
PROD004470,Storage Box,Home & Kitchen,Prime,23840.14,26.07,SUP0292,40,True
PROD004471,Laptop,Electronics,Pro,39670.19,17.62,SUP0037,18,True
PROD004472,Sunglasses,Accessories,Urban,79418.54,8.62,SUP0231,14,True
PROD004473,Wheat Flour,Grocery,Urban,89183.97,3.55,SUP0028,70,True
PROD004474,Laptop,Electronics,Prime,98110.08,28.36,SUP0143,98,True
PROD004475,Wallet,Accessories,Pro,31528.61,4.89,SUP0343,57,True
PROD004476,Dry Fruits,Grocery,Nova,4423.9,5.36,SUP0480,35,True
PROD004477,Wheat Flour,Grocery,Prime,73868.67,23.04,SUP0325,96,True
PROD004478,Bluetooth Speaker,Electronics,Pro,28232.59,0.54,SUP0156,79,True
PROD004479,Formal Shirt,Fashion,Elite,27921.26,9.4,SUP0204,77,True
PROD004480,Tablet,Electronics,Nova,80398.94,9.52,SUP0195,85,True
PROD004481,Sunscreen,Beauty,Prime,37604.42,13.49,SUP0413,75,True
PROD004482,Jacket,Fashion,Urban,72778.36,13.0,SUP0292,72,True
PROD004483,Wireless Earbuds,Electronics,Urban,62083.63,18.26,SUP0106,56,True
PROD004484,Football,Sports,Urban,21766.38,21.51,SUP0272,45,False
PROD004485,Phone Case,Accessories,Elite,97258.69,1.71,SUP0141,84,True
PROD004486,Dry Fruits,Grocery,Value,36664.18,14.13,SUP0051,84,True
PROD004487,Perfume,Beauty,Elite,26813.31,28.89,SUP0244,19,True
PROD004488,Tea,Grocery,Pro,19374.58,17.98,SUP0464,32,True
PROD004489,Backpack,Accessories,Elite,10659.51,11.63,SUP0066,53,True
PROD004490,Sunglasses,Accessories,Nova,98160.83,22.25,SUP0284,80,True
PROD004491,Programming Book,Books,Prime,2663.22,21.55,SUP0486,54,True
PROD004492,Bluetooth Speaker,Electronics,Nova,70785.81,26.91,SUP0248,67,True
PROD004493,Backpack,Accessories,Pro,2895.93,14.6,SUP0470,81,True
PROD004494,Mixer Grinder,Home & Kitchen,Urban,71276.87,22.75,SUP0321,15,True
PROD004495,Water Bottle,Home & Kitchen,Pro,47038.72,12.53,SUP0212,98,True
PROD004496,Wheat Flour,Grocery,Nova,42185.41,4.84,SUP0183,29,True
PROD004497,Phone Case,Accessories,Nova,66620.87,7.36,SUP0427,14,True
PROD004498,Sneakers,Fashion,Value,16407.68,23.21,SUP0370,57,True
PROD004499,Coffee,Grocery,Pro,73409.44,10.34,SUP0380,59,True
PROD004500,T-Shirt,Fashion,Urban,18250.27,0.38,SUP0070,25,True
PROD004501,Football,Sports,Elite,43556.48,16.14,SUP0460,6,True
PROD004502,Coffee,Grocery,Prime,4738.11,28.37,SUP0328,96,True
PROD004503,Coffee,Grocery,Prime,51534.83,28.25,SUP0157,49,True
PROD004504,T-Shirt,Fashion,Pro,19797.23,12.97,SUP0378,50,True
PROD004505,Phone Case,Accessories,Urban,19454.11,0.23,SUP0310,52,True
PROD004506,Smart Watch,Electronics,Value,47822.43,0.31,SUP0111,39,True
PROD004507,Belt,Accessories,Value,74491.97,20.92,SUP0087,50,True
PROD004508,Belt,Accessories,Value,56906.45,9.37,SUP0037,83,False
PROD004509,Wireless Earbuds,Electronics,Nova,11723.98,10.28,SUP0071,9,True
PROD004510,Coffee,Grocery,Value,22935.69,21.75,SUP0236,75,True
PROD004511,T-Shirt,Fashion,Max,79180.95,13.52,SUP0380,64,True
PROD004512,Rice,Grocery,Max,83110.35,29.19,SUP0245,65,True
PROD004513,Cooking Oil,Grocery,Prime,45399.86,27.52,SUP0036,41,True
PROD004514,Kurta,Fashion,Prime,51486.97,12.07,SUP0082,12,True
PROD004515,Cookware Set,Home & Kitchen,Nova,38253.73,26.73,SUP0148,47,True
PROD004516,Laptop,Electronics,Pro,39246.07,12.91,SUP0181,50,True
PROD004517,Exam Preparation Book,Books,Nova,4644.74,16.42,SUP0140,56,True
PROD004518,Water Bottle,Home & Kitchen,Urban,32014.46,21.33,SUP0475,67,True
PROD004519,Tablet,Electronics,Prime,70171.97,13.45,SUP0458,5,True
PROD004520,Cricket Bat,Sports,Max,25576.47,29.2,SUP0143,98,True
PROD004521,Exam Preparation Book,Books,Max,1557.82,21.26,SUP0327,69,True
PROD004522,Fiction Novel,Books,Pro,31572.95,1.84,SUP0029,45,True
PROD004523,Smart Watch,Electronics,Elite,52836.1,0.69,SUP0209,78,True
PROD004524,Sunscreen,Beauty,Elite,58127.37,1.38,SUP0143,18,True
PROD004525,Smart Watch,Electronics,Prime,17984.1,19.1,SUP0224,72,True
PROD004526,Air Fryer,Home & Kitchen,Value,70064.98,11.47,SUP0055,28,False
PROD004527,Football,Sports,Max,55423.57,22.72,SUP0356,99,True
PROD004528,Cricket Bat,Sports,Nova,64379.85,4.13,SUP0194,85,True
PROD004529,Water Bottle,Home & Kitchen,Elite,95387.6,28.3,SUP0394,22,True
PROD004530,Shampoo,Beauty,Nova,45171.12,24.15,SUP0414,6,True
PROD004531,Water Bottle,Home & Kitchen,Nova,61885.88,1.0,SUP0307,29,True
PROD004532,Cookware Set,Home & Kitchen,Elite,92030.32,5.08,SUP0405,83,True
PROD004533,Coffee,Grocery,Prime,79377.78,12.16,SUP0425,84,True
PROD004534,Mixer Grinder,Home & Kitchen,Elite,18763.91,16.92,SUP0208,90,True
PROD004535,Tablet,Electronics,Prime,4682.92,26.66,SUP0349,78,True
PROD004536,Bluetooth Speaker,Electronics,Prime,48217.33,6.1,SUP0172,51,True
PROD004537,Cookware Set,Home & Kitchen,Elite,88665.94,18.78,SUP0083,17,True
PROD004538,Exam Preparation Book,Books,Max,42844.69,4.13,SUP0091,95,True
PROD004539,Tablet,Electronics,Pro,17396.73,18.82,SUP0037,94,True
PROD004540,Running Shoes,Sports,Elite,25304.06,21.91,SUP0266,48,True
PROD004541,Cooking Oil,Grocery,Nova,82509.53,5.55,SUP0273,98,True
PROD004542,Tablet,Electronics,Elite,99295.11,13.32,SUP0192,99,True
PROD004543,Mixer Grinder,Home & Kitchen,Nova,23680.3,24.81,SUP0119,43,True
PROD004544,Tablet,Electronics,Max,6365.35,1.34,SUP0353,49,True
PROD004545,Cricket Bat,Sports,Elite,70286.17,9.14,SUP0325,100,True
PROD004546,Programming Book,Books,Value,34760.16,28.55,SUP0402,65,True
PROD004547,Smartphone,Electronics,Pro,44555.17,21.16,SUP0026,95,True
PROD004548,Tablet,Electronics,Pro,45896.57,3.63,SUP0318,58,True
PROD004549,Running Shoes,Sports,Max,55866.63,23.53,SUP0366,81,True
PROD004550,Data Science Book,Books,Urban,27626.0,12.66,SUP0095,61,True
PROD004551,Sneakers,Fashion,Max,89515.3,24.0,SUP0324,53,True
PROD004552,Dry Fruits,Grocery,Pro,64197.4,18.24,SUP0487,47,True
PROD004553,Wireless Earbuds,Electronics,Max,71485.47,18.74,SUP0202,59,True
PROD004554,Bluetooth Speaker,Electronics,Urban,61998.85,23.29,SUP0471,82,True
PROD004555,Belt,Accessories,Elite,63936.76,4.13,SUP0014,64,True
PROD004556,Cooking Oil,Grocery,Nova,47984.1,2.37,SUP0383,22,True
PROD004557,Mixer Grinder,Home & Kitchen,Value,73048.07,8.31,SUP0383,75,True
PROD004558,Phone Case,Accessories,Elite,63395.82,11.24,SUP0408,76,True
PROD004559,Wireless Earbuds,Electronics,Urban,56877.97,29.29,SUP0173,25,True
PROD004560,Bedsheet,Home & Kitchen,Pro,25651.98,20.83,SUP0149,60,True
PROD004561,Wheat Flour,Grocery,Urban,41480.89,29.31,SUP0073,33,True
PROD004562,Dumbbells,Sports,Elite,66700.24,7.37,SUP0110,87,True
PROD004563,Air Fryer,Home & Kitchen,Pro,66191.08,25.09,SUP0301,71,True
PROD004564,Air Fryer,Home & Kitchen,Max,72392.89,3.59,SUP0066,68,False
PROD004565,Cricket Bat,Sports,Max,95389.72,15.09,SUP0303,88,True
PROD004566,Smartphone,Electronics,Pro,83983.6,21.38,SUP0410,96,True
PROD004567,Cricket Bat,Sports,Urban,11573.03,9.44,SUP0150,50,True
PROD004568,Air Fryer,Home & Kitchen,Prime,46640.53,10.51,SUP0297,47,True
PROD004569,Yoga Mat,Sports,Pro,27788.43,8.54,SUP0436,44,True
PROD004570,Wallet,Accessories,Max,32532.83,9.26,SUP0158,41,True
PROD004571,Cooking Oil,Grocery,Elite,79300.68,10.48,SUP0017,48,True
PROD004572,Kurta,Fashion,Value,41290.55,14.02,SUP0295,58,True
PROD004573,Data Science Book,Books,Nova,58213.33,21.46,SUP0044,64,True
PROD004574,Formal Shirt,Fashion,Prime,36731.98,18.31,SUP0193,92,True
PROD004575,Sunscreen,Beauty,Value,91540.7,8.16,SUP0163,49,True
PROD004576,Cookware Set,Home & Kitchen,Urban,25182.01,13.24,SUP0217,23,True
PROD004577,Dry Fruits,Grocery,Prime,44488.42,25.63,SUP0102,33,True
PROD004578,Data Science Book,Books,Prime,64300.78,0.7,SUP0367,62,True
PROD004579,Sneakers,Fashion,Elite,55870.17,4.56,SUP0016,11,True
PROD004580,Laptop,Electronics,Elite,96378.09,5.86,SUP0143,25,True
PROD004581,Mixer Grinder,Home & Kitchen,Max,85975.5,6.66,SUP0061,58,True
PROD004582,Tablet,Electronics,Max,92075.58,29.45,SUP0209,64,True
PROD004583,Face Wash,Beauty,Value,90316.31,0.54,SUP0481,52,False
PROD004584,Fiction Novel,Books,Nova,68389.55,0.62,SUP0104,60,True
PROD004585,Wheat Flour,Grocery,Urban,24841.47,12.41,SUP0001,72,True
PROD004586,Bluetooth Speaker,Electronics,Nova,18911.35,19.61,SUP0381,50,True
PROD004587,Football,Sports,Nova,99468.33,27.53,SUP0056,43,True
PROD004588,Tablet,Electronics,Max,87417.48,11.12,SUP0062,35,True
PROD004589,Exam Preparation Book,Books,Urban,67726.49,11.72,SUP0245,10,True
PROD004590,Coffee,Grocery,Urban,35806.48,15.39,SUP0344,13,True
PROD004591,Smartphone,Electronics,Urban,9737.62,7.35,SUP0221,51,True
PROD004592,Jacket,Fashion,Urban,97586.67,21.72,SUP0209,14,True
PROD004593,T-Shirt,Fashion,Nova,76524.43,1.76,SUP0204,88,True
PROD004594,Moisturizer,Beauty,Elite,82533.9,18.76,SUP0180,86,True
PROD004595,Phone Case,Accessories,Prime,44532.18,27.0,SUP0172,56,True
PROD004596,Wallet,Accessories,Urban,57601.22,22.49,SUP0062,69,True
PROD004597,Wallet,Accessories,Max,57561.75,21.72,SUP0489,6,True
PROD004598,Tea,Grocery,Nova,75402.39,18.04,SUP0088,22,True
PROD004599,Cookware Set,Home & Kitchen,Elite,55296.25,17.0,SUP0340,7,True
PROD004600,Yoga Mat,Sports,Urban,26160.99,29.57,SUP0105,56,True
PROD004601,Smart Watch,Electronics,Max,77847.23,15.17,SUP0194,79,True
PROD004602,Fiction Novel,Books,Nova,62515.44,17.05,SUP0316,81,True
PROD004603,Water Bottle,Home & Kitchen,Nova,44657.33,28.79,SUP0433,92,True
PROD004604,Smartphone,Electronics,Nova,89024.94,15.2,SUP0270,23,True
PROD004605,Face Wash,Beauty,Elite,7200.55,5.14,SUP0172,76,True
PROD004606,Sunglasses,Accessories,Urban,65752.85,14.57,SUP0159,30,True
PROD004607,Tablet,Electronics,Urban,39485.53,17.37,SUP0142,39,False
PROD004608,Coffee,Grocery,Elite,87226.68,6.18,SUP0115,30,True
PROD004609,Tea,Grocery,Max,9461.72,13.77,SUP0294,76,True
PROD004610,Tablet,Electronics,Pro,99205.59,23.67,SUP0232,84,True
PROD004611,Jeans,Fashion,Prime,14200.99,26.77,SUP0251,81,True
PROD004612,T-Shirt,Fashion,Pro,20713.06,4.54,SUP0402,68,True
PROD004613,Tablet,Electronics,Value,1485.06,1.72,SUP0248,53,True
PROD004614,Smart Watch,Electronics,Urban,78712.93,16.47,SUP0259,23,True
PROD004615,Smart Watch,Electronics,Elite,28374.9,5.49,SUP0007,22,True
PROD004616,Smart Watch,Electronics,Prime,44718.59,2.56,SUP0468,87,True
PROD004617,Phone Case,Accessories,Pro,13361.85,2.21,SUP0395,98,True
PROD004618,Water Bottle,Home & Kitchen,Value,54094.67,18.27,SUP0417,37,False
PROD004619,Storage Box,Home & Kitchen,Max,25633.01,0.61,SUP0116,30,True
PROD004620,Coffee,Grocery,Urban,30301.4,2.08,SUP0481,37,True
PROD004621,Belt,Accessories,Pro,89128.26,13.49,SUP0407,78,True
PROD004622,Sunglasses,Accessories,Urban,53768.74,23.61,SUP0283,96,True
PROD004623,Jacket,Fashion,Max,82569.89,29.53,SUP0164,76,True
PROD004624,Sunglasses,Accessories,Nova,65520.06,9.05,SUP0439,95,True
PROD004625,Rice,Grocery,Value,73616.2,20.83,SUP0467,68,True
PROD004626,Tablet,Electronics,Nova,76772.22,26.6,SUP0447,41,True
PROD004627,Dry Fruits,Grocery,Value,93081.82,22.19,SUP0081,82,True
PROD004628,Cooking Oil,Grocery,Elite,97590.13,17.81,SUP0144,93,True
PROD004629,Phone Case,Accessories,Prime,78730.02,16.11,SUP0500,65,True
PROD004630,Laptop,Electronics,Max,52651.76,20.48,SUP0075,37,True
PROD004631,Dry Fruits,Grocery,Prime,5977.34,22.55,SUP0243,51,True
PROD004632,T-Shirt,Fashion,Urban,71659.18,14.88,SUP0360,99,True
PROD004633,Dry Fruits,Grocery,Elite,30360.5,20.25,SUP0495,92,True
PROD004634,Coffee,Grocery,Prime,77352.79,25.66,SUP0048,96,True
PROD004635,Perfume,Beauty,Urban,80186.99,10.27,SUP0162,14,True
PROD004636,Wallet,Accessories,Pro,72116.74,29.92,SUP0290,93,True
PROD004637,Exam Preparation Book,Books,Elite,66105.32,19.16,SUP0419,85,True
PROD004638,Formal Shirt,Fashion,Value,9452.21,8.12,SUP0461,20,True
PROD004639,Bluetooth Speaker,Electronics,Pro,99179.53,28.54,SUP0448,38,True
PROD004640,Dry Fruits,Grocery,Pro,88160.75,7.89,SUP0135,81,True
PROD004641,Bluetooth Speaker,Electronics,Nova,64309.46,16.98,SUP0417,60,True
PROD004642,Bluetooth Speaker,Electronics,Prime,21595.44,14.69,SUP0110,50,True
PROD004643,Yoga Mat,Sports,Pro,98532.52,10.63,SUP0079,14,True
PROD004644,Smart Watch,Electronics,Nova,32779.69,0.67,SUP0107,24,True
PROD004645,Smart Watch,Electronics,Nova,18484.0,20.47,SUP0260,21,False
PROD004646,Tea,Grocery,Prime,11134.8,9.1,SUP0094,33,True
PROD004647,Backpack,Accessories,Elite,10874.95,15.64,SUP0236,44,True
PROD004648,Face Wash,Beauty,Nova,98568.35,11.27,SUP0136,92,True
PROD004649,Formal Shirt,Fashion,Prime,22108.06,25.19,SUP0457,10,True
PROD004650,Bedsheet,Home & Kitchen,Max,68396.29,19.01,SUP0475,76,True
PROD004651,Running Shoes,Sports,Prime,13850.93,26.79,SUP0247,22,True
PROD004652,Jacket,Fashion,Pro,71765.48,17.69,SUP0143,94,True
PROD004653,Jacket,Fashion,Nova,87938.76,5.37,SUP0011,24,True
PROD004654,Perfume,Beauty,Max,44823.14,21.46,SUP0019,87,True
PROD004655,Jacket,Fashion,Prime,34329.21,7.59,SUP0345,35,True
PROD004656,Sunglasses,Accessories,Prime,88937.29,18.54,SUP0482,25,True
PROD004657,Cricket Bat,Sports,Pro,57159.02,20.13,SUP0276,69,True
PROD004658,Phone Case,Accessories,Max,67095.51,28.43,SUP0247,7,True
PROD004659,Water Bottle,Home & Kitchen,Pro,43521.72,18.05,SUP0103,11,True
PROD004660,Phone Case,Accessories,Prime,99412.81,19.03,SUP0171,59,True
PROD004661,Mixer Grinder,Home & Kitchen,Pro,37504.08,2.49,SUP0457,98,True
PROD004662,Programming Book,Books,Pro,63625.06,6.62,SUP0056,92,True
PROD004663,Belt,Accessories,Pro,75673.4,7.59,SUP0089,88,True
PROD004664,Wallet,Accessories,Prime,21647.75,13.04,SUP0364,72,True
PROD004665,Sunglasses,Accessories,Urban,36536.24,6.72,SUP0325,31,True
PROD004666,Moisturizer,Beauty,Nova,3361.35,11.82,SUP0336,99,True
PROD004667,Cooking Oil,Grocery,Prime,34774.13,27.6,SUP0165,36,True
PROD004668,Sneakers,Fashion,Prime,81996.43,28.27,SUP0494,60,True
PROD004669,Coffee,Grocery,Pro,45420.99,8.1,SUP0167,38,True
PROD004670,Face Wash,Beauty,Elite,57703.0,4.37,SUP0433,23,True
PROD004671,Dry Fruits,Grocery,Max,52737.56,11.04,SUP0039,38,True
PROD004672,Dry Fruits,Grocery,Value,87055.05,18.3,SUP0278,62,True
PROD004673,Face Wash,Beauty,Nova,92719.41,0.28,SUP0495,26,True
PROD004674,Football,Sports,Prime,11342.17,14.73,SUP0143,5,True
PROD004675,Storage Box,Home & Kitchen,Urban,23743.41,1.67,SUP0286,67,True
PROD004676,Jeans,Fashion,Prime,51658.72,19.15,SUP0047,93,True
PROD004677,Formal Shirt,Fashion,Pro,27648.71,19.41,SUP0253,65,True
PROD004678,Bluetooth Speaker,Electronics,Nova,39123.48,15.26,SUP0231,93,True
PROD004679,Bluetooth Speaker,Electronics,Prime,4044.24,1.75,SUP0272,81,True
PROD004680,Water Bottle,Home & Kitchen,Pro,77936.38,23.11,SUP0219,31,False
PROD004681,Cooking Oil,Grocery,Max,51521.61,14.77,SUP0097,83,True
PROD004682,Phone Case,Accessories,Urban,94727.73,9.39,SUP0266,77,True
PROD004683,Wallet,Accessories,Elite,55298.66,20.36,SUP0017,77,True
PROD004684,Data Science Book,Books,Pro,95820.19,16.74,SUP0332,43,False
PROD004685,Cricket Bat,Sports,Value,43026.8,2.36,SUP0480,100,True
PROD004686,Fiction Novel,Books,Value,13550.47,9.44,SUP0229,59,True
PROD004687,Wallet,Accessories,Pro,18410.72,18.42,SUP0361,92,True
PROD004688,Smart Watch,Electronics,Prime,24698.26,6.92,SUP0023,74,True
PROD004689,Bedsheet,Home & Kitchen,Value,23109.66,10.64,SUP0464,66,True
PROD004690,Wheat Flour,Grocery,Max,96620.72,20.99,SUP0420,14,True
PROD004691,Storage Box,Home & Kitchen,Value,18083.45,8.53,SUP0179,24,True
PROD004692,Air Fryer,Home & Kitchen,Elite,47580.11,5.13,SUP0357,74,True
PROD004693,Laptop,Electronics,Pro,77198.82,26.91,SUP0139,53,True
PROD004694,Jacket,Fashion,Pro,39744.28,0.61,SUP0485,46,True
PROD004695,Belt,Accessories,Nova,3354.96,18.0,SUP0090,25,True
PROD004696,Perfume,Beauty,Pro,93911.44,22.12,SUP0253,79,True
PROD004697,Storage Box,Home & Kitchen,Urban,12795.16,23.71,SUP0222,79,True
PROD004698,Phone Case,Accessories,Urban,74248.98,14.59,SUP0060,32,True
PROD004699,Perfume,Beauty,Prime,85681.5,5.55,SUP0093,8,False
PROD004700,Air Fryer,Home & Kitchen,Pro,20791.26,18.73,SUP0373,34,True
PROD004701,Wallet,Accessories,Urban,396.0,7.94,SUP0262,89,True
PROD004702,Jacket,Fashion,Pro,3816.54,1.23,SUP0112,11,True
PROD004703,Running Shoes,Sports,Pro,82985.84,27.33,SUP0229,92,True
PROD004704,Coffee,Grocery,Urban,51382.44,10.23,SUP0489,80,True
PROD004705,Football,Sports,Pro,88886.75,11.58,SUP0097,33,True
PROD004706,T-Shirt,Fashion,Pro,33089.14,16.82,SUP0476,47,True
PROD004707,Cricket Bat,Sports,Max,17289.51,19.29,SUP0119,47,True
PROD004708,Tablet,Electronics,Nova,1338.05,2.36,SUP0246,44,True
PROD004709,Coffee,Grocery,Nova,38867.31,7.24,SUP0088,50,True
PROD004710,Kurta,Fashion,Pro,68962.17,28.28,SUP0448,9,True
PROD004711,Fiction Novel,Books,Prime,69430.91,22.18,SUP0028,24,True
PROD004712,Cricket Bat,Sports,Pro,71521.11,0.69,SUP0123,35,True
PROD004713,Rice,Grocery,Max,6548.63,8.6,SUP0453,83,True
PROD004714,Belt,Accessories,Nova,54775.92,9.36,SUP0338,33,True
PROD004715,Wallet,Accessories,Pro,66958.52,25.52,SUP0475,45,True
PROD004716,T-Shirt,Fashion,Elite,252.8,12.24,SUP0082,11,True
PROD004717,Bedsheet,Home & Kitchen,Pro,30446.14,7.71,SUP0096,28,True
PROD004718,Smart Watch,Electronics,Value,84610.49,7.62,SUP0156,26,True
PROD004719,Wireless Earbuds,Electronics,Nova,40097.86,11.78,SUP0105,18,True
PROD004720,Bluetooth Speaker,Electronics,Max,7760.39,29.3,SUP0177,37,True
PROD004721,Shampoo,Beauty,Max,63011.8,25.2,SUP0028,54,True
PROD004722,Running Shoes,Sports,Elite,41767.44,11.46,SUP0393,53,True
PROD004723,Dumbbells,Sports,Pro,63291.86,6.7,SUP0222,26,True
PROD004724,Wireless Earbuds,Electronics,Max,86560.25,19.47,SUP0207,19,True
PROD004725,Bluetooth Speaker,Electronics,Pro,1169.94,23.13,SUP0186,52,True
PROD004726,Sunglasses,Accessories,Urban,92445.74,21.94,SUP0423,18,True
PROD004727,Belt,Accessories,Value,88092.44,5.19,SUP0268,20,True
PROD004728,Cooking Oil,Grocery,Value,36385.55,22.64,SUP0347,85,True
PROD004729,Water Bottle,Home & Kitchen,Nova,15975.08,1.72,SUP0274,9,True
PROD004730,Perfume,Beauty,Urban,39972.71,11.58,SUP0342,93,True
PROD004731,Running Shoes,Sports,Max,20376.12,23.85,SUP0017,46,True
PROD004732,Tablet,Electronics,Max,76112.97,13.66,SUP0291,100,True
PROD004733,Bluetooth Speaker,Electronics,Urban,67601.43,26.6,SUP0252,88,True
PROD004734,Shampoo,Beauty,Max,2620.27,18.49,SUP0490,92,True
PROD004735,Jacket,Fashion,Max,70218.06,16.35,SUP0082,48,True
PROD004736,Bedsheet,Home & Kitchen,Nova,72191.12,8.01,SUP0189,95,True
PROD004737,Air Fryer,Home & Kitchen,Prime,50944.93,24.49,SUP0155,73,True
PROD004738,Wireless Earbuds,Electronics,Elite,15401.3,8.99,SUP0172,37,True
PROD004739,Cookware Set,Home & Kitchen,Nova,45660.81,10.16,SUP0019,28,True
PROD004740,Cricket Bat,Sports,Prime,16323.85,25.21,SUP0364,17,True
PROD004741,Laptop,Electronics,Max,6634.68,12.41,SUP0368,35,True
PROD004742,Phone Case,Accessories,Elite,16511.52,20.31,SUP0328,83,True
PROD004743,Wallet,Accessories,Urban,80027.02,29.31,SUP0330,92,True
PROD004744,Wireless Earbuds,Electronics,Prime,44244.67,4.37,SUP0401,92,True
PROD004745,Tea,Grocery,Pro,6332.62,20.15,SUP0077,36,True
PROD004746,Bluetooth Speaker,Electronics,Pro,8941.31,0.25,SUP0270,62,True
PROD004747,Wireless Earbuds,Electronics,Max,4073.79,16.46,SUP0205,40,True
PROD004748,Sunglasses,Accessories,Pro,10116.61,29.28,SUP0159,46,True
PROD004749,Rice,Grocery,Pro,38122.9,26.0,SUP0011,5,True
PROD004750,Sunscreen,Beauty,Value,3438.42,28.2,SUP0067,83,True
PROD004751,Smart Watch,Electronics,Max,82804.19,12.76,SUP0395,30,True
PROD004752,Wireless Earbuds,Electronics,Nova,68215.11,23.67,SUP0344,79,True
PROD004753,Tablet,Electronics,Value,94846.33,23.73,SUP0072,21,True
PROD004754,Coffee,Grocery,Max,19470.62,7.09,SUP0493,31,True
PROD004755,Belt,Accessories,Value,5148.77,4.74,SUP0329,79,True
PROD004756,Formal Shirt,Fashion,Max,88196.81,16.05,SUP0174,11,True
PROD004757,Tablet,Electronics,Elite,84276.46,29.89,SUP0439,6,True
PROD004758,Tablet,Electronics,Elite,55789.2,29.5,SUP0424,80,True
PROD004759,Phone Case,Accessories,Value,85936.02,14.77,SUP0204,60,True
PROD004760,Running Shoes,Sports,Value,87907.33,3.83,SUP0439,86,True
PROD004761,Dry Fruits,Grocery,Pro,74954.38,24.48,SUP0387,42,True
PROD004762,Smartphone,Electronics,Pro,13335.42,4.78,SUP0249,53,True
PROD004763,Air Fryer,Home & Kitchen,Elite,24099.55,24.52,SUP0382,33,True
PROD004764,Bluetooth Speaker,Electronics,Urban,27231.31,3.39,SUP0079,48,True
PROD004765,Tablet,Electronics,Max,55775.78,4.09,SUP0170,90,True
PROD004766,Fiction Novel,Books,Urban,82224.9,1.52,SUP0029,7,True
PROD004767,Bluetooth Speaker,Electronics,Nova,15670.43,2.05,SUP0035,43,True
PROD004768,Belt,Accessories,Max,15308.07,7.22,SUP0405,65,True
PROD004769,Wireless Earbuds,Electronics,Pro,47243.56,23.24,SUP0134,13,True
PROD004770,Shampoo,Beauty,Elite,63089.87,0.17,SUP0146,79,True
PROD004771,Data Science Book,Books,Pro,60671.8,20.19,SUP0113,60,True
PROD004772,Wheat Flour,Grocery,Pro,11138.82,12.92,SUP0258,79,True
PROD004773,Face Wash,Beauty,Urban,4548.53,17.76,SUP0433,78,True
PROD004774,Laptop,Electronics,Prime,35145.38,8.18,SUP0176,20,True
PROD004775,Running Shoes,Sports,Prime,975.88,10.43,SUP0475,48,True
PROD004776,Wireless Earbuds,Electronics,Pro,72901.36,19.08,SUP0491,79,True
PROD004777,Wallet,Accessories,Pro,29867.22,11.74,SUP0193,87,True
PROD004778,Wireless Earbuds,Electronics,Elite,71002.53,20.95,SUP0198,55,True
PROD004779,Wheat Flour,Grocery,Prime,28625.3,23.21,SUP0420,73,True
PROD004780,Bedsheet,Home & Kitchen,Nova,32573.86,1.08,SUP0426,10,True
PROD004781,Smartphone,Electronics,Prime,40131.87,15.87,SUP0495,69,True
PROD004782,Dry Fruits,Grocery,Pro,7348.06,7.86,SUP0394,62,True
PROD004783,Dry Fruits,Grocery,Pro,56205.83,11.43,SUP0477,21,True
PROD004784,Bluetooth Speaker,Electronics,Max,50786.53,5.71,SUP0495,80,True
PROD004785,Wallet,Accessories,Elite,48115.72,3.52,SUP0435,59,True
PROD004786,Business Book,Books,Urban,35527.07,1.53,SUP0467,87,True
PROD004787,Bedsheet,Home & Kitchen,Pro,64672.48,10.11,SUP0231,8,True
PROD004788,Bedsheet,Home & Kitchen,Max,70079.72,28.22,SUP0216,8,True
PROD004789,Laptop,Electronics,Pro,88972.37,18.87,SUP0052,18,True
PROD004790,Backpack,Accessories,Max,9472.59,12.96,SUP0362,15,True
PROD004791,Cricket Bat,Sports,Value,38940.25,7.53,SUP0004,77,True
PROD004792,Tea,Grocery,Elite,83162.53,14.17,SUP0161,46,True
PROD004793,Perfume,Beauty,Prime,81740.11,14.6,SUP0430,85,True
PROD004794,Running Shoes,Sports,Pro,46963.7,23.87,SUP0026,99,True
PROD004795,Sunscreen,Beauty,Pro,81555.43,23.02,SUP0263,90,True
PROD004796,Sunscreen,Beauty,Pro,95294.54,24.13,SUP0248,53,True
PROD004797,Dumbbells,Sports,Elite,59911.88,25.62,SUP0236,45,False
PROD004798,Formal Shirt,Fashion,Urban,48390.96,11.7,SUP0131,47,True
PROD004799,Shampoo,Beauty,Prime,41704.91,1.06,SUP0125,93,True
PROD004800,Water Bottle,Home & Kitchen,Pro,76212.21,19.38,SUP0486,27,True
PROD004801,Wireless Earbuds,Electronics,Elite,52225.55,14.6,SUP0280,53,False
PROD004802,Shampoo,Beauty,Max,51443.45,10.13,SUP0210,47,True
PROD004803,Wireless Earbuds,Electronics,Pro,90117.59,8.5,SUP0215,96,True
PROD004804,Mixer Grinder,Home & Kitchen,Nova,57705.73,19.1,SUP0275,11,True
PROD004805,Tablet,Electronics,Urban,16523.67,24.66,SUP0432,98,True
PROD004806,Cricket Bat,Sports,Prime,31034.75,17.93,SUP0041,54,True
PROD004807,Sneakers,Fashion,Max,15705.66,16.67,SUP0148,38,True
PROD004808,Tea,Grocery,Nova,50065.98,11.72,SUP0106,62,True
PROD004809,Dry Fruits,Grocery,Max,8418.86,11.97,SUP0006,100,True
PROD004810,Sunglasses,Accessories,Urban,58167.98,20.85,SUP0113,93,True
PROD004811,T-Shirt,Fashion,Pro,33917.36,11.57,SUP0129,8,True
PROD004812,Dry Fruits,Grocery,Pro,28450.77,5.7,SUP0147,12,True
PROD004813,Storage Box,Home & Kitchen,Nova,49046.26,1.09,SUP0239,37,True
PROD004814,Coffee,Grocery,Urban,75575.22,4.22,SUP0321,100,True
PROD004815,Coffee,Grocery,Pro,19763.7,14.19,SUP0030,63,True
PROD004816,Tea,Grocery,Urban,91603.11,2.05,SUP0382,16,True
PROD004817,Rice,Grocery,Urban,15185.09,5.46,SUP0023,84,True
PROD004818,Storage Box,Home & Kitchen,Prime,38715.68,12.91,SUP0241,37,True
PROD004819,T-Shirt,Fashion,Prime,29834.18,13.46,SUP0318,38,True
PROD004820,Smartphone,Electronics,Pro,5476.48,4.78,SUP0240,39,True
PROD004821,Cooking Oil,Grocery,Urban,59313.16,18.31,SUP0165,46,True
PROD004822,Air Fryer,Home & Kitchen,Max,43449.66,15.44,SUP0295,91,True
PROD004823,Dumbbells,Sports,Pro,62411.68,4.02,SUP0310,87,True
PROD004824,Tablet,Electronics,Urban,26092.05,22.27,SUP0094,19,True
PROD004825,Water Bottle,Home & Kitchen,Max,25462.27,16.73,SUP0084,44,True
PROD004826,Business Book,Books,Prime,43056.25,13.57,SUP0420,23,True
PROD004827,Bedsheet,Home & Kitchen,Value,24645.47,18.7,SUP0140,21,True
PROD004828,Cricket Bat,Sports,Pro,934.36,24.46,SUP0494,41,True
PROD004829,Jacket,Fashion,Nova,1979.95,20.31,SUP0391,46,True
PROD004830,Sneakers,Fashion,Nova,17165.42,23.5,SUP0479,67,True
PROD004831,Rice,Grocery,Prime,14777.96,9.91,SUP0484,91,True
PROD004832,Sunscreen,Beauty,Elite,59426.19,24.12,SUP0229,90,True
PROD004833,Sunglasses,Accessories,Urban,34982.4,18.57,SUP0203,29,True
PROD004834,Dumbbells,Sports,Urban,50243.99,12.45,SUP0244,56,True
PROD004835,Wireless Earbuds,Electronics,Prime,25165.38,16.07,SUP0125,100,True
PROD004836,Face Wash,Beauty,Nova,39785.1,29.29,SUP0172,74,True
PROD004837,Bluetooth Speaker,Electronics,Max,77108.03,4.0,SUP0035,35,True
PROD004838,Air Fryer,Home & Kitchen,Pro,24444.92,13.94,SUP0219,99,True
PROD004839,T-Shirt,Fashion,Max,56610.3,15.69,SUP0143,56,True
PROD004840,Water Bottle,Home & Kitchen,Max,41154.29,8.91,SUP0134,30,True
PROD004841,Dumbbells,Sports,Max,90623.32,4.99,SUP0241,33,True
PROD004842,Rice,Grocery,Value,8157.27,7.36,SUP0105,24,True
PROD004843,Jeans,Fashion,Elite,61106.51,16.05,SUP0319,14,True
PROD004844,Bedsheet,Home & Kitchen,Value,45264.9,27.35,SUP0257,55,True
PROD004845,Football,Sports,Nova,73763.06,23.4,SUP0171,96,True
PROD004846,Dumbbells,Sports,Nova,77076.1,6.05,SUP0192,9,True
PROD004847,Kurta,Fashion,Pro,22535.84,18.12,SUP0277,72,True
PROD004848,Bedsheet,Home & Kitchen,Prime,90806.04,2.98,SUP0423,20,True
PROD004849,Wireless Earbuds,Electronics,Max,78915.02,11.14,SUP0484,67,False
PROD004850,Running Shoes,Sports,Max,82577.63,7.38,SUP0080,30,True
PROD004851,Face Wash,Beauty,Prime,62037.28,16.88,SUP0329,37,True
PROD004852,Yoga Mat,Sports,Pro,88342.2,9.92,SUP0364,68,True
PROD004853,Mixer Grinder,Home & Kitchen,Max,23437.15,6.78,SUP0332,15,True
PROD004854,Bluetooth Speaker,Electronics,Max,43167.98,2.03,SUP0392,90,True
PROD004855,Tea,Grocery,Prime,53058.04,12.24,SUP0166,54,True
PROD004856,Bluetooth Speaker,Electronics,Max,56802.37,26.63,SUP0203,44,True
PROD004857,Moisturizer,Beauty,Max,11921.26,10.51,SUP0451,50,True
PROD004858,Mixer Grinder,Home & Kitchen,Value,63058.5,19.04,SUP0006,18,True
PROD004859,Jeans,Fashion,Pro,17906.21,6.35,SUP0357,33,True
PROD004860,Smartphone,Electronics,Nova,69364.47,3.87,SUP0121,56,True
PROD004861,Rice,Grocery,Pro,35417.18,7.26,SUP0100,73,True
PROD004862,Dumbbells,Sports,Max,67663.7,16.49,SUP0350,29,True
PROD004863,Wallet,Accessories,Elite,11794.35,5.77,SUP0347,42,False
PROD004864,Programming Book,Books,Urban,2120.91,9.61,SUP0319,90,True
PROD004865,Sunglasses,Accessories,Elite,97721.14,0.11,SUP0338,71,True
PROD004866,Smartphone,Electronics,Max,13591.27,13.97,SUP0046,59,True
PROD004867,Dry Fruits,Grocery,Elite,14521.87,13.15,SUP0433,83,True
PROD004868,Laptop,Electronics,Value,10351.33,6.54,SUP0106,55,True
PROD004869,Dumbbells,Sports,Pro,97884.76,8.19,SUP0151,53,True
PROD004870,Bedsheet,Home & Kitchen,Nova,62009.5,9.86,SUP0082,99,True
PROD004871,Face Wash,Beauty,Max,49737.72,2.64,SUP0178,87,True
PROD004872,Smartphone,Electronics,Pro,22792.07,15.86,SUP0303,48,True
PROD004873,Coffee,Grocery,Max,6524.62,28.54,SUP0118,88,True
PROD004874,Rice,Grocery,Pro,9955.39,0.53,SUP0333,20,True
PROD004875,Football,Sports,Prime,62967.43,10.61,SUP0405,95,True
PROD004876,Data Science Book,Books,Nova,41559.37,17.95,SUP0159,82,True
PROD004877,Tea,Grocery,Elite,7324.62,17.17,SUP0226,96,True
PROD004878,Football,Sports,Nova,30575.36,17.74,SUP0298,24,True
PROD004879,Smartphone,Electronics,Elite,92421.57,29.5,SUP0295,20,True
PROD004880,Programming Book,Books,Elite,50831.66,3.77,SUP0348,7,True
PROD004881,Business Book,Books,Nova,42042.86,7.84,SUP0142,33,True
PROD004882,Jacket,Fashion,Urban,91952.84,12.22,SUP0461,17,True
PROD004883,Sunscreen,Beauty,Nova,58790.55,10.47,SUP0341,76,True
PROD004884,Perfume,Beauty,Nova,46381.74,9.43,SUP0072,17,True
PROD004885,Tea,Grocery,Urban,55048.65,25.68,SUP0345,39,True
PROD004886,Rice,Grocery,Elite,16525.1,5.57,SUP0377,8,True
PROD004887,Bluetooth Speaker,Electronics,Max,99511.31,7.58,SUP0299,51,True
PROD004888,Dry Fruits,Grocery,Nova,69110.95,17.28,SUP0234,88,True
PROD004889,Moisturizer,Beauty,Value,27100.68,24.58,SUP0450,62,True
PROD004890,Running Shoes,Sports,Nova,41326.82,1.54,SUP0457,63,True
PROD004891,Shampoo,Beauty,Elite,56046.85,6.99,SUP0075,21,False
PROD004892,Business Book,Books,Nova,99977.37,4.19,SUP0081,52,True
PROD004893,Cookware Set,Home & Kitchen,Pro,29214.44,23.67,SUP0253,68,True
PROD004894,Tablet,Electronics,Prime,2952.0,6.56,SUP0010,9,True
PROD004895,Yoga Mat,Sports,Elite,66367.58,18.71,SUP0051,92,True
PROD004896,Dumbbells,Sports,Pro,82280.56,14.12,SUP0358,58,True
PROD004897,Kurta,Fashion,Elite,2616.97,22.04,SUP0399,95,True
PROD004898,Moisturizer,Beauty,Max,24648.07,26.23,SUP0306,6,True
PROD004899,Belt,Accessories,Urban,41435.97,17.01,SUP0035,80,True
PROD004900,Smartphone,Electronics,Pro,54584.5,19.52,SUP0019,67,True
PROD004901,T-Shirt,Fashion,Pro,93612.58,16.36,SUP0399,40,True
PROD004902,Smart Watch,Electronics,Prime,97317.9,25.33,SUP0390,34,True
PROD004903,Sneakers,Fashion,Elite,63966.61,11.73,SUP0055,80,True
PROD004904,Perfume,Beauty,Urban,10971.97,24.3,SUP0093,17,True
PROD004905,Bedsheet,Home & Kitchen,Elite,40808.7,9.82,SUP0090,54,True
PROD004906,Mixer Grinder,Home & Kitchen,Max,31350.23,3.12,SUP0149,88,True
PROD004907,Yoga Mat,Sports,Prime,43286.68,15.55,SUP0125,85,True
PROD004908,Bluetooth Speaker,Electronics,Elite,93390.78,5.34,SUP0017,30,True
PROD004909,Belt,Accessories,Value,47230.74,20.19,SUP0230,54,True
PROD004910,Sunglasses,Accessories,Value,18402.78,9.29,SUP0098,78,True
PROD004911,Wallet,Accessories,Urban,10720.6,7.95,SUP0266,69,True
PROD004912,Moisturizer,Beauty,Pro,60944.15,17.7,SUP0205,62,True
PROD004913,Storage Box,Home & Kitchen,Elite,60901.65,25.0,SUP0072,80,True
PROD004914,Bluetooth Speaker,Electronics,Pro,34795.44,16.3,SUP0406,10,True
PROD004915,Tablet,Electronics,Value,95554.61,5.26,SUP0166,94,True
PROD004916,Formal Shirt,Fashion,Urban,88546.92,6.61,SUP0341,69,True
PROD004917,Sneakers,Fashion,Prime,50152.26,8.34,SUP0482,12,True
PROD004918,Tea,Grocery,Nova,28616.78,21.43,SUP0228,65,True
PROD004919,Yoga Mat,Sports,Prime,88298.32,12.21,SUP0382,79,True
PROD004920,Face Wash,Beauty,Max,61996.5,2.19,SUP0213,43,True
PROD004921,Water Bottle,Home & Kitchen,Urban,85064.53,19.45,SUP0016,70,False
PROD004922,Dumbbells,Sports,Elite,12062.79,11.72,SUP0279,22,True
PROD004923,Air Fryer,Home & Kitchen,Pro,70706.06,29.66,SUP0111,10,False
PROD004924,Rice,Grocery,Elite,59718.21,15.51,SUP0381,53,True
PROD004925,Wireless Earbuds,Electronics,Max,25539.93,9.97,SUP0265,94,True
PROD004926,Mixer Grinder,Home & Kitchen,Nova,34949.98,22.3,SUP0012,42,True
PROD004927,Running Shoes,Sports,Max,94606.38,13.27,SUP0431,5,True
PROD004928,Phone Case,Accessories,Nova,52090.75,3.01,SUP0344,81,True
PROD004929,Dumbbells,Sports,Elite,17666.51,12.13,SUP0492,15,True
PROD004930,Cricket Bat,Sports,Max,20333.54,11.75,SUP0488,100,True
PROD004931,Data Science Book,Books,Nova,79017.5,28.35,SUP0216,56,True
PROD004932,Coffee,Grocery,Value,61927.16,1.1,SUP0432,13,True
PROD004933,Jeans,Fashion,Nova,33276.37,26.1,SUP0421,16,True
PROD004934,Wallet,Accessories,Urban,79474.18,8.19,SUP0160,32,True
PROD004935,Cookware Set,Home & Kitchen,Max,30650.8,2.0,SUP0226,49,True
PROD004936,Dumbbells,Sports,Value,52873.02,19.32,SUP0433,91,True
PROD004937,Perfume,Beauty,Urban,82175.68,4.18,SUP0364,34,True
PROD004938,Moisturizer,Beauty,Nova,27125.58,5.42,SUP0122,83,True
PROD004939,Jacket,Fashion,Value,44094.59,20.38,SUP0064,75,True
PROD004940,Storage Box,Home & Kitchen,Value,36457.17,14.62,SUP0090,66,True
PROD004941,Jeans,Fashion,Nova,87221.82,11.21,SUP0110,49,True
PROD004942,Sunglasses,Accessories,Max,89408.1,9.69,SUP0390,52,True
PROD004943,Mixer Grinder,Home & Kitchen,Nova,79670.91,22.45,SUP0312,24,True
PROD004944,Tea,Grocery,Urban,87524.91,6.66,SUP0310,29,True
PROD004945,Mixer Grinder,Home & Kitchen,Pro,21912.91,10.02,SUP0362,23,True
PROD004946,Perfume,Beauty,Pro,20545.31,9.65,SUP0143,10,True
PROD004947,Dumbbells,Sports,Prime,81481.73,11.25,SUP0050,90,True
PROD004948,Sunglasses,Accessories,Elite,72450.31,12.15,SUP0076,81,True
PROD004949,Dry Fruits,Grocery,Prime,33238.98,20.67,SUP0001,65,True
PROD004950,Belt,Accessories,Pro,36078.4,11.38,SUP0085,41,True
PROD004951,Phone Case,Accessories,Prime,53197.17,5.96,SUP0185,52,True
PROD004952,Yoga Mat,Sports,Max,56239.23,26.79,SUP0498,69,True
PROD004953,Jeans,Fashion,Urban,73050.2,28.38,SUP0100,78,True
PROD004954,Yoga Mat,Sports,Max,66724.2,18.24,SUP0251,38,True
PROD004955,Cookware Set,Home & Kitchen,Elite,47003.99,18.83,SUP0162,5,True
PROD004956,Perfume,Beauty,Elite,33512.14,2.57,SUP0446,42,True
PROD004957,Air Fryer,Home & Kitchen,Elite,60091.96,23.26,SUP0256,69,True
PROD004958,Sunscreen,Beauty,Nova,55207.79,22.95,SUP0393,99,True
PROD004959,Wireless Earbuds,Electronics,Elite,32276.43,18.69,SUP0230,52,True
PROD004960,T-Shirt,Fashion,Value,76762.81,27.32,SUP0381,73,True
PROD004961,Belt,Accessories,Pro,58609.35,12.29,SUP0034,13,True
PROD004962,Sneakers,Fashion,Max,60658.22,24.93,SUP0061,88,True
PROD004963,Cooking Oil,Grocery,Pro,67412.16,19.8,SUP0176,43,True
PROD004964,Sunscreen,Beauty,Max,42268.08,15.77,SUP0500,68,True
PROD004965,Sunscreen,Beauty,Prime,42136.22,17.21,SUP0393,74,True
PROD004966,Coffee,Grocery,Prime,26139.97,1.56,SUP0117,54,True
PROD004967,Belt,Accessories,Prime,70213.66,24.57,SUP0208,55,True
PROD004968,Tablet,Electronics,Prime,29506.09,25.64,SUP0476,11,True
PROD004969,Laptop,Electronics,Urban,76173.09,5.12,SUP0318,96,True
PROD004970,Wheat Flour,Grocery,Prime,59191.77,5.75,SUP0044,17,True
PROD004971,Football,Sports,Pro,31917.52,29.04,SUP0404,60,True
PROD004972,Jacket,Fashion,Elite,40563.52,25.59,SUP0353,45,False
PROD004973,Bluetooth Speaker,Electronics,Urban,67957.68,13.18,SUP0164,60,True
PROD004974,Formal Shirt,Fashion,Max,73566.01,21.15,SUP0181,63,True
PROD004975,Face Wash,Beauty,Value,52672.14,22.17,SUP0129,21,True
PROD004976,Wireless Earbuds,Electronics,Value,33183.73,1.94,SUP0044,30,True
PROD004977,Face Wash,Beauty,Nova,37204.5,20.75,SUP0410,34,True
PROD004978,Water Bottle,Home & Kitchen,Prime,99284.0,12.03,SUP0330,71,True
PROD004979,T-Shirt,Fashion,Pro,22276.09,18.03,SUP0393,35,True
PROD004980,Wallet,Accessories,Prime,30420.85,9.95,SUP0450,28,True
PROD004981,Jacket,Fashion,Urban,70965.86,20.25,SUP0456,70,True
PROD004982,Dumbbells,Sports,Urban,5567.91,3.16,SUP0091,46,True
PROD004983,Sneakers,Fashion,Max,15770.16,18.46,SUP0489,49,True
PROD004984,Jacket,Fashion,Pro,71078.26,0.17,SUP0135,14,True
PROD004985,Football,Sports,Pro,44839.28,21.94,SUP0219,25,True
PROD004986,Face Wash,Beauty,Prime,46976.69,14.97,SUP0057,53,True
PROD004987,Belt,Accessories,Nova,11636.51,22.78,SUP0371,17,True
PROD004988,Wheat Flour,Grocery,Value,39477.41,14.49,SUP0247,64,True
PROD004989,Kurta,Fashion,Urban,5504.08,8.51,SUP0388,23,True
PROD004990,Smart Watch,Electronics,Urban,39851.86,15.44,SUP0052,92,True
PROD004991,Sneakers,Fashion,Value,46649.4,8.14,SUP0290,75,True
PROD004992,Running Shoes,Sports,Prime,99064.07,2.08,SUP0226,45,True
PROD004993,Yoga Mat,Sports,Elite,94212.59,22.23,SUP0447,66,True
PROD004994,Sunglasses,Accessories,Elite,4711.55,0.64,SUP0069,23,True
PROD004995,Jeans,Fashion,Nova,99165.34,25.5,SUP0231,60,True
PROD004996,Cricket Bat,Sports,Urban,33461.79,6.02,SUP0473,34,True
PROD004997,Smartphone,Electronics,Nova,57907.96,10.81,SUP0211,96,True
PROD004998,Face Wash,Beauty,Urban,48881.52,7.2,SUP0074,95,True
PROD004999,Bluetooth Speaker,Electronics,Pro,99842.06,7.99,SUP0007,31,True
PROD005000,Bluetooth Speaker,Electronics,Elite,11332.61,25.75,SUP0450,59,True
